window_id,has_start,start_idx,start_norm,has_end,end_idx,end_norm
0,1,64,0.2882882882882883,0,-1,-1.0
1,1,44,0.1981981981981982,0,-1,-1.0
2,1,24,0.10810810810810811,0,-1,-1.0
3,1,4,0.018018018018018018,0,-1,-1.0
4,0,-1,-1.0,0,-1,-1.0
5,0,-1,-1.0,1,219,0.9864864864864865
6,0,-1,-1.0,1,199,0.8963963963963963
7,1,212,0.954954954954955,1,179,0.8063063063063063
8,1,192,0.8648648648648649,1,159,0.7162162162162162
9,1,172,0.7747747747747747,1,139,0.6261261261261262
10,1,152,0.6846846846846847,1,119,0.536036036036036
11,1,132,0.5945945945945946,1,99,0.44594594594594594
12,1,112,0.5045045045045045,1,79,0.35585585585585583
13,1,92,0.4144144144144144,1,59,0.26576576576576577
14,1,72,0.32432432432432434,1,39,0.17567567567567569
15,1,52,0.23423423423423423,1,19,0.08558558558558559
16,1,32,0.14414414414414414,1,172,0.7747747747747747
17,1,12,0.05405405405405406,1,152,0.6846846846846847
18,1,165,0.7432432432432432,1,132,0.5945945945945946
19,1,145,0.6531531531531531,1,112,0.5045045045045045
20,1,125,0.5630630630630631,1,92,0.4144144144144144
21,1,105,0.47297297297297297,1,72,0.32432432432432434
22,1,85,0.38288288288288286,1,52,0.23423423423423423
23,1,65,0.2927927927927928,1,32,0.14414414414414414
24,1,45,0.20270270270270271,1,12,0.05405405405405406
25,1,25,0.11261261261261261,1,207,0.9324324324324325
26,1,5,0.02252252252252252,1,187,0.8423423423423423
27,1,200,0.9009009009009009,1,167,0.7522522522522522
28,1,180,0.8108108108108109,1,147,0.6621621621621622
29,1,160,0.7207207207207207,1,127,0.5720720720720721
30,1,140,0.6306306306306306,1,107,0.481981981981982
31,1,120,0.5405405405405406,1,87,0.3918918918918919
32,1,100,0.45045045045045046,1,67,0.30180180180180183
33,1,80,0.36036036036036034,1,47,0.21171171171171171
34,1,60,0.2702702702702703,1,27,0.12162162162162163
35,1,40,0.18018018018018017,1,7,0.03153153153153153
36,1,20,0.09009009009009009,0,-1,-1.0
37,1,0,0.0,0,-1,-1.0
38,1,80,0.36036036036036034,0,-1,-1.0
39,1,60,0.2702702702702703,0,-1,-1.0
40,1,40,0.18018018018018017,0,-1,-1.0
41,1,20,0.09009009009009009,0,-1,-1.0
42,1,0,0.0,0,-1,-1.0
43,0,-1,-1.0,0,-1,-1.0
44,0,-1,-1.0,0,-1,-1.0
45,0,-1,-1.0,0,-1,-1.0
46,0,-1,-1.0,0,-1,-1.0
47,0,-1,-1.0,1,218,0.9819819819819819
48,0,-1,-1.0,1,198,0.8918918918918919
49,1,219,0.9864864864864865,1,178,0.8018018018018018
50,1,199,0.8963963963963963,1,158,0.7117117117117117
51,1,179,0.8063063063063063,1,138,0.6216216216216216
52,1,159,0.7162162162162162,1,118,0.5315315315315315
53,1,139,0.6261261261261262,1,98,0.44144144144144143
54,1,119,0.536036036036036,1,78,0.35135135135135137
55,1,99,0.44594594594594594,1,58,0.26126126126126126
56,1,79,0.35585585585585583,1,38,0.17117117117117117
57,1,59,0.26576576576576577,1,18,0.08108108108108109
58,1,39,0.17567567567567569,0,-1,-1.0
59,1,19,0.08558558558558559,0,-1,-1.0
60,0,-1,-1.0,1,203,0.9144144144144144
61,0,-1,-1.0,1,183,0.8243243243243243
62,1,204,0.918918918918919,1,163,0.7342342342342343
63,1,184,0.8288288288288288,1,143,0.6441441441441441
64,1,164,0.7387387387387387,1,123,0.5540540540540541
65,1,144,0.6486486486486487,1,103,0.46396396396396394
66,1,124,0.5585585585585585,1,83,0.3738738738738739
67,1,104,0.46846846846846846,1,63,0.28378378378378377
68,1,84,0.3783783783783784,1,43,0.19369369369369369
69,1,64,0.2882882882882883,1,23,0.1036036036036036
70,1,44,0.1981981981981982,1,3,0.013513513513513514
71,1,24,0.10810810810810811,1,173,0.7792792792792793
72,1,4,0.018018018018018018,1,153,0.6891891891891891
73,1,174,0.7837837837837838,1,133,0.5990990990990991
74,1,154,0.6936936936936937,1,113,0.509009009009009
75,1,134,0.6036036036036037,1,93,0.4189189189189189
76,1,114,0.5135135135135135,1,73,0.32882882882882886
77,1,94,0.42342342342342343,1,53,0.23873873873873874
78,1,74,0.3333333333333333,1,33,0.14864864864864866
79,1,54,0.24324324324324326,1,13,0.05855855855855856
80,1,34,0.15315315315315314,0,-1,-1.0
81,1,14,0.06306306306306306,0,-1,-1.0
82,0,-1,-1.0,1,218,0.9819819819819819
83,1,26,0.11711711711711711,0,-1,-1.0
84,1,6,0.02702702702702703,0,-1,-1.0
85,0,-1,-1.0,0,-1,-1.0
86,0,-1,-1.0,1,217,0.9774774774774775
87,1,211,0.9504504504504504,1,197,0.8873873873873874
88,1,191,0.8603603603603603,1,177,0.7972972972972973
89,1,171,0.7702702702702703,1,157,0.7072072072072072
90,1,151,0.6801801801801802,1,137,0.6171171171171171
91,1,131,0.5900900900900901,1,117,0.527027027027027
92,1,111,0.5,1,97,0.4369369369369369
93,1,91,0.4099099099099099,1,77,0.34684684684684686
94,1,71,0.31981981981981983,1,57,0.25675675675675674
95,1,51,0.22972972972972974,1,37,0.16666666666666666
96,1,31,0.13963963963963963,1,17,0.07657657657657657
97,1,11,0.04954954954954955,1,220,0.990990990990991
98,1,214,0.963963963963964,1,200,0.9009009009009009
99,1,194,0.8738738738738738,1,180,0.8108108108108109
100,1,174,0.7837837837837838,1,160,0.7207207207207207
101,1,154,0.6936936936936937,1,140,0.6306306306306306
102,1,134,0.6036036036036037,1,120,0.5405405405405406
103,1,114,0.5135135135135135,1,100,0.45045045045045046
104,1,94,0.42342342342342343,1,80,0.36036036036036034
105,1,74,0.3333333333333333,1,60,0.2702702702702703
106,1,54,0.24324324324324326,1,40,0.18018018018018017
107,1,34,0.15315315315315314,1,20,0.09009009009009009
108,1,14,0.06306306306306306,1,0,0.0
109,1,217,0.9774774774774775,1,203,0.9144144144144144
110,1,197,0.8873873873873874,1,183,0.8243243243243243
111,1,177,0.7972972972972973,1,163,0.7342342342342343
112,1,157,0.7072072072072072,1,143,0.6441441441441441
113,1,137,0.6171171171171171,1,123,0.5540540540540541
114,1,117,0.527027027027027,1,103,0.46396396396396394
115,1,97,0.4369369369369369,1,83,0.3738738738738739
116,1,77,0.34684684684684686,1,63,0.28378378378378377
117,1,57,0.25675675675675674,1,43,0.19369369369369369
118,1,37,0.16666666666666666,1,23,0.1036036036036036
119,1,17,0.07657657657657657,1,3,0.013513513513513514
120,1,30,0.13513513513513514,1,217,0.9774774774774775
121,1,10,0.04504504504504504,1,197,0.8873873873873874
122,1,193,0.8693693693693694,1,177,0.7972972972972973
123,1,173,0.7792792792792793,1,157,0.7072072072072072
124,1,153,0.6891891891891891,1,137,0.6171171171171171
125,1,133,0.5990990990990991,1,117,0.527027027027027
126,1,113,0.509009009009009,1,97,0.4369369369369369
127,1,93,0.4189189189189189,1,77,0.34684684684684686
128,1,73,0.32882882882882886,1,57,0.25675675675675674
129,1,53,0.23873873873873874,1,37,0.16666666666666666
130,1,33,0.14864864864864866,1,17,0.07657657657657657
131,1,13,0.05855855855855856,1,172,0.7747747747747747
132,1,168,0.7567567567567568,1,152,0.6846846846846847
133,1,148,0.6666666666666666,1,132,0.5945945945945946
134,1,128,0.5765765765765766,1,112,0.5045045045045045
135,1,108,0.4864864864864865,1,92,0.4144144144144144
136,1,88,0.3963963963963964,1,72,0.32432432432432434
137,1,68,0.3063063063063063,1,52,0.23423423423423423
138,1,48,0.21621621621621623,1,32,0.14414414414414414
139,1,28,0.12612612612612611,1,12,0.05405405405405406
140,1,8,0.036036036036036036,1,215,0.9684684684684685
141,0,-1,-1.0,1,195,0.8783783783783784
142,1,56,0.25225225225225223,0,-1,-1.0
143,1,36,0.16216216216216217,1,215,0.9684684684684685
144,1,16,0.07207207207207207,1,195,0.8783783783783784
145,1,204,0.918918918918919,1,175,0.7882882882882883
146,1,184,0.8288288288288288,1,155,0.6981981981981982
147,1,164,0.7387387387387387,1,135,0.6081081081081081
148,1,144,0.6486486486486487,1,115,0.5180180180180181
149,1,124,0.5585585585585585,1,95,0.42792792792792794
150,1,104,0.46846846846846846,1,75,0.33783783783783783
151,1,84,0.3783783783783784,1,55,0.24774774774774774
152,1,64,0.2882882882882883,1,35,0.15765765765765766
153,1,44,0.1981981981981982,1,15,0.06756756756756757
154,1,24,0.10810810810810811,1,219,0.9864864864864865
155,1,4,0.018018018018018018,1,199,0.8963963963963963
156,1,208,0.9369369369369369,1,179,0.8063063063063063
157,1,188,0.8468468468468469,1,159,0.7162162162162162
158,1,168,0.7567567567567568,1,139,0.6261261261261262
159,1,148,0.6666666666666666,1,119,0.536036036036036
160,1,128,0.5765765765765766,1,99,0.44594594594594594
161,1,108,0.4864864864864865,1,79,0.35585585585585583
162,1,88,0.3963963963963964,1,59,0.26576576576576577
163,1,68,0.3063063063063063,1,39,0.17567567567567569
164,1,48,0.21621621621621623,1,19,0.08558558558558559
165,1,28,0.12612612612612611,0,-1,-1.0
166,1,8,0.036036036036036036,0,-1,-1.0
167,0,-1,-1.0,0,-1,-1.0
168,0,-1,-1.0,1,211,0.9504504504504504
169,1,50,0.22522522522522523,0,-1,-1.0
170,1,30,0.13513513513513514,0,-1,-1.0
171,1,10,0.04504504504504504,0,-1,-1.0
172,0,-1,-1.0,1,216,0.972972972972973
173,1,222,1.0,1,196,0.8828828828828829
174,1,202,0.9099099099099099,1,176,0.7927927927927928
175,1,182,0.8198198198198198,1,156,0.7027027027027027
176,1,162,0.7297297297297297,1,136,0.6126126126126126
177,1,142,0.6396396396396397,1,116,0.5225225225225225
178,1,122,0.5495495495495496,1,96,0.43243243243243246
179,1,102,0.4594594594594595,1,76,0.34234234234234234
180,1,82,0.36936936936936937,1,56,0.25225225225225223
181,1,62,0.27927927927927926,1,36,0.16216216216216217
182,1,42,0.1891891891891892,1,16,0.07207207207207207
183,1,22,0.0990990990990991,0,-1,-1.0
184,1,2,0.009009009009009009,1,206,0.9279279279279279
185,1,212,0.954954954954955,1,186,0.8378378378378378
186,1,192,0.8648648648648649,1,166,0.7477477477477478
187,1,172,0.7747747747747747,1,146,0.6576576576576577
188,1,152,0.6846846846846847,1,126,0.5675675675675675
189,1,132,0.5945945945945946,1,106,0.4774774774774775
190,1,112,0.5045045045045045,1,86,0.38738738738738737
191,1,92,0.4144144144144144,1,66,0.2972972972972973
192,1,72,0.32432432432432434,1,46,0.2072072072072072
193,1,52,0.23423423423423423,1,26,0.11711711711711711
194,1,32,0.14414414414414414,1,6,0.02702702702702703
195,1,12,0.05405405405405406,0,-1,-1.0
196,0,-1,-1.0,0,-1,-1.0
197,0,-1,-1.0,0,-1,-1.0
198,0,-1,-1.0,0,-1,-1.0
199,0,-1,-1.0,1,203,0.9144144144144144
200,0,-1,-1.0,1,183,0.8243243243243243
201,1,58,0.26126126126126126,0,-1,-1.0
202,1,38,0.17117117117117117,0,-1,-1.0
203,1,18,0.08108108108108109,1,207,0.9324324324324325
204,1,217,0.9774774774774775,1,187,0.8423423423423423
205,1,197,0.8873873873873874,1,167,0.7522522522522522
206,1,177,0.7972972972972973,1,147,0.6621621621621622
207,1,157,0.7072072072072072,1,127,0.5720720720720721
208,1,137,0.6171171171171171,1,107,0.481981981981982
209,1,117,0.527027027027027,1,87,0.3918918918918919
210,1,97,0.4369369369369369,1,67,0.30180180180180183
211,1,77,0.34684684684684686,1,47,0.21171171171171171
212,1,57,0.25675675675675674,1,27,0.12162162162162163
213,1,37,0.16666666666666666,1,7,0.03153153153153153
214,1,17,0.07657657657657657,1,197,0.8873873873873874
215,1,207,0.9324324324324325,1,177,0.7972972972972973
216,1,187,0.8423423423423423,1,157,0.7072072072072072
217,1,167,0.7522522522522522,1,137,0.6171171171171171
218,1,147,0.6621621621621622,1,117,0.527027027027027
219,1,127,0.5720720720720721,1,97,0.4369369369369369
220,1,107,0.481981981981982,1,77,0.34684684684684686
221,1,87,0.3918918918918919,1,57,0.25675675675675674
222,1,67,0.30180180180180183,1,37,0.16666666666666666
223,1,47,0.21171171171171171,1,17,0.07657657657657657
224,1,27,0.12162162162162163,1,208,0.9369369369369369
225,1,7,0.03153153153153153,1,188,0.8468468468468469
226,1,198,0.8918918918918919,1,168,0.7567567567567568
227,1,178,0.8018018018018018,1,148,0.6666666666666666
228,1,158,0.7117117117117117,1,128,0.5765765765765766
229,1,138,0.6216216216216216,1,108,0.4864864864864865
230,1,118,0.5315315315315315,1,88,0.3963963963963964
231,1,98,0.44144144144144143,1,68,0.3063063063063063
232,1,78,0.35135135135135137,1,48,0.21621621621621623
233,1,58,0.26126126126126126,1,28,0.12612612612612611
234,1,38,0.17117117117117117,1,8,0.036036036036036036
235,1,18,0.08108108108108109,1,209,0.9414414414414415
236,1,82,0.36936936936936937,0,-1,-1.0
237,1,62,0.27927927927927926,0,-1,-1.0
238,1,42,0.1891891891891892,0,-1,-1.0
239,1,22,0.0990990990990991,1,210,0.9459459459459459
240,1,2,0.009009009009009009,1,190,0.8558558558558559
241,1,212,0.954954954954955,1,170,0.7657657657657657
242,1,192,0.8648648648648649,1,150,0.6756756756756757
243,1,172,0.7747747747747747,1,130,0.5855855855855856
244,1,152,0.6846846846846847,1,110,0.4954954954954955
245,1,132,0.5945945945945946,1,90,0.40540540540540543
246,1,112,0.5045045045045045,1,70,0.3153153153153153
247,1,92,0.4144144144144144,1,50,0.22522522522522523
248,1,72,0.32432432432432434,1,30,0.13513513513513514
249,1,52,0.23423423423423423,1,10,0.04504504504504504
250,1,32,0.14414414414414414,1,210,0.9459459459459459
251,1,12,0.05405405405405406,1,190,0.8558558558558559
252,1,212,0.954954954954955,1,170,0.7657657657657657
253,1,192,0.8648648648648649,1,150,0.6756756756756757
254,1,172,0.7747747747747747,1,130,0.5855855855855856
255,1,152,0.6846846846846847,1,110,0.4954954954954955
256,1,132,0.5945945945945946,1,90,0.40540540540540543
257,1,112,0.5045045045045045,1,70,0.3153153153153153
258,1,92,0.4144144144144144,1,50,0.22522522522522523
259,1,72,0.32432432432432434,1,30,0.13513513513513514
260,1,52,0.23423423423423423,1,10,0.04504504504504504
261,1,32,0.14414414414414414,0,-1,-1.0
262,1,12,0.05405405405405406,1,213,0.9594594594594594
263,0,-1,-1.0,1,193,0.8693693693693694
264,1,215,0.9684684684684685,1,173,0.7792792792792793
265,1,195,0.8783783783783784,1,153,0.6891891891891891
266,1,175,0.7882882882882883,1,133,0.5990990990990991
267,1,155,0.6981981981981982,1,113,0.509009009009009
268,1,135,0.6081081081081081,1,93,0.4189189189189189
269,1,115,0.5180180180180181,1,73,0.32882882882882886
270,1,95,0.42792792792792794,1,53,0.23873873873873874
271,1,75,0.33783783783783783,1,33,0.14864864864864866
272,1,55,0.24774774774774774,1,13,0.05855855855855856
273,1,35,0.15765765765765766,1,222,1.0
274,1,15,0.06756756756756757,1,202,0.9099099099099099
275,1,30,0.13513513513513514,0,-1,-1.0
276,1,10,0.04504504504504504,0,-1,-1.0
277,0,-1,-1.0,0,-1,-1.0
278,0,-1,-1.0,0,-1,-1.0
279,0,-1,-1.0,1,220,0.990990990990991
280,1,216,0.972972972972973,1,200,0.9009009009009009
281,1,196,0.8828828828828829,1,180,0.8108108108108109
282,1,176,0.7927927927927928,1,160,0.7207207207207207
283,1,156,0.7027027027027027,1,140,0.6306306306306306
284,1,136,0.6126126126126126,1,120,0.5405405405405406
285,1,116,0.5225225225225225,1,100,0.45045045045045046
286,1,96,0.43243243243243246,1,80,0.36036036036036034
287,1,76,0.34234234234234234,1,60,0.2702702702702703
288,1,56,0.25225225225225223,1,40,0.18018018018018017
289,1,36,0.16216216216216217,1,20,0.09009009009009009
290,1,16,0.07207207207207207,1,0,0.0
291,0,-1,-1.0,0,-1,-1.0
292,0,-1,-1.0,1,220,0.990990990990991
293,1,216,0.972972972972973,1,200,0.9009009009009009
294,1,196,0.8828828828828829,1,180,0.8108108108108109
295,1,176,0.7927927927927928,1,160,0.7207207207207207
296,1,156,0.7027027027027027,1,140,0.6306306306306306
297,1,136,0.6126126126126126,1,120,0.5405405405405406
298,1,116,0.5225225225225225,1,100,0.45045045045045046
299,1,96,0.43243243243243246,1,80,0.36036036036036034
300,1,76,0.34234234234234234,1,60,0.2702702702702703
301,1,56,0.25225225225225223,1,40,0.18018018018018017
302,1,36,0.16216216216216217,1,20,0.09009009009009009
303,1,16,0.07207207207207207,1,0,0.0
304,1,171,0.7702702702702703,1,155,0.6981981981981982
305,1,151,0.6801801801801802,1,135,0.6081081081081081
306,1,131,0.5900900900900901,1,115,0.5180180180180181
307,1,111,0.5,1,95,0.42792792792792794
308,1,91,0.4099099099099099,1,75,0.33783783783783783
309,1,71,0.31981981981981983,1,55,0.24774774774774774
310,1,51,0.22972972972972974,1,35,0.15765765765765766
311,1,31,0.13963963963963963,1,15,0.06756756756756757
312,1,11,0.04954954954954955,0,-1,-1.0
313,0,-1,-1.0,1,214,0.963963963963964
314,1,72,0.32432432432432434,0,-1,-1.0
315,1,52,0.23423423423423423,0,-1,-1.0
316,1,32,0.14414414414414414,0,-1,-1.0
317,1,12,0.05405405405405406,0,-1,-1.0
318,0,-1,-1.0,0,-1,-1.0
319,0,-1,-1.0,0,-1,-1.0
320,0,-1,-1.0,1,222,1.0
321,0,-1,-1.0,1,202,0.9099099099099099
322,1,219,0.9864864864864865,1,182,0.8198198198198198
323,1,199,0.8963963963963963,1,162,0.7297297297297297
324,1,179,0.8063063063063063,1,142,0.6396396396396397
325,1,159,0.7162162162162162,1,122,0.5495495495495496
326,1,139,0.6261261261261262,1,102,0.4594594594594595
327,1,119,0.536036036036036,1,82,0.36936936936936937
328,1,99,0.44594594594594594,1,62,0.27927927927927926
329,1,79,0.35585585585585583,1,42,0.1891891891891892
330,1,59,0.26576576576576577,1,22,0.0990990990990991
331,1,39,0.17567567567567569,1,2,0.009009009009009009
332,1,19,0.08558558558558559,1,200,0.9009009009009009
333,1,217,0.9774774774774775,1,180,0.8108108108108109
334,1,197,0.8873873873873874,1,160,0.7207207207207207
335,1,177,0.7972972972972973,1,140,0.6306306306306306
336,1,157,0.7072072072072072,1,120,0.5405405405405406
337,1,137,0.6171171171171171,1,100,0.45045045045045046
338,1,117,0.527027027027027,1,80,0.36036036036036034
339,1,97,0.4369369369369369,1,60,0.2702702702702703
340,1,77,0.34684684684684686,1,40,0.18018018018018017
341,1,57,0.25675675675675674,1,20,0.09009009009009009
342,1,37,0.16666666666666666,1,0,0.0
343,1,17,0.07657657657657657,0,-1,-1.0
344,0,-1,-1.0,1,206,0.9279279279279279
345,1,78,0.35135135135135137,0,-1,-1.0
346,1,58,0.26126126126126126,1,207,0.9324324324324325
347,1,38,0.17117117117117117,1,187,0.8423423423423423
348,1,18,0.08108108108108109,1,167,0.7522522522522522
349,1,187,0.8423423423423423,1,147,0.6621621621621622
350,1,167,0.7522522522522522,1,127,0.5720720720720721
351,1,147,0.6621621621621622,1,107,0.481981981981982
352,1,127,0.5720720720720721,1,87,0.3918918918918919
353,1,107,0.481981981981982,1,67,0.30180180180180183
354,1,87,0.3918918918918919,1,47,0.21171171171171171
355,1,67,0.30180180180180183,1,27,0.12162162162162163
356,1,47,0.21171171171171171,1,7,0.03153153153153153
357,1,27,0.12162162162162163,0,-1,-1.0
358,1,7,0.03153153153153153,0,-1,-1.0
359,0,-1,-1.0,0,-1,-1.0
360,0,-1,-1.0,0,-1,-1.0
361,0,-1,-1.0,0,-1,-1.0
362,0,-1,-1.0,0,-1,-1.0
363,0,-1,-1.0,0,-1,-1.0
364,0,-1,-1.0,1,206,0.9279279279279279
365,0,-1,-1.0,1,186,0.8378378378378378
366,1,206,0.9279279279279279,1,166,0.7477477477477478
367,1,186,0.8378378378378378,1,146,0.6576576576576577
368,1,166,0.7477477477477478,1,126,0.5675675675675675
369,1,146,0.6576576576576577,1,106,0.4774774774774775
370,1,126,0.5675675675675675,1,86,0.38738738738738737
371,1,106,0.4774774774774775,1,66,0.2972972972972973
372,1,86,0.38738738738738737,1,46,0.2072072072072072
373,1,66,0.2972972972972973,1,26,0.11711711711711711
374,1,46,0.2072072072072072,1,6,0.02702702702702703
375,1,26,0.11711711711711711,1,215,0.9684684684684685
376,1,6,0.02702702702702703,1,195,0.8783783783783784
377,1,28,0.12612612612612611,1,183,0.8243243243243243
378,1,8,0.036036036036036036,1,163,0.7342342342342343
379,1,158,0.7117117117117117,1,143,0.6441441441441441
380,1,138,0.6216216216216216,1,123,0.5540540540540541
381,1,118,0.5315315315315315,1,103,0.46396396396396394
382,1,98,0.44144144144144143,1,83,0.3738738738738739
383,1,78,0.35135135135135137,1,63,0.28378378378378377
384,1,58,0.26126126126126126,1,43,0.19369369369369369
385,1,38,0.17117117117117117,1,23,0.1036036036036036
386,1,18,0.08108108108108109,1,3,0.013513513513513514
387,0,-1,-1.0,0,-1,-1.0
388,0,-1,-1.0,0,-1,-1.0
389,0,-1,-1.0,1,222,1.0
390,1,217,0.9774774774774775,1,202,0.9099099099099099
391,1,197,0.8873873873873874,1,182,0.8198198198198198
392,1,177,0.7972972972972973,1,162,0.7297297297297297
393,1,157,0.7072072072072072,1,142,0.6396396396396397
394,1,137,0.6171171171171171,1,122,0.5495495495495496
395,1,117,0.527027027027027,1,102,0.4594594594594595
396,1,97,0.4369369369369369,1,82,0.36936936936936937
397,1,77,0.34684684684684686,1,62,0.27927927927927926
398,1,57,0.25675675675675674,1,42,0.1891891891891892
399,1,37,0.16666666666666666,1,22,0.0990990990990991
400,1,17,0.07657657657657657,1,2,0.009009009009009009
401,0,-1,-1.0,0,-1,-1.0
402,0,-1,-1.0,1,222,1.0
403,1,217,0.9774774774774775,1,202,0.9099099099099099
404,1,197,0.8873873873873874,1,182,0.8198198198198198
405,1,177,0.7972972972972973,1,162,0.7297297297297297
406,1,157,0.7072072072072072,1,142,0.6396396396396397
407,1,137,0.6171171171171171,1,122,0.5495495495495496
408,1,117,0.527027027027027,1,102,0.4594594594594595
409,1,97,0.4369369369369369,1,82,0.36936936936936937
410,1,77,0.34684684684684686,1,62,0.27927927927927926
411,1,57,0.25675675675675674,1,42,0.1891891891891892
412,1,37,0.16666666666666666,1,22,0.0990990990990991
413,1,17,0.07657657657657657,1,2,0.009009009009009009
414,0,-1,-1.0,1,219,0.9864864864864865
415,0,-1,-1.0,1,199,0.8963963963963963
416,1,42,0.1891891891891892,0,-1,-1.0
417,1,22,0.0990990990990991,0,-1,-1.0
418,1,2,0.009009009009009009,0,-1,-1.0
419,0,-1,-1.0,0,-1,-1.0
420,0,-1,-1.0,1,205,0.9234234234234234
421,1,207,0.9324324324324325,1,185,0.8333333333333334
422,1,187,0.8423423423423423,1,165,0.7432432432432432
423,1,167,0.7522522522522522,1,145,0.6531531531531531
424,1,147,0.6621621621621622,1,125,0.5630630630630631
425,1,127,0.5720720720720721,1,105,0.47297297297297297
426,1,107,0.481981981981982,1,85,0.38288288288288286
427,1,87,0.3918918918918919,1,65,0.2927927927927928
428,1,67,0.30180180180180183,1,45,0.20270270270270271
429,1,47,0.21171171171171171,1,25,0.11261261261261261
430,1,27,0.12162162162162163,1,5,0.02252252252252252
431,1,7,0.03153153153153153,0,-1,-1.0
432,0,-1,-1.0,0,-1,-1.0
433,0,-1,-1.0,0,-1,-1.0
434,0,-1,-1.0,0,-1,-1.0
435,0,-1,-1.0,1,211,0.9504504504504504
436,1,213,0.9594594594594594,1,191,0.8603603603603603
437,1,193,0.8693693693693694,1,171,0.7702702702702703
438,1,173,0.7792792792792793,1,151,0.6801801801801802
439,1,153,0.6891891891891891,1,131,0.5900900900900901
440,1,133,0.5990990990990991,1,111,0.5
441,1,113,0.509009009009009,1,91,0.4099099099099099
442,1,93,0.4189189189189189,1,71,0.31981981981981983
443,1,73,0.32882882882882886,1,51,0.22972972972972974
444,1,53,0.23873873873873874,1,31,0.13963963963963963
445,1,33,0.14864864864864866,1,11,0.04954954954954955
446,1,13,0.05855855855855856,0,-1,-1.0
447,0,-1,-1.0,0,-1,-1.0
448,0,-1,-1.0,1,204,0.918918918918919
449,1,80,0.36036036036036034,0,-1,-1.0
450,1,60,0.2702702702702703,1,211,0.9504504504504504
451,1,40,0.18018018018018017,1,191,0.8603603603603603
452,1,20,0.09009009009009009,1,171,0.7702702702702703
453,1,0,0.0,1,151,0.6801801801801802
454,1,172,0.7747747747747747,1,131,0.5900900900900901
455,1,152,0.6846846846846847,1,111,0.5
456,1,132,0.5945945945945946,1,91,0.4099099099099099
457,1,112,0.5045045045045045,1,71,0.31981981981981983
458,1,92,0.4144144144144144,1,51,0.22972972972972974
459,1,72,0.32432432432432434,1,31,0.13963963963963963
460,1,52,0.23423423423423423,1,11,0.04954954954954955
461,1,32,0.14414414414414414,0,-1,-1.0
462,1,12,0.05405405405405406,0,-1,-1.0
463,0,-1,-1.0,0,-1,-1.0
464,0,-1,-1.0,1,203,0.9144144144144144
465,0,-1,-1.0,1,183,0.8243243243243243
466,1,204,0.918918918918919,1,163,0.7342342342342343
467,1,184,0.8288288288288288,1,143,0.6441441441441441
468,1,164,0.7387387387387387,1,123,0.5540540540540541
469,1,144,0.6486486486486487,1,103,0.46396396396396394
470,1,124,0.5585585585585585,1,83,0.3738738738738739
471,1,104,0.46846846846846846,1,63,0.28378378378378377
472,1,84,0.3783783783783784,1,43,0.19369369369369369
473,1,64,0.2882882882882883,1,23,0.1036036036036036
474,1,44,0.1981981981981982,1,3,0.013513513513513514
475,1,24,0.10810810810810811,1,220,0.990990990990991
476,1,4,0.018018018018018018,1,200,0.9009009009009009
477,1,26,0.11711711711711711,0,-1,-1.0
478,1,6,0.02702702702702703,0,-1,-1.0
479,0,-1,-1.0,0,-1,-1.0
480,0,-1,-1.0,0,-1,-1.0
481,0,-1,-1.0,0,-1,-1.0
482,0,-1,-1.0,1,210,0.9459459459459459
483,1,204,0.918918918918919,1,190,0.8558558558558559
484,1,184,0.8288288288288288,1,170,0.7657657657657657
485,1,164,0.7387387387387387,1,150,0.6756756756756757
486,1,144,0.6486486486486487,1,130,0.5855855855855856
487,1,124,0.5585585585585585,1,110,0.4954954954954955
488,1,104,0.46846846846846846,1,90,0.40540540540540543
489,1,84,0.3783783783783784,1,70,0.3153153153153153
490,1,64,0.2882882882882883,1,50,0.22522522522522523
491,1,44,0.1981981981981982,1,30,0.13513513513513514
492,1,24,0.10810810810810811,1,10,0.04504504504504504
493,1,4,0.018018018018018018,0,-1,-1.0
494,0,-1,-1.0,0,-1,-1.0
495,0,-1,-1.0,0,-1,-1.0
496,0,-1,-1.0,0,-1,-1.0
497,0,-1,-1.0,1,219,0.9864864864864865
498,1,213,0.9594594594594594,1,199,0.8963963963963963
499,1,193,0.8693693693693694,1,179,0.8063063063063063
500,1,173,0.7792792792792793,1,159,0.7162162162162162
501,1,153,0.6891891891891891,1,139,0.6261261261261262
502,1,133,0.5990990990990991,1,119,0.536036036036036
503,1,113,0.509009009009009,1,99,0.44594594594594594
504,1,93,0.4189189189189189,1,79,0.35585585585585583
505,1,73,0.32882882882882886,1,59,0.26576576576576577
506,1,53,0.23873873873873874,1,39,0.17567567567567569
507,1,33,0.14864864864864866,1,19,0.08558558558558559
508,1,13,0.05855855855855856,1,162,0.7297297297297297
509,1,156,0.7027027027027027,1,142,0.6396396396396397
510,1,136,0.6126126126126126,1,122,0.5495495495495496
511,1,116,0.5225225225225225,1,102,0.4594594594594595
512,1,96,0.43243243243243246,1,82,0.36936936936936937
513,1,76,0.34234234234234234,1,62,0.27927927927927926
514,1,56,0.25225225225225223,1,42,0.1891891891891892
515,1,36,0.16216216216216217,1,22,0.0990990990990991
516,1,80,0.36036036036036034,0,-1,-1.0
517,1,60,0.2702702702702703,0,-1,-1.0
518,1,40,0.18018018018018017,0,-1,-1.0
519,1,20,0.09009009009009009,0,-1,-1.0
520,1,0,0.0,1,209,0.9414414414414415
521,0,-1,-1.0,1,189,0.8513513513513513
522,1,210,0.9459459459459459,1,169,0.7612612612612613
523,1,190,0.8558558558558559,1,149,0.6711711711711712
524,1,170,0.7657657657657657,1,129,0.581081081081081
525,1,150,0.6756756756756757,1,109,0.49099099099099097
526,1,130,0.5855855855855856,1,89,0.4009009009009009
527,1,110,0.4954954954954955,1,69,0.3108108108108108
528,1,90,0.40540540540540543,1,49,0.22072072072072071
529,1,70,0.3153153153153153,1,29,0.13063063063063063
530,1,50,0.22522522522522523,1,9,0.04054054054054054
531,1,30,0.13513513513513514,0,-1,-1.0
532,1,10,0.04504504504504504,0,-1,-1.0
533,0,-1,-1.0,0,-1,-1.0
534,0,-1,-1.0,1,208,0.9369369369369369
535,0,-1,-1.0,1,188,0.8468468468468469
536,1,209,0.9414414414414415,1,168,0.7567567567567568
537,1,189,0.8513513513513513,1,148,0.6666666666666666
538,1,169,0.7612612612612613,1,128,0.5765765765765766
539,1,149,0.6711711711711712,1,108,0.4864864864864865
540,1,129,0.581081081081081,1,88,0.3963963963963964
541,1,109,0.49099099099099097,1,68,0.3063063063063063
542,1,89,0.4009009009009009,1,48,0.21621621621621623
543,1,69,0.3108108108108108,1,28,0.12612612612612611
544,1,49,0.22072072072072071,1,8,0.036036036036036036
545,1,29,0.13063063063063063,1,219,0.9864864864864865
546,1,9,0.04054054054054054,1,199,0.8963963963963963
547,1,220,0.990990990990991,1,179,0.8063063063063063
548,1,200,0.9009009009009009,1,159,0.7162162162162162
549,1,180,0.8108108108108109,1,139,0.6261261261261262
550,1,160,0.7207207207207207,1,119,0.536036036036036
551,1,140,0.6306306306306306,1,99,0.44594594594594594
552,1,120,0.5405405405405406,1,79,0.35585585585585583
553,1,100,0.45045045045045046,1,59,0.26576576576576577
554,1,80,0.36036036036036034,1,39,0.17567567567567569
555,1,22,0.0990990990990991,1,168,0.7567567567567568
556,1,2,0.009009009009009009,1,148,0.6666666666666666
557,1,140,0.6306306306306306,1,128,0.5765765765765766
558,1,120,0.5405405405405406,1,108,0.4864864864864865
559,1,100,0.45045045045045046,1,88,0.3963963963963964
560,1,80,0.36036036036036034,1,68,0.3063063063063063
561,1,60,0.2702702702702703,1,48,0.21621621621621623
562,1,40,0.18018018018018017,1,28,0.12612612612612611
563,1,20,0.09009009009009009,1,8,0.036036036036036036
564,1,0,0.0,0,-1,-1.0
565,0,-1,-1.0,0,-1,-1.0
566,0,-1,-1.0,0,-1,-1.0
567,1,217,0.9774774774774775,1,205,0.9234234234234234
568,1,197,0.8873873873873874,1,185,0.8333333333333334
569,1,177,0.7972972972972973,1,165,0.7432432432432432
570,1,157,0.7072072072072072,1,145,0.6531531531531531
571,1,137,0.6171171171171171,1,125,0.5630630630630631
572,1,117,0.527027027027027,1,105,0.47297297297297297
573,1,97,0.4369369369369369,1,85,0.38288288288288286
574,1,77,0.34684684684684686,1,65,0.2927927927927928
575,1,57,0.25675675675675674,1,45,0.20270270270270271
576,1,37,0.16666666666666666,1,25,0.11261261261261261
577,1,17,0.07657657657657657,1,5,0.02252252252252252
578,0,-1,-1.0,0,-1,-1.0
579,0,-1,-1.0,0,-1,-1.0
580,0,-1,-1.0,1,213,0.9594594594594594
581,1,205,0.9234234234234234,1,193,0.8693693693693694
582,1,185,0.8333333333333334,1,173,0.7792792792792793
583,1,165,0.7432432432432432,1,153,0.6891891891891891
584,1,145,0.6531531531531531,1,133,0.5990990990990991
585,1,125,0.5630630630630631,1,113,0.509009009009009
586,1,105,0.47297297297297297,1,93,0.4189189189189189
587,1,85,0.38288288288288286,1,73,0.32882882882882886
588,1,65,0.2927927927927928,1,53,0.23873873873873874
589,1,45,0.20270270270270271,1,33,0.14864864864864866
590,1,25,0.11261261261261261,1,13,0.05855855855855856
591,1,5,0.02252252252252252,0,-1,-1.0
592,0,-1,-1.0,1,211,0.9504504504504504
593,0,-1,-1.0,1,191,0.8603603603603603
594,1,22,0.0990990990990991,0,-1,-1.0
595,1,2,0.009009009009009009,0,-1,-1.0
596,0,-1,-1.0,1,211,0.9504504504504504
597,1,203,0.9144144144144144,1,191,0.8603603603603603
598,1,183,0.8243243243243243,1,171,0.7702702702702703
599,1,163,0.7342342342342343,1,151,0.6801801801801802
600,1,143,0.6441441441441441,1,131,0.5900900900900901
601,1,123,0.5540540540540541,1,111,0.5
602,1,103,0.46396396396396394,1,91,0.4099099099099099
603,1,83,0.3738738738738739,1,71,0.31981981981981983
604,1,63,0.28378378378378377,1,51,0.22972972972972974
605,1,43,0.19369369369369369,1,31,0.13963963963963963
606,1,23,0.1036036036036036,1,11,0.04954954954954955
607,1,3,0.013513513513513514,1,152,0.6846846846846847
608,1,144,0.6486486486486487,1,132,0.5945945945945946
609,1,124,0.5585585585585585,1,112,0.5045045045045045
610,1,104,0.46846846846846846,1,92,0.4144144144144144
611,1,84,0.3783783783783784,1,72,0.32432432432432434
612,1,64,0.2882882882882883,1,52,0.23423423423423423
613,1,44,0.1981981981981982,1,32,0.14414414414414414
614,1,24,0.10810810810810811,1,12,0.05405405405405406
615,1,4,0.018018018018018018,1,203,0.9144144144144144
616,1,195,0.8783783783783784,1,183,0.8243243243243243
617,1,175,0.7882882882882883,1,163,0.7342342342342343
618,1,155,0.6981981981981982,1,143,0.6441441441441441
619,1,135,0.6081081081081081,1,123,0.5540540540540541
620,1,115,0.5180180180180181,1,103,0.46396396396396394
621,1,95,0.42792792792792794,1,83,0.3738738738738739
622,1,75,0.33783783783783783,1,63,0.28378378378378377
623,1,55,0.24774774774774774,1,43,0.19369369369369369
624,1,35,0.15765765765765766,1,23,0.1036036036036036
625,1,15,0.06756756756756757,1,3,0.013513513513513514
626,0,-1,-1.0,0,-1,-1.0
627,0,-1,-1.0,0,-1,-1.0
628,1,76,0.34234234234234234,0,-1,-1.0
629,1,56,0.25225225225225223,0,-1,-1.0
630,1,36,0.16216216216216217,1,218,0.9819819819819819
631,1,16,0.07207207207207207,1,198,0.8918918918918919
632,1,217,0.9774774774774775,1,178,0.8018018018018018
633,1,197,0.8873873873873874,1,158,0.7117117117117117
634,1,177,0.7972972972972973,1,138,0.6216216216216216
635,1,157,0.7072072072072072,1,118,0.5315315315315315
636,1,137,0.6171171171171171,1,98,0.44144144144144143
637,1,117,0.527027027027027,1,78,0.35135135135135137
638,1,97,0.4369369369369369,1,58,0.26126126126126126
639,1,77,0.34684684684684686,1,38,0.17117117117117117
640,1,57,0.25675675675675674,1,18,0.08108108108108109
641,1,37,0.16666666666666666,1,218,0.9819819819819819
642,1,17,0.07657657657657657,1,198,0.8918918918918919
643,1,217,0.9774774774774775,1,178,0.8018018018018018
644,1,197,0.8873873873873874,1,158,0.7117117117117117
645,1,177,0.7972972972972973,1,138,0.6216216216216216
646,1,157,0.7072072072072072,1,118,0.5315315315315315
647,1,137,0.6171171171171171,1,98,0.44144144144144143
648,1,117,0.527027027027027,1,78,0.35135135135135137
649,1,97,0.4369369369369369,1,58,0.26126126126126126
650,1,77,0.34684684684684686,1,38,0.17117117117117117
651,1,57,0.25675675675675674,1,18,0.08108108108108109
652,1,37,0.16666666666666666,0,-1,-1.0
653,1,17,0.07657657657657657,0,-1,-1.0
654,0,-1,-1.0,0,-1,-1.0
655,0,-1,-1.0,0,-1,-1.0
656,0,-1,-1.0,0,-1,-1.0
657,0,-1,-1.0,1,210,0.9459459459459459
658,0,-1,-1.0,1,190,0.8558558558558559
659,1,209,0.9414414414414415,1,170,0.7657657657657657
660,1,189,0.8513513513513513,1,150,0.6756756756756757
661,1,169,0.7612612612612613,1,130,0.5855855855855856
662,1,149,0.6711711711711712,1,110,0.4954954954954955
663,1,129,0.581081081081081,1,90,0.40540540540540543
664,1,109,0.49099099099099097,1,70,0.3153153153153153
665,1,89,0.4009009009009009,1,50,0.22522522522522523
666,1,69,0.3108108108108108,1,30,0.13513513513513514
667,1,49,0.22072072072072071,1,10,0.04504504504504504
668,1,29,0.13063063063063063,0,-1,-1.0
669,1,9,0.04054054054054054,0,-1,-1.0
670,0,-1,-1.0,0,-1,-1.0
671,0,-1,-1.0,0,-1,-1.0
672,0,-1,-1.0,1,213,0.9594594594594594
673,1,78,0.35135135135135137,0,-1,-1.0
674,1,58,0.26126126126126126,0,-1,-1.0
675,1,38,0.17117117117117117,0,-1,-1.0
676,1,18,0.08108108108108109,0,-1,-1.0
677,0,-1,-1.0,0,-1,-1.0
678,0,-1,-1.0,0,-1,-1.0
679,0,-1,-1.0,1,222,1.0
680,0,-1,-1.0,1,202,0.9099099099099099
681,1,222,1.0,1,182,0.8198198198198198
682,1,202,0.9099099099099099,1,162,0.7297297297297297
683,1,182,0.8198198198198198,1,142,0.6396396396396397
684,1,162,0.7297297297297297,1,122,0.5495495495495496
685,1,142,0.6396396396396397,1,102,0.4594594594594595
686,1,122,0.5495495495495496,1,82,0.36936936936936937
687,1,102,0.4594594594594595,1,62,0.27927927927927926
688,1,82,0.36936936936936937,1,42,0.1891891891891892
689,1,62,0.27927927927927926,1,22,0.0990990990990991
690,1,42,0.1891891891891892,1,2,0.009009009009009009
691,1,22,0.0990990990990991,1,192,0.8648648648648649
692,1,2,0.009009009009009009,1,172,0.7747747747747747
693,1,192,0.8648648648648649,1,152,0.6846846846846847
694,1,172,0.7747747747747747,1,132,0.5945945945945946
695,1,152,0.6846846846846847,1,112,0.5045045045045045
696,1,132,0.5945945945945946,1,92,0.4144144144144144
697,1,112,0.5045045045045045,1,72,0.32432432432432434
698,1,92,0.4144144144144144,1,52,0.23423423423423423
699,1,72,0.32432432432432434,1,32,0.14414414414414414
700,1,52,0.23423423423423423,1,12,0.05405405405405406
701,1,32,0.14414414414414414,0,-1,-1.0
702,1,26,0.11711711711711711,0,-1,-1.0
703,1,6,0.02702702702702703,0,-1,-1.0
704,0,-1,-1.0,0,-1,-1.0
705,0,-1,-1.0,1,216,0.972972972972973
706,1,210,0.9459459459459459,1,196,0.8828828828828829
707,1,190,0.8558558558558559,1,176,0.7927927927927928
708,1,170,0.7657657657657657,1,156,0.7027027027027027
709,1,150,0.6756756756756757,1,136,0.6126126126126126
710,1,130,0.5855855855855856,1,116,0.5225225225225225
711,1,110,0.4954954954954955,1,96,0.43243243243243246
712,1,90,0.40540540540540543,1,76,0.34234234234234234
713,1,70,0.3153153153153153,1,56,0.25225225225225223
714,1,50,0.22522522522522523,1,36,0.16216216216216217
715,1,30,0.13513513513513514,1,16,0.07207207207207207
716,1,10,0.04504504504504504,0,-1,-1.0
717,0,-1,-1.0,0,-1,-1.0
718,1,217,0.9774774774774775,1,203,0.9144144144144144
719,1,197,0.8873873873873874,1,183,0.8243243243243243
720,1,177,0.7972972972972973,1,163,0.7342342342342343
721,1,157,0.7072072072072072,1,143,0.6441441441441441
722,1,137,0.6171171171171171,1,123,0.5540540540540541
723,1,117,0.527027027027027,1,103,0.46396396396396394
724,1,97,0.4369369369369369,1,83,0.3738738738738739
725,1,77,0.34684684684684686,1,63,0.28378378378378377
726,1,57,0.25675675675675674,1,43,0.19369369369369369
727,1,37,0.16666666666666666,1,23,0.1036036036036036
728,1,17,0.07657657657657657,1,3,0.013513513513513514
729,0,-1,-1.0,0,-1,-1.0
730,0,-1,-1.0,0,-1,-1.0
731,0,-1,-1.0,0,-1,-1.0
732,1,20,0.09009009009009009,1,181,0.8153153153153153
733,1,0,0.0,1,161,0.7252252252252253
734,1,152,0.6846846846846847,1,141,0.6351351351351351
735,1,132,0.5945945945945946,1,121,0.545045045045045
736,1,112,0.5045045045045045,1,101,0.45495495495495497
737,1,92,0.4144144144144144,1,81,0.36486486486486486
738,1,72,0.32432432432432434,1,61,0.2747747747747748
739,1,52,0.23423423423423423,1,41,0.18468468468468469
740,1,32,0.14414414414414414,1,21,0.0945945945945946
741,1,12,0.05405405405405406,1,1,0.0045045045045045045
742,0,-1,-1.0,0,-1,-1.0
743,0,-1,-1.0,0,-1,-1.0
744,0,-1,-1.0,0,-1,-1.0
745,0,-1,-1.0,1,213,0.9594594594594594
746,1,204,0.918918918918919,1,193,0.8693693693693694
747,1,184,0.8288288288288288,1,173,0.7792792792792793
748,1,164,0.7387387387387387,1,153,0.6891891891891891
749,1,144,0.6486486486486487,1,133,0.5990990990990991
750,1,124,0.5585585585585585,1,113,0.509009009009009
751,1,104,0.46846846846846846,1,93,0.4189189189189189
752,1,84,0.3783783783783784,1,73,0.32882882882882886
753,1,64,0.2882882882882883,1,53,0.23873873873873874
754,1,44,0.1981981981981982,1,33,0.14864864864864866
755,1,24,0.10810810810810811,1,13,0.05855855855855856
756,1,4,0.018018018018018018,0,-1,-1.0
757,0,-1,-1.0,0,-1,-1.0
758,0,-1,-1.0,0,-1,-1.0
759,1,221,0.9954954954954955,1,210,0.9459459459459459
760,1,201,0.9054054054054054,1,190,0.8558558558558559
761,1,181,0.8153153153153153,1,170,0.7657657657657657
762,1,161,0.7252252252252253,1,150,0.6756756756756757
763,1,141,0.6351351351351351,1,130,0.5855855855855856
764,1,121,0.545045045045045,1,110,0.4954954954954955
765,1,101,0.45495495495495497,1,90,0.40540540540540543
766,1,81,0.36486486486486486,1,70,0.3153153153153153
767,1,61,0.2747747747747748,1,50,0.22522522522522523
768,1,41,0.18468468468468469,1,30,0.13513513513513514
769,1,21,0.0945945945945946,1,10,0.04504504504504504
770,1,1,0.0045045045045045045,0,-1,-1.0
771,0,-1,-1.0,0,-1,-1.0
772,0,-1,-1.0,1,219,0.9864864864864865
773,1,78,0.35135135135135137,0,-1,-1.0
774,1,58,0.26126126126126126,0,-1,-1.0
775,1,38,0.17117117117117117,0,-1,-1.0
776,1,18,0.08108108108108109,0,-1,-1.0
777,0,-1,-1.0,0,-1,-1.0
778,0,-1,-1.0,1,219,0.9864864864864865
779,0,-1,-1.0,1,199,0.8963963963963963
780,1,219,0.9864864864864865,1,179,0.8063063063063063
781,1,199,0.8963963963963963,1,159,0.7162162162162162
782,1,179,0.8063063063063063,1,139,0.6261261261261262
783,1,159,0.7162162162162162,1,119,0.536036036036036
784,1,139,0.6261261261261262,1,99,0.44594594594594594
785,1,119,0.536036036036036,1,79,0.35585585585585583
786,1,99,0.44594594594594594,1,59,0.26576576576576577
787,1,79,0.35585585585585583,1,39,0.17567567567567569
788,1,59,0.26576576576576577,1,19,0.08558558558558559
789,1,39,0.17567567567567569,0,-1,-1.0
790,1,19,0.08558558558558559,0,-1,-1.0
791,0,-1,-1.0,0,-1,-1.0
792,0,-1,-1.0,1,208,0.9369369369369369
793,0,-1,-1.0,1,188,0.8468468468468469
794,1,208,0.9369369369369369,1,168,0.7567567567567568
795,1,188,0.8468468468468469,1,148,0.6666666666666666
796,1,168,0.7567567567567568,1,128,0.5765765765765766
797,1,148,0.6666666666666666,1,108,0.4864864864864865
798,1,128,0.5765765765765766,1,88,0.3963963963963964
799,1,108,0.4864864864864865,1,68,0.3063063063063063
800,1,88,0.3963963963963964,1,48,0.21621621621621623
801,1,68,0.3063063063063063,1,28,0.12612612612612611
802,1,48,0.21621621621621623,1,8,0.036036036036036036
803,1,28,0.12612612612612611,0,-1,-1.0
804,1,8,0.036036036036036036,0,-1,-1.0
805,0,-1,-1.0,0,-1,-1.0
806,0,-1,-1.0,1,219,0.9864864864864865
807,0,-1,-1.0,1,199,0.8963963963963963
808,1,219,0.9864864864864865,1,179,0.8063063063063063
809,1,199,0.8963963963963963,1,159,0.7162162162162162
810,1,179,0.8063063063063063,1,139,0.6261261261261262
811,1,159,0.7162162162162162,1,119,0.536036036036036
812,1,139,0.6261261261261262,1,99,0.44594594594594594
813,1,119,0.536036036036036,1,79,0.35585585585585583
814,1,99,0.44594594594594594,1,59,0.26576576576576577
815,1,79,0.35585585585585583,1,39,0.17567567567567569
816,1,59,0.26576576576576577,1,19,0.08558558558558559
817,1,39,0.17567567567567569,0,-1,-1.0
818,1,19,0.08558558558558559,0,-1,-1.0
819,0,-1,-1.0,0,-1,-1.0
820,0,-1,-1.0,0,-1,-1.0
821,0,-1,-1.0,0,-1,-1.0
822,0,-1,-1.0,1,209,0.9414414414414415
823,1,48,0.21621621621621623,1,190,0.8558558558558559
824,1,28,0.12612612612612611,1,170,0.7657657657657657
825,1,8,0.036036036036036036,1,150,0.6756756756756757
826,1,155,0.6981981981981982,1,130,0.5855855855855856
827,1,135,0.6081081081081081,1,110,0.4954954954954955
828,1,115,0.5180180180180181,1,90,0.40540540540540543
829,1,95,0.42792792792792794,1,70,0.3153153153153153
830,1,75,0.33783783783783783,1,50,0.22522522522522523
831,1,55,0.24774774774774774,1,30,0.13513513513513514
832,1,35,0.15765765765765766,1,10,0.04504504504504504
833,1,15,0.06756756756756757,0,-1,-1.0
834,0,-1,-1.0,1,207,0.9324324324324325
835,1,212,0.954954954954955,1,187,0.8423423423423423
836,1,192,0.8648648648648649,1,167,0.7522522522522522
837,1,172,0.7747747747747747,1,147,0.6621621621621622
838,1,152,0.6846846846846847,1,127,0.5720720720720721
839,1,132,0.5945945945945946,1,107,0.481981981981982
840,1,112,0.5045045045045045,1,87,0.3918918918918919
841,1,92,0.4144144144144144,1,67,0.30180180180180183
842,1,72,0.32432432432432434,1,47,0.21171171171171171
843,1,52,0.23423423423423423,1,27,0.12162162162162163
844,1,32,0.14414414414414414,1,7,0.03153153153153153
845,1,12,0.05405405405405406,0,-1,-1.0
846,0,-1,-1.0,0,-1,-1.0
847,0,-1,-1.0,0,-1,-1.0
848,0,-1,-1.0,1,212,0.954954954954955
849,1,54,0.24324324324324326,0,-1,-1.0
850,1,34,0.15315315315315314,0,-1,-1.0
851,1,14,0.06306306306306306,0,-1,-1.0
852,0,-1,-1.0,0,-1,-1.0
853,0,-1,-1.0,0,-1,-1.0
854,0,-1,-1.0,0,-1,-1.0
855,0,-1,-1.0,1,204,0.918918918918919
856,1,212,0.954954954954955,1,184,0.8288288288288288
857,1,192,0.8648648648648649,1,164,0.7387387387387387
858,1,172,0.7747747747747747,1,144,0.6486486486486487
859,1,152,0.6846846846846847,1,124,0.5585585585585585
860,1,132,0.5945945945945946,1,104,0.46846846846846846
861,1,112,0.5045045045045045,1,84,0.3783783783783784
862,1,92,0.4144144144144144,1,64,0.2882882882882883
863,1,72,0.32432432432432434,1,44,0.1981981981981982
864,1,52,0.23423423423423423,1,24,0.10810810810810811
865,1,32,0.14414414414414414,1,4,0.018018018018018018
866,1,12,0.05405405405405406,0,-1,-1.0
867,0,-1,-1.0,1,218,0.9819819819819819
868,0,-1,-1.0,1,198,0.8918918918918919
869,1,206,0.9279279279279279,1,178,0.8018018018018018
870,1,186,0.8378378378378378,1,158,0.7117117117117117
871,1,166,0.7477477477477478,1,138,0.6216216216216216
872,1,146,0.6576576576576577,1,118,0.5315315315315315
873,1,126,0.5675675675675675,1,98,0.44144144144144143
874,1,106,0.4774774774774775,1,78,0.35135135135135137
875,1,86,0.38738738738738737,1,58,0.26126126126126126
876,1,66,0.2972972972972973,1,38,0.17117117117117117
877,1,46,0.2072072072072072,1,18,0.08108108108108109
878,1,26,0.11711711711711711,0,-1,-1.0
879,1,6,0.02702702702702703,0,-1,-1.0
880,0,-1,-1.0,1,204,0.918918918918919
881,1,212,0.954954954954955,1,184,0.8288288288288288
882,1,192,0.8648648648648649,1,164,0.7387387387387387
883,1,172,0.7747747747747747,1,144,0.6486486486486487
884,1,152,0.6846846846846847,1,124,0.5585585585585585
885,1,132,0.5945945945945946,1,104,0.46846846846846846
886,1,112,0.5045045045045045,1,84,0.3783783783783784
887,1,92,0.4144144144144144,1,64,0.2882882882882883
888,1,72,0.32432432432432434,1,44,0.1981981981981982
889,1,52,0.23423423423423423,1,24,0.10810810810810811
890,1,32,0.14414414414414414,1,4,0.018018018018018018
891,1,12,0.05405405405405406,1,220,0.990990990990991
892,0,-1,-1.0,1,200,0.9009009009009009
893,1,88,0.3963963963963964,0,-1,-1.0
894,1,68,0.3063063063063063,0,-1,-1.0
895,1,48,0.21621621621621623,0,-1,-1.0
896,1,28,0.12612612612612611,0,-1,-1.0
897,1,8,0.036036036036036036,0,-1,-1.0
898,0,-1,-1.0,0,-1,-1.0
899,0,-1,-1.0,0,-1,-1.0
900,0,-1,-1.0,0,-1,-1.0
901,0,-1,-1.0,1,209,0.9414414414414415
902,0,-1,-1.0,1,189,0.8513513513513513
903,1,214,0.963963963963964,1,169,0.7612612612612613
904,1,194,0.8738738738738738,1,149,0.6711711711711712
905,1,174,0.7837837837837838,1,129,0.581081081081081
906,1,154,0.6936936936936937,1,109,0.49099099099099097
907,1,134,0.6036036036036037,1,89,0.4009009009009009
908,1,114,0.5135135135135135,1,69,0.3108108108108108
909,1,94,0.42342342342342343,1,49,0.22072072072072071
910,1,74,0.3333333333333333,1,29,0.13063063063063063
911,1,54,0.24324324324324326,1,9,0.04054054054054054
912,1,34,0.15315315315315314,0,-1,-1.0
913,1,14,0.06306306306306306,0,-1,-1.0
914,0,-1,-1.0,0,-1,-1.0
915,0,-1,-1.0,0,-1,-1.0
916,0,-1,-1.0,0,-1,-1.0
917,0,-1,-1.0,0,-1,-1.0
918,0,-1,-1.0,1,222,1.0
919,0,-1,-1.0,1,202,0.9099099099099099
920,0,-1,-1.0,1,182,0.8198198198198198
921,1,207,0.9324324324324325,1,162,0.7297297297297297
922,1,187,0.8423423423423423,1,142,0.6396396396396397
923,1,167,0.7522522522522522,1,122,0.5495495495495496
924,1,147,0.6621621621621622,1,102,0.4594594594594595
925,1,127,0.5720720720720721,1,82,0.36936936936936937
926,1,107,0.481981981981982,1,62,0.27927927927927926
927,1,87,0.3918918918918919,1,42,0.1891891891891892
928,1,67,0.30180180180180183,1,22,0.0990990990990991
929,1,47,0.21171171171171171,1,2,0.009009009009009009
930,1,27,0.12162162162162163,0,-1,-1.0
931,1,7,0.03153153153153153,0,-1,-1.0
932,0,-1,-1.0,0,-1,-1.0
933,0,-1,-1.0,1,220,0.990990990990991
934,0,-1,-1.0,1,200,0.9009009009009009
935,0,-1,-1.0,1,180,0.8108108108108109
936,1,66,0.2972972972972973,0,-1,-1.0
937,1,46,0.2072072072072072,0,-1,-1.0
938,1,26,0.11711711711711711,0,-1,-1.0
939,1,6,0.02702702702702703,0,-1,-1.0
940,0,-1,-1.0,0,-1,-1.0
941,0,-1,-1.0,0,-1,-1.0
942,0,-1,-1.0,1,212,0.954954954954955
943,0,-1,-1.0,1,192,0.8648648648648649
944,1,206,0.9279279279279279,1,172,0.7747747747747747
945,1,186,0.8378378378378378,1,152,0.6846846846846847
946,1,166,0.7477477477477478,1,132,0.5945945945945946
947,1,146,0.6576576576576577,1,112,0.5045045045045045
948,1,126,0.5675675675675675,1,92,0.4144144144144144
949,1,106,0.4774774774774775,1,72,0.32432432432432434
950,1,86,0.38738738738738737,1,52,0.23423423423423423
951,1,66,0.2972972972972973,1,32,0.14414414414414414
952,1,46,0.2072072072072072,1,12,0.05405405405405406
953,1,26,0.11711711711711711,1,179,0.8063063063063063
954,1,6,0.02702702702702703,1,159,0.7162162162162162
955,1,173,0.7792792792792793,1,139,0.6261261261261262
956,1,153,0.6891891891891891,1,119,0.536036036036036
957,1,133,0.5990990990990991,1,99,0.44594594594594594
958,1,113,0.509009009009009,1,79,0.35585585585585583
959,1,93,0.4189189189189189,1,59,0.26576576576576577
960,1,73,0.32882882882882886,1,39,0.17567567567567569
961,1,53,0.23873873873873874,1,19,0.08558558558558559
962,1,33,0.14864864864864866,0,-1,-1.0
963,1,13,0.05855855855855856,0,-1,-1.0
964,0,-1,-1.0,0,-1,-1.0
965,0,-1,-1.0,0,-1,-1.0
966,0,-1,-1.0,1,213,0.9594594594594594
967,0,-1,-1.0,1,193,0.8693693693693694
968,1,207,0.9324324324324325,1,173,0.7792792792792793
969,1,187,0.8423423423423423,1,153,0.6891891891891891
970,1,167,0.7522522522522522,1,133,0.5990990990990991
971,1,147,0.6621621621621622,1,113,0.509009009009009
972,1,127,0.5720720720720721,1,93,0.4189189189189189
973,1,107,0.481981981981982,1,73,0.32882882882882886
974,1,87,0.3918918918918919,1,53,0.23873873873873874
975,1,67,0.30180180180180183,1,33,0.14864864864864866
976,1,47,0.21171171171171171,1,13,0.05855855855855856
977,1,27,0.12162162162162163,1,211,0.9504504504504504
978,1,7,0.03153153153153153,1,191,0.8603603603603603
979,1,72,0.32432432432432434,0,-1,-1.0
980,1,52,0.23423423423423423,0,-1,-1.0
981,1,32,0.14414414414414414,1,212,0.954954954954955
982,1,12,0.05405405405405406,1,192,0.8648648648648649
983,1,209,0.9414414414414415,1,172,0.7747747747747747
984,1,189,0.8513513513513513,1,152,0.6846846846846847
985,1,169,0.7612612612612613,1,132,0.5945945945945946
986,1,149,0.6711711711711712,1,112,0.5045045045045045
987,1,129,0.581081081081081,1,92,0.4144144144144144
988,1,109,0.49099099099099097,1,72,0.32432432432432434
989,1,89,0.4009009009009009,1,52,0.23423423423423423
990,1,69,0.3108108108108108,1,32,0.14414414414414414
991,1,49,0.22072072072072071,1,12,0.05405405405405406
992,1,29,0.13063063063063063,1,218,0.9819819819819819
993,1,9,0.04054054054054054,1,198,0.8918918918918919
994,1,215,0.9684684684684685,1,178,0.8018018018018018
995,1,195,0.8783783783783784,1,158,0.7117117117117117
996,1,175,0.7882882882882883,1,138,0.6216216216216216
997,1,155,0.6981981981981982,1,118,0.5315315315315315
998,1,135,0.6081081081081081,1,98,0.44144144144144143
999,1,115,0.5180180180180181,1,78,0.35135135135135137
1000,1,95,0.42792792792792794,1,58,0.26126126126126126
1001,1,75,0.33783783783783783,1,38,0.17117117117117117
1002,1,55,0.24774774774774774,1,18,0.08108108108108109
1003,1,35,0.15765765765765766,0,-1,-1.0
1004,1,15,0.06756756756756757,0,-1,-1.0
1005,0,-1,-1.0,0,-1,-1.0
1006,0,-1,-1.0,0,-1,-1.0
1007,0,-1,-1.0,1,210,0.9459459459459459
1008,0,-1,-1.0,1,190,0.8558558558558559
1009,1,207,0.9324324324324325,1,170,0.7657657657657657
1010,1,187,0.8423423423423423,1,150,0.6756756756756757
1011,1,167,0.7522522522522522,1,130,0.5855855855855856
1012,1,147,0.6621621621621622,1,110,0.4954954954954955
1013,1,127,0.5720720720720721,1,90,0.40540540540540543
1014,1,107,0.481981981981982,1,70,0.3153153153153153
1015,1,87,0.3918918918918919,1,50,0.22522522522522523
1016,1,67,0.30180180180180183,1,30,0.13513513513513514
1017,1,47,0.21171171171171171,1,10,0.04504504504504504
1018,1,27,0.12162162162162163,1,206,0.9279279279279279
1019,1,30,0.13513513513513514,0,-1,-1.0
1020,1,10,0.04504504504504504,1,208,0.9369369369369369
1021,1,204,0.918918918918919,1,188,0.8468468468468469
1022,1,184,0.8288288288288288,1,168,0.7567567567567568
1023,1,164,0.7387387387387387,1,148,0.6666666666666666
1024,1,144,0.6486486486486487,1,128,0.5765765765765766
1025,1,124,0.5585585585585585,1,108,0.4864864864864865
1026,1,104,0.46846846846846846,1,88,0.3963963963963964
1027,1,84,0.3783783783783784,1,68,0.3063063063063063
1028,1,64,0.2882882882882883,1,48,0.21621621621621623
1029,1,44,0.1981981981981982,1,28,0.12612612612612611
1030,1,24,0.10810810810810811,1,8,0.036036036036036036
1031,1,4,0.018018018018018018,0,-1,-1.0
1032,0,-1,-1.0,1,207,0.9324324324324325
1033,1,203,0.9144144144144144,1,187,0.8423423423423423
1034,1,183,0.8243243243243243,1,167,0.7522522522522522
1035,1,163,0.7342342342342343,1,147,0.6621621621621622
1036,1,143,0.6441441441441441,1,127,0.5720720720720721
1037,1,123,0.5540540540540541,1,107,0.481981981981982
1038,1,103,0.46396396396396394,1,87,0.3918918918918919
1039,1,83,0.3738738738738739,1,67,0.30180180180180183
1040,1,63,0.28378378378378377,1,47,0.21171171171171171
1041,1,43,0.19369369369369369,1,27,0.12162162162162163
1042,1,23,0.1036036036036036,1,7,0.03153153153153153
1043,1,3,0.013513513513513514,0,-1,-1.0
1044,0,-1,-1.0,0,-1,-1.0
1045,0,-1,-1.0,1,205,0.9234234234234234
1046,1,68,0.3063063063063063,0,-1,-1.0
1047,1,48,0.21621621621621623,0,-1,-1.0
1048,1,28,0.12612612612612611,0,-1,-1.0
1049,1,8,0.036036036036036036,0,-1,-1.0
1050,0,-1,-1.0,1,216,0.972972972972973
1051,0,-1,-1.0,1,196,0.8828828828828829
1052,1,211,0.9504504504504504,1,176,0.7927927927927928
1053,1,191,0.8603603603603603,1,156,0.7027027027027027
1054,1,171,0.7702702702702703,1,136,0.6126126126126126
1055,1,151,0.6801801801801802,1,116,0.5225225225225225
1056,1,131,0.5900900900900901,1,96,0.43243243243243246
1057,1,111,0.5,1,76,0.34234234234234234
1058,1,91,0.4099099099099099,1,56,0.25225225225225223
1059,1,71,0.31981981981981983,1,36,0.16216216216216217
1060,1,51,0.22972972972972974,1,16,0.07207207207207207
1061,1,31,0.13963963963963963,1,184,0.8288288288288288
1062,1,11,0.04954954954954955,1,164,0.7387387387387387
1063,1,179,0.8063063063063063,1,144,0.6486486486486487
1064,1,159,0.7162162162162162,1,124,0.5585585585585585
1065,1,139,0.6261261261261262,1,104,0.46846846846846846
1066,1,119,0.536036036036036,1,84,0.3783783783783784
1067,1,99,0.44594594594594594,1,64,0.2882882882882883
1068,1,79,0.35585585585585583,1,44,0.1981981981981982
1069,1,59,0.26576576576576577,1,24,0.10810810810810811
1070,1,39,0.17567567567567569,1,4,0.018018018018018018
1071,1,19,0.08558558558558559,0,-1,-1.0
1072,0,-1,-1.0,0,-1,-1.0
1073,0,-1,-1.0,1,221,0.9954954954954955
1074,0,-1,-1.0,1,201,0.9054054054054054
1075,1,216,0.972972972972973,1,181,0.8153153153153153
1076,1,196,0.8828828828828829,1,161,0.7252252252252253
1077,1,176,0.7927927927927928,1,141,0.6351351351351351
1078,1,156,0.7027027027027027,1,121,0.545045045045045
1079,1,136,0.6126126126126126,1,101,0.45495495495495497
1080,1,116,0.5225225225225225,1,81,0.36486486486486486
1081,1,96,0.43243243243243246,1,61,0.2747747747747748
1082,1,76,0.34234234234234234,1,41,0.18468468468468469
1083,1,56,0.25225225225225223,1,21,0.0945945945945946
1084,1,36,0.16216216216216217,1,1,0.0045045045045045045
1085,1,28,0.12612612612612611,0,-1,-1.0
1086,1,8,0.036036036036036036,0,-1,-1.0
1087,0,-1,-1.0,1,214,0.963963963963964
1088,1,209,0.9414414414414415,1,194,0.8738738738738738
1089,1,189,0.8513513513513513,1,174,0.7837837837837838
1090,1,169,0.7612612612612613,1,154,0.6936936936936937
1091,1,149,0.6711711711711712,1,134,0.6036036036036037
1092,1,129,0.581081081081081,1,114,0.5135135135135135
1093,1,109,0.49099099099099097,1,94,0.42342342342342343
1094,1,89,0.4009009009009009,1,74,0.3333333333333333
1095,1,69,0.3108108108108108,1,54,0.24324324324324326
1096,1,49,0.22072072072072071,1,34,0.15315315315315314
1097,1,29,0.13063063063063063,1,14,0.06306306306306306
1098,1,9,0.04054054054054054,1,198,0.8918918918918919
1099,1,193,0.8693693693693694,1,178,0.8018018018018018
1100,1,173,0.7792792792792793,1,158,0.7117117117117117
1101,1,153,0.6891891891891891,1,138,0.6216216216216216
1102,1,133,0.5990990990990991,1,118,0.5315315315315315
1103,1,113,0.509009009009009,1,98,0.44144144144144143
1104,1,93,0.4189189189189189,1,78,0.35135135135135137
1105,1,73,0.32882882882882886,1,58,0.26126126126126126
1106,1,53,0.23873873873873874,1,38,0.17117117117117117
1107,1,33,0.14864864864864866,1,18,0.08108108108108109
1108,1,13,0.05855855855855856,1,169,0.7612612612612613
1109,1,164,0.7387387387387387,1,149,0.6711711711711712
1110,1,144,0.6486486486486487,1,129,0.581081081081081
1111,1,124,0.5585585585585585,1,109,0.49099099099099097
1112,1,104,0.46846846846846846,1,89,0.4009009009009009
1113,1,84,0.3783783783783784,1,69,0.3108108108108108
1114,1,64,0.2882882882882883,1,49,0.22072072072072071
1115,1,44,0.1981981981981982,1,29,0.13063063063063063
1116,1,24,0.10810810810810811,1,9,0.04054054054054054
1117,1,4,0.018018018018018018,0,-1,-1.0
1118,0,-1,-1.0,0,-1,-1.0
1119,0,-1,-1.0,0,-1,-1.0
1120,0,-1,-1.0,1,221,0.9954954954954955
1121,1,44,0.1981981981981982,0,-1,-1.0
1122,1,24,0.10810810810810811,0,-1,-1.0
1123,1,4,0.018018018018018018,0,-1,-1.0
1124,0,-1,-1.0,0,-1,-1.0
1125,0,-1,-1.0,0,-1,-1.0
1126,0,-1,-1.0,1,214,0.963963963963964
1127,1,217,0.9774774774774775,1,194,0.8738738738738738
1128,1,197,0.8873873873873874,1,174,0.7837837837837838
1129,1,177,0.7972972972972973,1,154,0.6936936936936937
1130,1,157,0.7072072072072072,1,134,0.6036036036036037
1131,1,137,0.6171171171171171,1,114,0.5135135135135135
1132,1,117,0.527027027027027,1,94,0.42342342342342343
1133,1,97,0.4369369369369369,1,74,0.3333333333333333
1134,1,77,0.34684684684684686,1,54,0.24324324324324326
1135,1,57,0.25675675675675674,1,34,0.15315315315315314
1136,1,37,0.16666666666666666,1,14,0.06306306306306306
1137,1,17,0.07657657657657657,0,-1,-1.0
1138,0,-1,-1.0,0,-1,-1.0
1139,0,-1,-1.0,0,-1,-1.0
1140,0,-1,-1.0,1,221,0.9954954954954955
1141,0,-1,-1.0,1,201,0.9054054054054054
1142,1,204,0.918918918918919,1,181,0.8153153153153153
1143,1,184,0.8288288288288288,1,161,0.7252252252252253
1144,1,164,0.7387387387387387,1,141,0.6351351351351351
1145,1,144,0.6486486486486487,1,121,0.545045045045045
1146,1,124,0.5585585585585585,1,101,0.45495495495495497
1147,1,104,0.46846846846846846,1,81,0.36486486486486486
1148,1,84,0.3783783783783784,1,61,0.2747747747747748
1149,1,64,0.2882882882882883,1,41,0.18468468468468469
1150,1,46,0.2072072072072072,0,-1,-1.0
1151,1,26,0.11711711711711711,0,-1,-1.0
1152,1,6,0.02702702702702703,0,-1,-1.0
1153,0,-1,-1.0,1,208,0.9369369369369369
1154,1,212,0.954954954954955,1,188,0.8468468468468469
1155,1,192,0.8648648648648649,1,168,0.7567567567567568
1156,1,172,0.7747747747747747,1,148,0.6666666666666666
1157,1,152,0.6846846846846847,1,128,0.5765765765765766
1158,1,132,0.5945945945945946,1,108,0.4864864864864865
1159,1,112,0.5045045045045045,1,88,0.3963963963963964
1160,1,92,0.4144144144144144,1,68,0.3063063063063063
1161,1,72,0.32432432432432434,1,48,0.21621621621621623
1162,1,52,0.23423423423423423,1,28,0.12612612612612611
1163,1,32,0.14414414414414414,1,8,0.036036036036036036
1164,1,12,0.05405405405405406,1,206,0.9279279279279279
1165,1,210,0.9459459459459459,1,186,0.8378378378378378
1166,1,190,0.8558558558558559,1,166,0.7477477477477478
1167,1,170,0.7657657657657657,1,146,0.6576576576576577
1168,1,150,0.6756756756756757,1,126,0.5675675675675675
1169,1,130,0.5855855855855856,1,106,0.4774774774774775
1170,1,110,0.4954954954954955,1,86,0.38738738738738737
1171,1,90,0.40540540540540543,1,66,0.2972972972972973
1172,1,70,0.3153153153153153,1,46,0.2072072072072072
1173,1,50,0.22522522522522523,1,26,0.11711711711711711
1174,1,30,0.13513513513513514,1,6,0.02702702702702703
1175,1,10,0.04504504504504504,0,-1,-1.0
1176,0,-1,-1.0,0,-1,-1.0
1177,0,-1,-1.0,0,-1,-1.0
1178,0,-1,-1.0,1,220,0.990990990990991
1179,0,-1,-1.0,1,200,0.9009009009009009
1180,1,66,0.2972972972972973,0,-1,-1.0
1181,1,46,0.2072072072072072,0,-1,-1.0
1182,1,26,0.11711711711711711,0,-1,-1.0
1183,1,6,0.02702702702702703,0,-1,-1.0
1184,0,-1,-1.0,0,-1,-1.0
1185,0,-1,-1.0,1,221,0.9954954954954955
1186,0,-1,-1.0,1,201,0.9054054054054054
1187,1,215,0.9684684684684685,1,181,0.8153153153153153
1188,1,195,0.8783783783783784,1,161,0.7252252252252253
1189,1,175,0.7882882882882883,1,141,0.6351351351351351
1190,1,155,0.6981981981981982,1,121,0.545045045045045
1191,1,135,0.6081081081081081,1,101,0.45495495495495497
1192,1,115,0.5180180180180181,1,81,0.36486486486486486
1193,1,95,0.42792792792792794,1,61,0.2747747747747748
1194,1,75,0.33783783783783783,1,41,0.18468468468468469
1195,1,55,0.24774774774774774,1,21,0.0945945945945946
1196,1,35,0.15765765765765766,1,1,0.0045045045045045045
1197,1,15,0.06756756756756757,0,-1,-1.0
1198,0,-1,-1.0,1,209,0.9414414414414415
1199,0,-1,-1.0,1,189,0.8513513513513513
1200,1,203,0.9144144144144144,1,169,0.7612612612612613
1201,1,183,0.8243243243243243,1,149,0.6711711711711712
1202,1,163,0.7342342342342343,1,129,0.581081081081081
1203,1,143,0.6441441441441441,1,109,0.49099099099099097
1204,1,123,0.5540540540540541,1,89,0.4009009009009009
1205,1,103,0.46396396396396394,1,69,0.3108108108108108
1206,1,83,0.3738738738738739,1,49,0.22072072072072071
1207,1,63,0.28378378378378377,1,29,0.13063063063063063
1208,1,28,0.12612612612612611,1,218,0.9819819819819819
1209,1,8,0.036036036036036036,1,198,0.8918918918918919
1210,1,193,0.8693693693693694,1,178,0.8018018018018018
1211,1,173,0.7792792792792793,1,158,0.7117117117117117
1212,1,153,0.6891891891891891,1,138,0.6216216216216216
1213,1,133,0.5990990990990991,1,118,0.5315315315315315
1214,1,113,0.509009009009009,1,98,0.44144144144144143
1215,1,93,0.4189189189189189,1,78,0.35135135135135137
1216,1,73,0.32882882882882886,1,58,0.26126126126126126
1217,1,53,0.23873873873873874,1,38,0.17117117117117117
1218,1,33,0.14864864864864866,1,18,0.08108108108108109
1219,1,13,0.05855855855855856,0,-1,-1.0
1220,0,-1,-1.0,0,-1,-1.0
1221,0,-1,-1.0,1,218,0.9819819819819819
1222,1,213,0.9594594594594594,1,198,0.8918918918918919
1223,1,193,0.8693693693693694,1,178,0.8018018018018018
1224,1,173,0.7792792792792793,1,158,0.7117117117117117
1225,1,153,0.6891891891891891,1,138,0.6216216216216216
1226,1,133,0.5990990990990991,1,118,0.5315315315315315
1227,1,113,0.509009009009009,1,98,0.44144144144144143
1228,1,93,0.4189189189189189,1,78,0.35135135135135137
1229,1,73,0.32882882882882886,1,58,0.26126126126126126
1230,1,53,0.23873873873873874,1,38,0.17117117117117117
1231,1,33,0.14864864864864866,1,18,0.08108108108108109
1232,1,13,0.05855855855855856,0,-1,-1.0
1233,0,-1,-1.0,0,-1,-1.0
1234,0,-1,-1.0,0,-1,-1.0
1235,0,-1,-1.0,0,-1,-1.0
1236,0,-1,-1.0,1,213,0.9594594594594594
1237,1,208,0.9369369369369369,1,193,0.8693693693693694
1238,1,188,0.8468468468468469,1,173,0.7792792792792793
1239,1,168,0.7567567567567568,1,153,0.6891891891891891
1240,1,148,0.6666666666666666,1,133,0.5990990990990991
1241,1,128,0.5765765765765766,1,113,0.509009009009009
1242,1,108,0.4864864864864865,1,93,0.4189189189189189
1243,1,88,0.3963963963963964,1,73,0.32882882882882886
1244,1,68,0.3063063063063063,1,53,0.23873873873873874
1245,1,48,0.21621621621621623,1,33,0.14864864864864866
1246,1,28,0.12612612612612611,1,13,0.05855855855855856
1247,1,8,0.036036036036036036,0,-1,-1.0
1248,0,-1,-1.0,0,-1,-1.0
1249,0,-1,-1.0,1,219,0.9864864864864865
1250,0,-1,-1.0,1,199,0.8963963963963963
1251,1,48,0.21621621621621623,0,-1,-1.0
1252,1,28,0.12612612612612611,0,-1,-1.0
1253,1,8,0.036036036036036036,0,-1,-1.0
1254,0,-1,-1.0,1,211,0.9504504504504504
1255,1,216,0.972972972972973,1,191,0.8603603603603603
1256,1,196,0.8828828828828829,1,171,0.7702702702702703
1257,1,176,0.7927927927927928,1,151,0.6801801801801802
1258,1,156,0.7027027027027027,1,131,0.5900900900900901
1259,1,136,0.6126126126126126,1,111,0.5
1260,1,116,0.5225225225225225,1,91,0.4099099099099099
1261,1,96,0.43243243243243246,1,71,0.31981981981981983
1262,1,76,0.34234234234234234,1,51,0.22972972972972974
1263,1,56,0.25225225225225223,1,31,0.13963963963963963
1264,1,36,0.16216216216216217,1,11,0.04954954954954955
1265,1,16,0.07207207207207207,0,-1,-1.0
1266,0,-1,-1.0,0,-1,-1.0
1267,0,-1,-1.0,0,-1,-1.0
1268,0,-1,-1.0,0,-1,-1.0
1269,0,-1,-1.0,0,-1,-1.0
1270,0,-1,-1.0,0,-1,-1.0
1271,0,-1,-1.0,1,208,0.9369369369369369
1272,1,213,0.9594594594594594,1,188,0.8468468468468469
1273,1,193,0.8693693693693694,1,168,0.7567567567567568
1274,1,173,0.7792792792792793,1,148,0.6666666666666666
1275,1,153,0.6891891891891891,1,128,0.5765765765765766
1276,1,133,0.5990990990990991,1,108,0.4864864864864865
1277,1,113,0.509009009009009,1,88,0.3963963963963964
1278,1,93,0.4189189189189189,1,68,0.3063063063063063
1279,1,73,0.32882882882882886,1,48,0.21621621621621623
1280,1,53,0.23873873873873874,1,28,0.12612612612612611
1281,1,33,0.14864864864864866,1,8,0.036036036036036036
1282,1,13,0.05855855855855856,0,-1,-1.0
1283,0,-1,-1.0,0,-1,-1.0
1284,0,-1,-1.0,0,-1,-1.0
1285,0,-1,-1.0,0,-1,-1.0
1286,0,-1,-1.0,0,-1,-1.0
1287,0,-1,-1.0,1,220,0.990990990990991
1288,0,-1,-1.0,1,200,0.9009009009009009
1289,1,70,0.3153153153153153,0,-1,-1.0
1290,1,50,0.22522522522522523,0,-1,-1.0
1291,1,30,0.13513513513513514,0,-1,-1.0
1292,1,10,0.04504504504504504,0,-1,-1.0
1293,0,-1,-1.0,0,-1,-1.0
1294,0,-1,-1.0,1,208,0.9369369369369369
1295,0,-1,-1.0,1,188,0.8468468468468469
1296,1,204,0.918918918918919,1,168,0.7567567567567568
1297,1,184,0.8288288288288288,1,148,0.6666666666666666
1298,1,164,0.7387387387387387,1,128,0.5765765765765766
1299,1,144,0.6486486486486487,1,108,0.4864864864864865
1300,1,124,0.5585585585585585,1,88,0.3963963963963964
1301,1,104,0.46846846846846846,1,68,0.3063063063063063
1302,1,84,0.3783783783783784,1,48,0.21621621621621623
1303,1,64,0.2882882882882883,1,28,0.12612612612612611
1304,1,44,0.1981981981981982,1,8,0.036036036036036036
1305,1,24,0.10810810810810811,0,-1,-1.0
1306,1,4,0.018018018018018018,0,-1,-1.0
1307,0,-1,-1.0,0,-1,-1.0
1308,0,-1,-1.0,0,-1,-1.0
1309,0,-1,-1.0,1,210,0.9459459459459459
1310,0,-1,-1.0,1,190,0.8558558558558559
1311,1,206,0.9279279279279279,1,170,0.7657657657657657
1312,1,186,0.8378378378378378,1,150,0.6756756756756757
1313,1,166,0.7477477477477478,1,130,0.5855855855855856
1314,1,146,0.6576576576576577,1,110,0.4954954954954955
1315,1,126,0.5675675675675675,1,90,0.40540540540540543
1316,1,106,0.4774774774774775,1,70,0.3153153153153153
1317,1,86,0.38738738738738737,1,50,0.22522522522522523
1318,1,66,0.2972972972972973,1,30,0.13513513513513514
1319,1,46,0.2072072072072072,1,10,0.04504504504504504
1320,1,26,0.11711711711711711,1,205,0.9234234234234234
1321,1,6,0.02702702702702703,1,185,0.8333333333333334
1322,1,201,0.9054054054054054,1,165,0.7432432432432432
1323,1,181,0.8153153153153153,1,145,0.6531531531531531
1324,1,161,0.7252252252252253,1,125,0.5630630630630631
1325,1,141,0.6351351351351351,1,105,0.47297297297297297
1326,1,121,0.545045045045045,1,85,0.38288288288288286
1327,1,101,0.45495495495495497,1,65,0.2927927927927928
1328,1,81,0.36486486486486486,1,45,0.20270270270270271
1329,1,61,0.2747747747747748,1,25,0.11261261261261261
1330,1,41,0.18468468468468469,1,5,0.02252252252252252
1331,1,21,0.0945945945945946,1,210,0.9459459459459459
1332,1,22,0.0990990990990991,0,-1,-1.0
1333,1,2,0.009009009009009009,0,-1,-1.0
1334,1,222,1.0,1,210,0.9459459459459459
1335,1,202,0.9099099099099099,1,190,0.8558558558558559
1336,1,182,0.8198198198198198,1,170,0.7657657657657657
1337,1,162,0.7297297297297297,1,150,0.6756756756756757
1338,1,142,0.6396396396396397,1,130,0.5855855855855856
1339,1,122,0.5495495495495496,1,110,0.4954954954954955
1340,1,102,0.4594594594594595,1,90,0.40540540540540543
1341,1,82,0.36936936936936937,1,70,0.3153153153153153
1342,1,62,0.27927927927927926,1,50,0.22522522522522523
1343,1,42,0.1891891891891892,1,30,0.13513513513513514
1344,1,22,0.0990990990990991,1,10,0.04504504504504504
1345,1,2,0.009009009009009009,0,-1,-1.0
1346,0,-1,-1.0,0,-1,-1.0
1347,0,-1,-1.0,0,-1,-1.0
1348,0,-1,-1.0,0,-1,-1.0
1349,0,-1,-1.0,1,219,0.9864864864864865
1350,1,211,0.9504504504504504,1,199,0.8963963963963963
1351,1,191,0.8603603603603603,1,179,0.8063063063063063
1352,1,171,0.7702702702702703,1,159,0.7162162162162162
1353,1,151,0.6801801801801802,1,139,0.6261261261261262
1354,1,131,0.5900900900900901,1,119,0.536036036036036
1355,1,111,0.5,1,99,0.44594594594594594
1356,1,91,0.4099099099099099,1,79,0.35585585585585583
1357,1,71,0.31981981981981983,1,59,0.26576576576576577
1358,1,40,0.18018018018018017,1,201,0.9054054054054054
1359,1,20,0.09009009009009009,1,181,0.8153153153153153
1360,1,0,0.0,1,161,0.7252252252252253
1361,1,162,0.7297297297297297,1,141,0.6351351351351351
1362,1,142,0.6396396396396397,1,121,0.545045045045045
1363,1,122,0.5495495495495496,1,101,0.45495495495495497
1364,1,102,0.4594594594594595,1,81,0.36486486486486486
1365,1,82,0.36936936936936937,1,61,0.2747747747747748
1366,1,62,0.27927927927927926,1,41,0.18468468468468469
1367,1,42,0.1891891891891892,1,21,0.0945945945945946
1368,1,22,0.0990990990990991,1,1,0.0045045045045045045
1369,1,2,0.009009009009009009,0,-1,-1.0
1370,0,-1,-1.0,0,-1,-1.0
1371,0,-1,-1.0,0,-1,-1.0
1372,0,-1,-1.0,1,206,0.9279279279279279
1373,1,207,0.9324324324324325,1,186,0.8378378378378378
1374,1,187,0.8423423423423423,1,166,0.7477477477477478
1375,1,167,0.7522522522522522,1,146,0.6576576576576577
1376,1,147,0.6621621621621622,1,126,0.5675675675675675
1377,1,127,0.5720720720720721,1,106,0.4774774774774775
1378,1,107,0.481981981981982,1,86,0.38738738738738737
1379,1,87,0.3918918918918919,1,66,0.2972972972972973
1380,1,67,0.30180180180180183,1,46,0.2072072072072072
1381,1,47,0.21171171171171171,1,26,0.11711711711711711
1382,1,27,0.12162162162162163,1,6,0.02702702702702703
1383,1,20,0.09009009009009009,0,-1,-1.0
1384,1,0,0.0,0,-1,-1.0
1385,0,-1,-1.0,0,-1,-1.0
1386,1,218,0.9819819819819819,1,207,0.9324324324324325
1387,1,198,0.8918918918918919,1,187,0.8423423423423423
1388,1,178,0.8018018018018018,1,167,0.7522522522522522
1389,1,158,0.7117117117117117,1,147,0.6621621621621622
1390,1,138,0.6216216216216216,1,127,0.5720720720720721
1391,1,118,0.5315315315315315,1,107,0.481981981981982
1392,1,98,0.44144144144144143,1,87,0.3918918918918919
1393,1,78,0.35135135135135137,1,67,0.30180180180180183
1394,1,58,0.26126126126126126,1,47,0.21171171171171171
1395,1,38,0.17117117117117117,1,27,0.12162162162162163
1396,1,18,0.08108108108108109,1,7,0.03153153153153153
1397,0,-1,-1.0,0,-1,-1.0
1398,1,218,0.9819819819819819,1,207,0.9324324324324325
1399,1,198,0.8918918918918919,1,187,0.8423423423423423
1400,1,178,0.8018018018018018,1,167,0.7522522522522522
1401,1,158,0.7117117117117117,1,147,0.6621621621621622
1402,1,138,0.6216216216216216,1,127,0.5720720720720721
1403,1,118,0.5315315315315315,1,107,0.481981981981982
1404,1,98,0.44144144144144143,1,87,0.3918918918918919
1405,1,78,0.35135135135135137,1,67,0.30180180180180183
1406,1,58,0.26126126126126126,1,47,0.21171171171171171
1407,1,38,0.17117117117117117,1,27,0.12162162162162163
1408,1,18,0.08108108108108109,1,7,0.03153153153153153
1409,1,173,0.7792792792792793,1,162,0.7297297297297297
1410,1,153,0.6891891891891891,1,142,0.6396396396396397
1411,1,133,0.5990990990990991,1,122,0.5495495495495496
1412,1,113,0.509009009009009,1,102,0.4594594594594595
1413,1,93,0.4189189189189189,1,82,0.36936936936936937
1414,1,73,0.32882882882882886,1,62,0.27927927927927926
1415,1,53,0.23873873873873874,1,42,0.1891891891891892
1416,1,33,0.14864864864864866,1,22,0.0990990990990991
1417,1,13,0.05855855855855856,1,2,0.009009009009009009
1418,0,-1,-1.0,0,-1,-1.0
1419,0,-1,-1.0,0,-1,-1.0
1420,0,-1,-1.0,0,-1,-1.0
1421,1,28,0.12612612612612611,1,200,0.9009009009009009
1422,1,8,0.036036036036036036,1,180,0.8108108108108109
1423,1,175,0.7882882882882883,1,160,0.7207207207207207
1424,1,155,0.6981981981981982,1,140,0.6306306306306306
1425,1,135,0.6081081081081081,1,120,0.5405405405405406
1426,1,115,0.5180180180180181,1,100,0.45045045045045046
1427,1,95,0.42792792792792794,1,80,0.36036036036036034
1428,1,75,0.33783783783783783,1,60,0.2702702702702703
1429,1,55,0.24774774774774774,1,40,0.18018018018018017
1430,1,35,0.15765765765765766,1,20,0.09009009009009009
1431,1,15,0.06756756756756757,1,0,0.0
1432,0,-1,-1.0,1,218,0.9819819819819819
1433,1,213,0.9594594594594594,1,198,0.8918918918918919
1434,1,193,0.8693693693693694,1,178,0.8018018018018018
1435,1,173,0.7792792792792793,1,158,0.7117117117117117
1436,1,153,0.6891891891891891,1,138,0.6216216216216216
1437,1,133,0.5990990990990991,1,118,0.5315315315315315
1438,1,113,0.509009009009009,1,98,0.44144144144144143
1439,1,93,0.4189189189189189,1,78,0.35135135135135137
1440,1,73,0.32882882882882886,1,58,0.26126126126126126
1441,1,53,0.23873873873873874,1,38,0.17117117117117117
1442,1,33,0.14864864864864866,1,18,0.08108108108108109
1443,1,13,0.05855855855855856,1,174,0.7837837837837838
1444,1,169,0.7612612612612613,1,154,0.6936936936936937
1445,1,149,0.6711711711711712,1,134,0.6036036036036037
1446,1,129,0.581081081081081,1,114,0.5135135135135135
1447,1,109,0.49099099099099097,1,94,0.42342342342342343
1448,1,89,0.4009009009009009,1,74,0.3333333333333333
1449,1,69,0.3108108108108108,1,54,0.24324324324324326
1450,1,49,0.22072072072072071,1,34,0.15315315315315314
1451,1,29,0.13063063063063063,1,14,0.06306306306306306
1452,1,30,0.13513513513513514,1,185,0.8333333333333334
1453,1,10,0.04504504504504504,1,165,0.7432432432432432
1454,1,161,0.7252252252252253,1,145,0.6531531531531531
1455,1,141,0.6351351351351351,1,125,0.5630630630630631
1456,1,121,0.545045045045045,1,105,0.47297297297297297
1457,1,101,0.45495495495495497,1,85,0.38288288288288286
1458,1,81,0.36486486486486486,1,65,0.2927927927927928
1459,1,61,0.2747747747747748,1,45,0.20270270270270271
1460,1,41,0.18468468468468469,1,25,0.11261261261261261
1461,1,21,0.0945945945945946,1,5,0.02252252252252252
1462,1,1,0.0045045045045045045,0,-1,-1.0
1463,0,-1,-1.0,0,-1,-1.0
1464,0,-1,-1.0,1,214,0.963963963963964
1465,1,210,0.9459459459459459,1,194,0.8738738738738738
1466,1,190,0.8558558558558559,1,174,0.7837837837837838
1467,1,170,0.7657657657657657,1,154,0.6936936936936937
1468,1,150,0.6756756756756757,1,134,0.6036036036036037
1469,1,130,0.5855855855855856,1,114,0.5135135135135135
1470,1,110,0.4954954954954955,1,94,0.42342342342342343
1471,1,90,0.40540540540540543,1,74,0.3333333333333333
1472,1,70,0.3153153153153153,1,54,0.24324324324324326
1473,1,50,0.22522522522522523,1,34,0.15315315315315314
1474,1,30,0.13513513513513514,1,14,0.06306306306306306
1475,1,10,0.04504504504504504,0,-1,-1.0
1476,1,220,0.990990990990991,1,204,0.918918918918919
1477,1,200,0.9009009009009009,1,184,0.8288288288288288
1478,1,180,0.8108108108108109,1,164,0.7387387387387387
1479,1,160,0.7207207207207207,1,144,0.6486486486486487
1480,1,140,0.6306306306306306,1,124,0.5585585585585585
1481,1,120,0.5405405405405406,1,104,0.46846846846846846
1482,1,100,0.45045045045045046,1,84,0.3783783783783784
1483,1,80,0.36036036036036034,1,64,0.2882882882882883
1484,1,60,0.2702702702702703,1,44,0.1981981981981982
1485,1,80,0.36036036036036034,0,-1,-1.0
1486,1,60,0.2702702702702703,0,-1,-1.0
1487,1,40,0.18018018018018017,1,216,0.972972972972973
1488,1,20,0.09009009009009009,1,196,0.8828828828828829
1489,1,0,0.0,1,176,0.7927927927927928
1490,1,197,0.8873873873873874,1,156,0.7027027027027027
1491,1,177,0.7972972972972973,1,136,0.6126126126126126
1492,1,157,0.7072072072072072,1,116,0.5225225225225225
1493,1,137,0.6171171171171171,1,96,0.43243243243243246
1494,1,117,0.527027027027027,1,76,0.34234234234234234
1495,1,97,0.4369369369369369,1,56,0.25225225225225223
1496,1,77,0.34684684684684686,1,36,0.16216216216216217
1497,1,57,0.25675675675675674,1,16,0.07207207207207207
1498,1,37,0.16666666666666666,0,-1,-1.0
1499,1,17,0.07657657657657657,0,-1,-1.0
1500,0,-1,-1.0,1,220,0.990990990990991
1501,0,-1,-1.0,1,200,0.9009009009009009
1502,1,221,0.9954954954954955,1,180,0.8108108108108109
1503,1,201,0.9054054054054054,1,160,0.7207207207207207
1504,1,181,0.8153153153153153,1,140,0.6306306306306306
1505,1,161,0.7252252252252253,1,120,0.5405405405405406
1506,1,141,0.6351351351351351,1,100,0.45045045045045046
1507,1,121,0.545045045045045,1,80,0.36036036036036034
1508,1,101,0.45495495495495497,1,60,0.2702702702702703
1509,1,81,0.36486486486486486,1,40,0.18018018018018017
1510,1,61,0.2747747747747748,1,20,0.09009009009009009
1511,1,41,0.18468468468468469,1,0,0.0
1512,1,21,0.0945945945945946,0,-1,-1.0
1513,1,1,0.0045045045045045045,1,215,0.9684684684684685
1514,0,-1,-1.0,1,195,0.8783783783783784
1515,1,216,0.972972972972973,1,175,0.7882882882882883
1516,1,196,0.8828828828828829,1,155,0.6981981981981982
1517,1,176,0.7927927927927928,1,135,0.6081081081081081
1518,1,156,0.7027027027027027,1,115,0.5180180180180181
1519,1,136,0.6126126126126126,1,95,0.42792792792792794
1520,1,116,0.5225225225225225,1,75,0.33783783783783783
1521,1,96,0.43243243243243246,1,55,0.24774774774774774
1522,1,76,0.34234234234234234,1,35,0.15765765765765766
1523,1,56,0.25225225225225223,1,15,0.06756756756756757
1524,1,36,0.16216216216216217,0,-1,-1.0
1525,1,16,0.07207207207207207,0,-1,-1.0
1526,0,-1,-1.0,0,-1,-1.0
1527,0,-1,-1.0,0,-1,-1.0
1528,0,-1,-1.0,0,-1,-1.0
1529,0,-1,-1.0,0,-1,-1.0
1530,0,-1,-1.0,1,213,0.9594594594594594
1531,1,44,0.1981981981981982,0,-1,-1.0
1532,1,24,0.10810810810810811,1,205,0.9234234234234234
1533,1,4,0.018018018018018018,1,185,0.8333333333333334
1534,1,188,0.8468468468468469,1,165,0.7432432432432432
1535,1,168,0.7567567567567568,1,145,0.6531531531531531
1536,1,148,0.6666666666666666,1,125,0.5630630630630631
1537,1,128,0.5765765765765766,1,105,0.47297297297297297
1538,1,108,0.4864864864864865,1,85,0.38288288288288286
1539,1,88,0.3963963963963964,1,65,0.2927927927927928
1540,1,68,0.3063063063063063,1,45,0.20270270270270271
1541,1,48,0.21621621621621623,1,25,0.11261261261261261
1542,1,28,0.12612612612612611,1,5,0.02252252252252252
1543,1,8,0.036036036036036036,0,-1,-1.0
1544,0,-1,-1.0,1,212,0.954954954954955
1545,1,215,0.9684684684684685,1,192,0.8648648648648649
1546,1,195,0.8783783783783784,1,172,0.7747747747747747
1547,1,175,0.7882882882882883,1,152,0.6846846846846847
1548,1,155,0.6981981981981982,1,132,0.5945945945945946
1549,1,135,0.6081081081081081,1,112,0.5045045045045045
1550,1,115,0.5180180180180181,1,92,0.4144144144144144
1551,1,95,0.42792792792792794,1,72,0.32432432432432434
1552,1,75,0.33783783783783783,1,52,0.23423423423423423
1553,1,55,0.24774774774774774,1,32,0.14414414414414414
1554,1,35,0.15765765765765766,1,12,0.05405405405405406
1555,1,15,0.06756756756756757,1,214,0.963963963963964
1556,1,217,0.9774774774774775,1,194,0.8738738738738738
1557,1,197,0.8873873873873874,1,174,0.7837837837837838
1558,1,177,0.7972972972972973,1,154,0.6936936936936937
1559,1,157,0.7072072072072072,1,134,0.6036036036036037
1560,1,137,0.6171171171171171,1,114,0.5135135135135135
1561,1,117,0.527027027027027,1,94,0.42342342342342343
1562,1,97,0.4369369369369369,1,74,0.3333333333333333
1563,1,77,0.34684684684684686,1,54,0.24324324324324326
1564,1,57,0.25675675675675674,1,34,0.15315315315315314
1565,1,37,0.16666666666666666,1,14,0.06306306306306306
1566,1,17,0.07657657657657657,0,-1,-1.0
1567,0,-1,-1.0,1,216,0.972972972972973
1568,1,74,0.3333333333333333,0,-1,-1.0
1569,1,54,0.24324324324324326,0,-1,-1.0
1570,1,34,0.15315315315315314,0,-1,-1.0
1571,1,14,0.06306306306306306,0,-1,-1.0
1572,0,-1,-1.0,0,-1,-1.0
1573,0,-1,-1.0,0,-1,-1.0
1574,0,-1,-1.0,0,-1,-1.0
1575,0,-1,-1.0,0,-1,-1.0
1576,0,-1,-1.0,0,-1,-1.0
1577,0,-1,-1.0,1,213,0.9594594594594594
1578,0,-1,-1.0,1,193,0.8693693693693694
1579,1,211,0.9504504504504504,1,173,0.7792792792792793
1580,1,191,0.8603603603603603,1,153,0.6891891891891891
1581,1,171,0.7702702702702703,1,133,0.5990990990990991
1582,1,151,0.6801801801801802,1,113,0.509009009009009
1583,1,131,0.5900900900900901,1,93,0.4189189189189189
1584,1,111,0.5,1,73,0.32882882882882886
1585,1,91,0.4099099099099099,1,53,0.23873873873873874
1586,1,71,0.31981981981981983,1,33,0.14864864864864866
1587,1,51,0.22972972972972974,1,13,0.05855855855855856
1588,1,31,0.13963963963963963,0,-1,-1.0
1589,1,11,0.04954954954954955,0,-1,-1.0
1590,0,-1,-1.0,0,-1,-1.0
1591,0,-1,-1.0,0,-1,-1.0
1592,0,-1,-1.0,0,-1,-1.0
1593,0,-1,-1.0,1,211,0.9504504504504504
1594,0,-1,-1.0,1,191,0.8603603603603603
1595,1,209,0.9414414414414415,1,171,0.7702702702702703
1596,1,189,0.8513513513513513,1,151,0.6801801801801802
1597,1,169,0.7612612612612613,1,131,0.5900900900900901
1598,1,149,0.6711711711711712,1,111,0.5
1599,1,129,0.581081081081081,1,91,0.4099099099099099
1600,1,109,0.49099099099099097,1,71,0.31981981981981983
1601,1,89,0.4009009009009009,1,51,0.22972972972972974
1602,1,69,0.3108108108108108,1,31,0.13963963963963963
1603,1,49,0.22072072072072071,1,11,0.04954954954954955
1604,1,29,0.13063063063063063,0,-1,-1.0
1605,1,9,0.04054054054054054,1,218,0.9819819819819819
1606,0,-1,-1.0,1,198,0.8918918918918919
1607,1,216,0.972972972972973,1,178,0.8018018018018018
1608,1,196,0.8828828828828829,1,158,0.7117117117117117
1609,1,176,0.7927927927927928,1,138,0.6216216216216216
1610,1,156,0.7027027027027027,1,118,0.5315315315315315
1611,1,136,0.6126126126126126,1,98,0.44144144144144143
1612,1,116,0.5225225225225225,1,78,0.35135135135135137
1613,1,96,0.43243243243243246,1,58,0.26126126126126126
1614,1,76,0.34234234234234234,1,38,0.17117117117117117
1615,1,56,0.25225225225225223,1,18,0.08108108108108109
1616,1,36,0.16216216216216217,0,-1,-1.0
1617,1,16,0.07207207207207207,0,-1,-1.0
1618,1,80,0.36036036036036034,0,-1,-1.0
1619,1,60,0.2702702702702703,0,-1,-1.0
1620,1,40,0.18018018018018017,0,-1,-1.0
1621,1,20,0.09009009009009009,0,-1,-1.0
1622,1,0,0.0,0,-1,-1.0
1623,0,-1,-1.0,0,-1,-1.0
1624,0,-1,-1.0,0,-1,-1.0
1625,0,-1,-1.0,0,-1,-1.0
1626,0,-1,-1.0,0,-1,-1.0
1627,0,-1,-1.0,1,219,0.9864864864864865
1628,0,-1,-1.0,1,199,0.8963963963963963
1629,1,220,0.990990990990991,1,179,0.8063063063063063
1630,1,200,0.9009009009009009,1,159,0.7162162162162162
1631,1,180,0.8108108108108109,1,139,0.6261261261261262
1632,1,160,0.7207207207207207,1,119,0.536036036036036
1633,1,140,0.6306306306306306,1,99,0.44594594594594594
1634,1,120,0.5405405405405406,1,79,0.35585585585585583
1635,1,100,0.45045045045045046,1,59,0.26576576576576577
1636,1,80,0.36036036036036034,1,39,0.17567567567567569
1637,1,60,0.2702702702702703,1,19,0.08558558558558559
1638,1,40,0.18018018018018017,0,-1,-1.0
1639,1,20,0.09009009009009009,0,-1,-1.0
1640,1,0,0.0,1,218,0.9819819819819819
1641,0,-1,-1.0,1,198,0.8918918918918919
1642,1,219,0.9864864864864865,1,178,0.8018018018018018
1643,1,199,0.8963963963963963,1,158,0.7117117117117117
1644,1,179,0.8063063063063063,1,138,0.6216216216216216
1645,1,159,0.7162162162162162,1,118,0.5315315315315315
1646,1,139,0.6261261261261262,1,98,0.44144144144144143
1647,1,119,0.536036036036036,1,78,0.35135135135135137
1648,1,99,0.44594594594594594,1,58,0.26126126126126126
1649,1,79,0.35585585585585583,1,38,0.17117117117117117
1650,1,59,0.26576576576576577,1,18,0.08108108108108109
1651,1,39,0.17567567567567569,0,-1,-1.0
1652,1,19,0.08558558558558559,1,217,0.9774774774774775
1653,0,-1,-1.0,1,197,0.8873873873873874
1654,1,218,0.9819819819819819,1,177,0.7972972972972973
1655,1,198,0.8918918918918919,1,157,0.7072072072072072
1656,1,178,0.8018018018018018,1,137,0.6171171171171171
1657,1,158,0.7117117117117117,1,117,0.527027027027027
1658,1,138,0.6216216216216216,1,97,0.4369369369369369
1659,1,118,0.5315315315315315,1,77,0.34684684684684686
1660,1,98,0.44144144144144143,1,57,0.25675675675675674
1661,1,78,0.35135135135135137,1,37,0.16666666666666666
1662,1,58,0.26126126126126126,1,17,0.07657657657657657
1663,1,38,0.17117117117117117,0,-1,-1.0
1664,1,18,0.08108108108108109,0,-1,-1.0
1665,0,-1,-1.0,0,-1,-1.0
1666,0,-1,-1.0,0,-1,-1.0
1667,0,-1,-1.0,1,203,0.9144144144144144
1668,1,86,0.38738738738738737,0,-1,-1.0
1669,1,66,0.2972972972972973,0,-1,-1.0
1670,1,46,0.2072072072072072,0,-1,-1.0
1671,1,26,0.11711711711711711,0,-1,-1.0
1672,1,6,0.02702702702702703,0,-1,-1.0
1673,0,-1,-1.0,0,-1,-1.0
1674,0,-1,-1.0,1,217,0.9774774774774775
1675,0,-1,-1.0,1,197,0.8873873873873874
1676,1,221,0.9954954954954955,1,177,0.7972972972972973
1677,1,201,0.9054054054054054,1,157,0.7072072072072072
1678,1,181,0.8153153153153153,1,137,0.6171171171171171
1679,1,161,0.7252252252252253,1,117,0.527027027027027
1680,1,141,0.6351351351351351,1,97,0.4369369369369369
1681,1,121,0.545045045045045,1,77,0.34684684684684686
1682,1,101,0.45495495495495497,1,57,0.25675675675675674
1683,1,81,0.36486486486486486,1,37,0.16666666666666666
1684,1,61,0.2747747747747748,1,17,0.07657657657657657
1685,1,41,0.18468468468468469,0,-1,-1.0
1686,1,21,0.0945945945945946,0,-1,-1.0
1687,1,1,0.0045045045045045045,0,-1,-1.0
1688,0,-1,-1.0,0,-1,-1.0
1689,0,-1,-1.0,0,-1,-1.0
1690,0,-1,-1.0,0,-1,-1.0
1691,0,-1,-1.0,0,-1,-1.0
1692,0,-1,-1.0,1,212,0.954954954954955
1693,0,-1,-1.0,1,192,0.8648648648648649
1694,1,216,0.972972972972973,1,172,0.7747747747747747
1695,1,196,0.8828828828828829,1,152,0.6846846846846847
1696,1,176,0.7927927927927928,1,132,0.5945945945945946
1697,1,156,0.7027027027027027,1,112,0.5045045045045045
1698,1,136,0.6126126126126126,1,92,0.4144144144144144
1699,1,116,0.5225225225225225,1,72,0.32432432432432434
1700,1,96,0.43243243243243246,1,52,0.23423423423423423
1701,1,76,0.34234234234234234,1,32,0.14414414414414414
1702,1,56,0.25225225225225223,1,12,0.05405405405405406
1703,1,36,0.16216216216216217,0,-1,-1.0
1704,1,16,0.07207207207207207,0,-1,-1.0
1705,0,-1,-1.0,1,216,0.972972972972973
1706,0,-1,-1.0,1,196,0.8828828828828829
1707,1,220,0.990990990990991,1,176,0.7927927927927928
1708,1,200,0.9009009009009009,1,156,0.7027027027027027
1709,1,180,0.8108108108108109,1,136,0.6126126126126126
1710,1,160,0.7207207207207207,1,116,0.5225225225225225
1711,1,140,0.6306306306306306,1,96,0.43243243243243246
1712,1,120,0.5405405405405406,1,76,0.34234234234234234
1713,1,100,0.45045045045045046,1,56,0.25225225225225223
1714,1,80,0.36036036036036034,1,36,0.16216216216216217
1715,1,60,0.2702702702702703,1,16,0.07207207207207207
1716,1,40,0.18018018018018017,1,222,1.0
1717,1,20,0.09009009009009009,1,202,0.9099099099099099
1718,1,20,0.09009009009009009,0,-1,-1.0
1719,1,0,0.0,0,-1,-1.0
1720,0,-1,-1.0,0,-1,-1.0
1721,0,-1,-1.0,1,221,0.9954954954954955
1722,1,212,0.954954954954955,1,201,0.9054054054054054
1723,1,192,0.8648648648648649,1,181,0.8153153153153153
1724,1,172,0.7747747747747747,1,161,0.7252252252252253
1725,1,152,0.6846846846846847,1,141,0.6351351351351351
1726,1,132,0.5945945945945946,1,121,0.545045045045045
1727,1,112,0.5045045045045045,1,101,0.45495495495495497
1728,1,92,0.4144144144144144,1,81,0.36486486486486486
1729,1,72,0.32432432432432434,1,61,0.2747747747747748
1730,1,52,0.23423423423423423,1,41,0.18468468468468469
1731,1,32,0.14414414414414414,1,21,0.0945945945945946
1732,1,12,0.05405405405405406,1,1,0.0045045045045045045
1733,0,-1,-1.0,0,-1,-1.0
1734,0,-1,-1.0,0,-1,-1.0
1735,0,-1,-1.0,1,217,0.9774774774774775
1736,1,208,0.9369369369369369,1,197,0.8873873873873874
1737,1,188,0.8468468468468469,1,177,0.7972972972972973
1738,1,168,0.7567567567567568,1,157,0.7072072072072072
1739,1,148,0.6666666666666666,1,137,0.6171171171171171
1740,1,128,0.5765765765765766,1,117,0.527027027027027
1741,1,108,0.4864864864864865,1,97,0.4369369369369369
1742,1,88,0.3963963963963964,1,77,0.34684684684684686
1743,1,68,0.3063063063063063,1,57,0.25675675675675674
1744,1,48,0.21621621621621623,1,37,0.16666666666666666
1745,1,28,0.12612612612612611,1,17,0.07657657657657657
1746,1,8,0.036036036036036036,0,-1,-1.0
1747,0,-1,-1.0,1,217,0.9774774774774775
1748,1,208,0.9369369369369369,1,197,0.8873873873873874
1749,1,188,0.8468468468468469,1,177,0.7972972972972973
1750,1,168,0.7567567567567568,1,157,0.7072072072072072
1751,1,148,0.6666666666666666,1,137,0.6171171171171171
1752,1,128,0.5765765765765766,1,117,0.527027027027027
1753,1,108,0.4864864864864865,1,97,0.4369369369369369
1754,1,88,0.3963963963963964,1,77,0.34684684684684686
1755,1,68,0.3063063063063063,1,57,0.25675675675675674
1756,1,48,0.21621621621621623,1,37,0.16666666666666666
1757,1,28,0.12612612612612611,1,17,0.07657657657657657
1758,1,8,0.036036036036036036,0,-1,-1.0
1759,0,-1,-1.0,1,212,0.954954954954955
1760,1,24,0.10810810810810811,1,175,0.7882882882882883
1761,1,4,0.018018018018018018,1,155,0.6981981981981982
1762,1,148,0.6666666666666666,1,135,0.6081081081081081
1763,1,128,0.5765765765765766,1,115,0.5180180180180181
1764,1,108,0.4864864864864865,1,95,0.42792792792792794
1765,1,88,0.3963963963963964,1,75,0.33783783783783783
1766,1,68,0.3063063063063063,1,55,0.24774774774774774
1767,1,48,0.21621621621621623,1,35,0.15765765765765766
1768,1,28,0.12612612612612611,1,15,0.06756756756756757
1769,1,8,0.036036036036036036,0,-1,-1.0
1770,0,-1,-1.0,0,-1,-1.0
1771,0,-1,-1.0,1,215,0.9684684684684685
1772,1,208,0.9369369369369369,1,195,0.8783783783783784
1773,1,188,0.8468468468468469,1,175,0.7882882882882883
1774,1,168,0.7567567567567568,1,155,0.6981981981981982
1775,1,148,0.6666666666666666,1,135,0.6081081081081081
1776,1,128,0.5765765765765766,1,115,0.5180180180180181
1777,1,108,0.4864864864864865,1,95,0.42792792792792794
1778,1,88,0.3963963963963964,1,75,0.33783783783783783
1779,1,68,0.3063063063063063,1,55,0.24774774774774774
1780,1,48,0.21621621621621623,1,35,0.15765765765765766
1781,1,28,0.12612612612612611,1,15,0.06756756756756757
1782,1,8,0.036036036036036036,1,205,0.9234234234234234
1783,1,198,0.8918918918918919,1,185,0.8333333333333334
1784,1,178,0.8018018018018018,1,165,0.7432432432432432
1785,1,158,0.7117117117117117,1,145,0.6531531531531531
1786,1,138,0.6216216216216216,1,125,0.5630630630630631
1787,1,118,0.5315315315315315,1,105,0.47297297297297297
1788,1,98,0.44144144144144143,1,85,0.38288288288288286
1789,1,78,0.35135135135135137,1,65,0.2927927927927928
1790,1,58,0.26126126126126126,1,45,0.20270270270270271
1791,1,38,0.17117117117117117,1,25,0.11261261261261261
1792,1,18,0.08108108108108109,1,5,0.02252252252252252
1793,0,-1,-1.0,0,-1,-1.0
1794,1,22,0.0990990990990991,0,-1,-1.0
1795,1,2,0.009009009009009009,0,-1,-1.0
1796,0,-1,-1.0,0,-1,-1.0
1797,1,219,0.9864864864864865,1,207,0.9324324324324325
1798,1,199,0.8963963963963963,1,187,0.8423423423423423
1799,1,179,0.8063063063063063,1,167,0.7522522522522522
1800,1,159,0.7162162162162162,1,147,0.6621621621621622
1801,1,139,0.6261261261261262,1,127,0.5720720720720721
1802,1,119,0.536036036036036,1,107,0.481981981981982
1803,1,99,0.44594594594594594,1,87,0.3918918918918919
1804,1,79,0.35585585585585583,1,67,0.30180180180180183
1805,1,59,0.26576576576576577,1,47,0.21171171171171171
1806,1,39,0.17567567567567569,1,27,0.12162162162162163
1807,1,19,0.08558558558558559,1,7,0.03153153153153153
1808,0,-1,-1.0,0,-1,-1.0
1809,0,-1,-1.0,0,-1,-1.0
1810,0,-1,-1.0,0,-1,-1.0
1811,0,-1,-1.0,0,-1,-1.0
1812,0,-1,-1.0,0,-1,-1.0
1813,0,-1,-1.0,1,217,0.9774774774774775
1814,1,209,0.9414414414414415,1,197,0.8873873873873874
1815,1,189,0.8513513513513513,1,177,0.7972972972972973
1816,1,169,0.7612612612612613,1,157,0.7072072072072072
1817,1,149,0.6711711711711712,1,137,0.6171171171171171
1818,1,129,0.581081081081081,1,117,0.527027027027027
1819,1,109,0.49099099099099097,1,97,0.4369369369369369
1820,1,89,0.4009009009009009,1,77,0.34684684684684686
1821,1,69,0.3108108108108108,1,57,0.25675675675675674
1822,1,49,0.22072072072072071,1,37,0.16666666666666666
1823,1,29,0.13063063063063063,1,17,0.07657657657657657
1824,1,9,0.04054054054054054,1,193,0.8693693693693694
1825,1,76,0.34234234234234234,0,-1,-1.0
1826,1,56,0.25225225225225223,0,-1,-1.0
1827,1,36,0.16216216216216217,0,-1,-1.0
1828,1,16,0.07207207207207207,0,-1,-1.0
1829,0,-1,-1.0,0,-1,-1.0
1830,0,-1,-1.0,0,-1,-1.0
1831,0,-1,-1.0,0,-1,-1.0
1832,0,-1,-1.0,1,206,0.9279279279279279
1833,0,-1,-1.0,1,186,0.8378378378378378
1834,1,205,0.9234234234234234,1,166,0.7477477477477478
1835,1,185,0.8333333333333334,1,146,0.6576576576576577
1836,1,165,0.7432432432432432,1,126,0.5675675675675675
1837,1,145,0.6531531531531531,1,106,0.4774774774774775
1838,1,125,0.5630630630630631,1,86,0.38738738738738737
1839,1,105,0.47297297297297297,1,66,0.2972972972972973
1840,1,85,0.38288288288288286,1,46,0.2072072072072072
1841,1,65,0.2927927927927928,1,26,0.11711711711711711
1842,1,45,0.20270270270270271,1,6,0.02702702702702703
1843,1,25,0.11261261261261261,0,-1,-1.0
1844,1,5,0.02252252252252252,1,214,0.963963963963964
1845,0,-1,-1.0,1,194,0.8738738738738738
1846,1,213,0.9594594594594594,1,174,0.7837837837837838
1847,1,193,0.8693693693693694,1,154,0.6936936936936937
1848,1,173,0.7792792792792793,1,134,0.6036036036036037
1849,1,153,0.6891891891891891,1,114,0.5135135135135135
1850,1,133,0.5990990990990991,1,94,0.42342342342342343
1851,1,113,0.509009009009009,1,74,0.3333333333333333
1852,1,93,0.4189189189189189,1,54,0.24324324324324326
1853,1,73,0.32882882882882886,1,34,0.15315315315315314
1854,1,53,0.23873873873873874,1,14,0.06306306306306306
1855,1,33,0.14864864864864866,0,-1,-1.0
1856,1,13,0.05855855855855856,0,-1,-1.0
1857,0,-1,-1.0,0,-1,-1.0
1858,0,-1,-1.0,1,218,0.9819819819819819
1859,0,-1,-1.0,1,198,0.8918918918918919
1860,1,217,0.9774774774774775,1,178,0.8018018018018018
1861,1,197,0.8873873873873874,1,158,0.7117117117117117
1862,1,177,0.7972972972972973,1,138,0.6216216216216216
1863,1,157,0.7072072072072072,1,118,0.5315315315315315
1864,1,137,0.6171171171171171,1,98,0.44144144144144143
1865,1,117,0.527027027027027,1,78,0.35135135135135137
1866,1,97,0.4369369369369369,1,58,0.26126126126126126
1867,1,77,0.34684684684684686,1,38,0.17117117117117117
1868,1,57,0.25675675675675674,1,18,0.08108108108108109
1869,1,37,0.16666666666666666,0,-1,-1.0
1870,1,17,0.07657657657657657,0,-1,-1.0
1871,0,-1,-1.0,0,-1,-1.0
1872,0,-1,-1.0,0,-1,-1.0
1873,0,-1,-1.0,1,210,0.9459459459459459
1874,0,-1,-1.0,1,190,0.8558558558558559
1875,1,80,0.36036036036036034,0,-1,-1.0
1876,1,60,0.2702702702702703,0,-1,-1.0
1877,1,40,0.18018018018018017,0,-1,-1.0
1878,1,20,0.09009009009009009,0,-1,-1.0
1879,1,0,0.0,0,-1,-1.0
1880,0,-1,-1.0,0,-1,-1.0
1881,0,-1,-1.0,1,212,0.954954954954955
1882,0,-1,-1.0,1,192,0.8648648648648649
1883,1,213,0.9594594594594594,1,172,0.7747747747747747
1884,1,193,0.8693693693693694,1,152,0.6846846846846847
1885,1,173,0.7792792792792793,1,132,0.5945945945945946
1886,1,153,0.6891891891891891,1,112,0.5045045045045045
1887,1,133,0.5990990990990991,1,92,0.4144144144144144
1888,1,113,0.509009009009009,1,72,0.32432432432432434
1889,1,93,0.4189189189189189,1,52,0.23423423423423423
1890,1,73,0.32882882882882886,1,32,0.14414414414414414
1891,1,53,0.23873873873873874,1,12,0.05405405405405406
1892,1,33,0.14864864864864866,1,220,0.990990990990991
1893,1,13,0.05855855855855856,1,200,0.9009009009009009
1894,1,221,0.9954954954954955,1,180,0.8108108108108109
1895,1,201,0.9054054054054054,1,160,0.7207207207207207
1896,1,181,0.8153153153153153,1,140,0.6306306306306306
1897,1,161,0.7252252252252253,1,120,0.5405405405405406
1898,1,141,0.6351351351351351,1,100,0.45045045045045046
1899,1,121,0.545045045045045,1,80,0.36036036036036034
1900,1,101,0.45495495495495497,1,60,0.2702702702702703
1901,1,81,0.36486486486486486,1,40,0.18018018018018017
1902,1,61,0.2747747747747748,1,20,0.09009009009009009
1903,1,41,0.18468468468468469,1,0,0.0
1904,1,21,0.0945945945945946,0,-1,-1.0
1905,1,1,0.0045045045045045045,1,215,0.9684684684684685
1906,0,-1,-1.0,1,195,0.8783783783783784
1907,1,216,0.972972972972973,1,175,0.7882882882882883
1908,1,196,0.8828828828828829,1,155,0.6981981981981982
1909,1,176,0.7927927927927928,1,135,0.6081081081081081
1910,1,156,0.7027027027027027,1,115,0.5180180180180181
1911,1,136,0.6126126126126126,1,95,0.42792792792792794
1912,1,116,0.5225225225225225,1,75,0.33783783783783783
1913,1,96,0.43243243243243246,1,55,0.24774774774774774
1914,1,76,0.34234234234234234,1,35,0.15765765765765766
1915,1,20,0.09009009009009009,1,202,0.9099099099099099
1916,1,0,0.0,1,182,0.8198198198198198
1917,1,173,0.7792792792792793,1,162,0.7297297297297297
1918,1,153,0.6891891891891891,1,142,0.6396396396396397
1919,1,133,0.5990990990990991,1,122,0.5495495495495496
1920,1,113,0.509009009009009,1,102,0.4594594594594595
1921,1,93,0.4189189189189189,1,82,0.36936936936936937
1922,1,73,0.32882882882882886,1,62,0.27927927927927926
1923,1,53,0.23873873873873874,1,42,0.1891891891891892
1924,1,33,0.14864864864864866,1,22,0.0990990990990991
1925,1,13,0.05855855855855856,1,2,0.009009009009009009
1926,0,-1,-1.0,0,-1,-1.0
1927,0,-1,-1.0,0,-1,-1.0
1928,1,220,0.990990990990991,1,209,0.9414414414414415
1929,1,200,0.9009009009009009,1,189,0.8513513513513513
1930,1,180,0.8108108108108109,1,169,0.7612612612612613
1931,1,160,0.7207207207207207,1,149,0.6711711711711712
1932,1,140,0.6306306306306306,1,129,0.581081081081081
1933,1,120,0.5405405405405406,1,109,0.49099099099099097
1934,1,100,0.45045045045045046,1,89,0.4009009009009009
1935,1,80,0.36036036036036034,1,69,0.3108108108108108
1936,1,60,0.2702702702702703,1,49,0.22072072072072071
1937,1,40,0.18018018018018017,1,29,0.13063063063063063
1938,1,20,0.09009009009009009,1,9,0.04054054054054054
1939,1,0,0.0,0,-1,-1.0
1940,1,221,0.9954954954954955,1,210,0.9459459459459459
1941,1,201,0.9054054054054054,1,190,0.8558558558558559
1942,1,181,0.8153153153153153,1,170,0.7657657657657657
1943,1,161,0.7252252252252253,1,150,0.6756756756756757
1944,1,141,0.6351351351351351,1,130,0.5855855855855856
1945,1,121,0.545045045045045,1,110,0.4954954954954955
1946,1,101,0.45495495495495497,1,90,0.40540540540540543
1947,1,81,0.36486486486486486,1,70,0.3153153153153153
1948,1,61,0.2747747747747748,1,50,0.22522522522522523
1949,1,41,0.18468468468468469,1,30,0.13513513513513514
1950,1,21,0.0945945945945946,1,10,0.04504504504504504
1951,1,1,0.0045045045045045045,0,-1,-1.0
1952,0,-1,-1.0,1,219,0.9864864864864865
1953,1,72,0.32432432432432434,0,-1,-1.0
1954,1,52,0.23423423423423423,0,-1,-1.0
1955,1,32,0.14414414414414414,0,-1,-1.0
1956,1,12,0.05405405405405406,1,210,0.9459459459459459
1957,0,-1,-1.0,1,190,0.8558558558558559
1958,1,207,0.9324324324324325,1,170,0.7657657657657657
1959,1,187,0.8423423423423423,1,150,0.6756756756756757
1960,1,167,0.7522522522522522,1,130,0.5855855855855856
1961,1,147,0.6621621621621622,1,110,0.4954954954954955
1962,1,127,0.5720720720720721,1,90,0.40540540540540543
1963,1,107,0.481981981981982,1,70,0.3153153153153153
1964,1,87,0.3918918918918919,1,50,0.22522522522522523
1965,1,67,0.30180180180180183,1,30,0.13513513513513514
1966,1,47,0.21171171171171171,1,10,0.04504504504504504
1967,1,27,0.12162162162162163,0,-1,-1.0
1968,1,7,0.03153153153153153,0,-1,-1.0
1969,0,-1,-1.0,1,210,0.9459459459459459
1970,0,-1,-1.0,1,190,0.8558558558558559
1971,1,207,0.9324324324324325,1,170,0.7657657657657657
1972,1,187,0.8423423423423423,1,150,0.6756756756756757
1973,1,167,0.7522522522522522,1,130,0.5855855855855856
1974,1,147,0.6621621621621622,1,110,0.4954954954954955
1975,1,127,0.5720720720720721,1,90,0.40540540540540543
1976,1,107,0.481981981981982,1,70,0.3153153153153153
1977,1,87,0.3918918918918919,1,50,0.22522522522522523
1978,1,67,0.30180180180180183,1,30,0.13513513513513514
1979,1,47,0.21171171171171171,1,10,0.04504504504504504
1980,1,27,0.12162162162162163,0,-1,-1.0
1981,1,7,0.03153153153153153,0,-1,-1.0
1982,0,-1,-1.0,0,-1,-1.0
1983,0,-1,-1.0,0,-1,-1.0
1984,0,-1,-1.0,1,217,0.9774774774774775
1985,1,80,0.36036036036036034,0,-1,-1.0
1986,1,60,0.2702702702702703,0,-1,-1.0
1987,1,40,0.18018018018018017,1,220,0.990990990990991
1988,1,20,0.09009009009009009,1,200,0.9009009009009009
1989,1,0,0.0,1,180,0.8108108108108109
1990,1,201,0.9054054054054054,1,160,0.7207207207207207
1991,1,181,0.8153153153153153,1,140,0.6306306306306306
1992,1,161,0.7252252252252253,1,120,0.5405405405405406
1993,1,141,0.6351351351351351,1,100,0.45045045045045046
1994,1,121,0.545045045045045,1,80,0.36036036036036034
1995,1,101,0.45495495495495497,1,60,0.2702702702702703
1996,1,81,0.36486486486486486,1,40,0.18018018018018017
1997,1,61,0.2747747747747748,1,20,0.09009009009009009
1998,1,41,0.18468468468468469,1,0,0.0
1999,1,21,0.0945945945945946,1,176,0.7927927927927928
2000,1,1,0.0045045045045045045,1,156,0.7027027027027027
2001,1,177,0.7972972972972973,1,136,0.6126126126126126
2002,1,157,0.7072072072072072,1,116,0.5225225225225225
2003,1,137,0.6171171171171171,1,96,0.43243243243243246
2004,1,117,0.527027027027027,1,76,0.34234234234234234
2005,1,97,0.4369369369369369,1,56,0.25225225225225223
2006,1,77,0.34684684684684686,1,36,0.16216216216216217
2007,1,57,0.25675675675675674,1,16,0.07207207207207207
2008,1,37,0.16666666666666666,1,214,0.963963963963964
2009,1,17,0.07657657657657657,1,194,0.8738738738738738
2010,1,82,0.36936936936936937,0,-1,-1.0
2011,1,62,0.27927927927927926,0,-1,-1.0
2012,1,42,0.1891891891891892,0,-1,-1.0
2013,1,22,0.0990990990990991,0,-1,-1.0
2014,1,2,0.009009009009009009,0,-1,-1.0
2015,0,-1,-1.0,0,-1,-1.0
2016,0,-1,-1.0,0,-1,-1.0
2017,0,-1,-1.0,0,-1,-1.0
2018,0,-1,-1.0,1,217,0.9774774774774775
2019,0,-1,-1.0,1,197,0.8873873873873874
2020,1,219,0.9864864864864865,1,177,0.7972972972972973
2021,1,199,0.8963963963963963,1,157,0.7072072072072072
2022,1,179,0.8063063063063063,1,137,0.6171171171171171
2023,1,159,0.7162162162162162,1,117,0.527027027027027
2024,1,139,0.6261261261261262,1,97,0.4369369369369369
2025,1,119,0.536036036036036,1,77,0.34684684684684686
2026,1,99,0.44594594594594594,1,57,0.25675675675675674
2027,1,79,0.35585585585585583,1,37,0.16666666666666666
2028,1,59,0.26576576576576577,1,17,0.07657657657657657
2029,1,39,0.17567567567567569,0,-1,-1.0
2030,1,19,0.08558558558558559,1,215,0.9684684684684685
2031,0,-1,-1.0,1,195,0.8783783783783784
2032,1,217,0.9774774774774775,1,175,0.7882882882882883
2033,1,197,0.8873873873873874,1,155,0.6981981981981982
2034,1,177,0.7972972972972973,1,135,0.6081081081081081
2035,1,157,0.7072072072072072,1,115,0.5180180180180181
2036,1,137,0.6171171171171171,1,95,0.42792792792792794
2037,1,117,0.527027027027027,1,75,0.33783783783783783
2038,1,97,0.4369369369369369,1,55,0.24774774774774774
2039,1,77,0.34684684684684686,1,35,0.15765765765765766
2040,1,57,0.25675675675675674,1,15,0.06756756756756757
2041,1,37,0.16666666666666666,1,195,0.8783783783783784
2042,1,17,0.07657657657657657,1,175,0.7882882882882883
2043,1,197,0.8873873873873874,1,155,0.6981981981981982
2044,1,177,0.7972972972972973,1,135,0.6081081081081081
2045,1,157,0.7072072072072072,1,115,0.5180180180180181
2046,1,137,0.6171171171171171,1,95,0.42792792792792794
2047,1,117,0.527027027027027,1,75,0.33783783783783783
2048,1,97,0.4369369369369369,1,55,0.24774774774774774
2049,1,77,0.34684684684684686,1,35,0.15765765765765766
2050,1,57,0.25675675675675674,1,15,0.06756756756756757
2051,1,24,0.10810810810810811,1,201,0.9054054054054054
2052,1,4,0.018018018018018018,1,181,0.8153153153153153
2053,1,174,0.7837837837837838,1,161,0.7252252252252253
2054,1,154,0.6936936936936937,1,141,0.6351351351351351
2055,1,134,0.6036036036036037,1,121,0.545045045045045
2056,1,114,0.5135135135135135,1,101,0.45495495495495497
2057,1,94,0.42342342342342343,1,81,0.36486486486486486
2058,1,74,0.3333333333333333,1,61,0.2747747747747748
2059,1,54,0.24324324324324326,1,41,0.18468468468468469
2060,1,34,0.15315315315315314,1,21,0.0945945945945946
2061,1,14,0.06306306306306306,1,1,0.0045045045045045045
2062,1,153,0.6891891891891891,1,140,0.6306306306306306
2063,1,133,0.5990990990990991,1,120,0.5405405405405406
2064,1,113,0.509009009009009,1,100,0.45045045045045046
2065,1,93,0.4189189189189189,1,80,0.36036036036036034
2066,1,73,0.32882882882882886,1,60,0.2702702702702703
2067,1,53,0.23873873873873874,1,40,0.18018018018018017
2068,1,33,0.14864864864864866,1,20,0.09009009009009009
2069,1,13,0.05855855855855856,1,0,0.0
2070,1,166,0.7477477477477478,1,153,0.6891891891891891
2071,1,146,0.6576576576576577,1,133,0.5990990990990991
2072,1,126,0.5675675675675675,1,113,0.509009009009009
2073,1,106,0.4774774774774775,1,93,0.4189189189189189
2074,1,86,0.38738738738738737,1,73,0.32882882882882886
2075,1,66,0.2972972972972973,1,53,0.23873873873873874
2076,1,46,0.2072072072072072,1,33,0.14864864864864866
2077,1,26,0.11711711711711711,1,13,0.05855855855855856
2078,1,50,0.22522522522522523,1,205,0.9234234234234234
2079,1,30,0.13513513513513514,1,185,0.8333333333333334
2080,1,10,0.04504504504504504,1,165,0.7432432432432432
2081,1,171,0.7702702702702703,1,145,0.6531531531531531
2082,1,151,0.6801801801801802,1,125,0.5630630630630631
2083,1,131,0.5900900900900901,1,105,0.47297297297297297
2084,1,111,0.5,1,85,0.38288288288288286
2085,1,91,0.4099099099099099,1,65,0.2927927927927928
2086,1,71,0.31981981981981983,1,45,0.20270270270270271
2087,1,51,0.22972972972972974,1,25,0.11261261261261261
2088,1,31,0.13963963963963963,1,5,0.02252252252252252
2089,1,11,0.04954954954954955,0,-1,-1.0
2090,0,-1,-1.0,0,-1,-1.0
2091,0,-1,-1.0,0,-1,-1.0
2092,0,-1,-1.0,1,221,0.9954954954954955
2093,0,-1,-1.0,1,201,0.9054054054054054
2094,1,207,0.9324324324324325,1,181,0.8153153153153153
2095,1,187,0.8423423423423423,1,161,0.7252252252252253
2096,1,167,0.7522522522522522,1,141,0.6351351351351351
2097,1,147,0.6621621621621622,1,121,0.545045045045045
2098,1,127,0.5720720720720721,1,101,0.45495495495495497
2099,1,107,0.481981981981982,1,81,0.36486486486486486
2100,1,87,0.3918918918918919,1,61,0.2747747747747748
2101,1,67,0.30180180180180183,1,41,0.18468468468468469
2102,1,47,0.21171171171171171,1,21,0.0945945945945946
2103,1,27,0.12162162162162163,1,1,0.0045045045045045045
2104,1,44,0.1981981981981982,0,-1,-1.0
2105,1,24,0.10810810810810811,1,218,0.9819819819819819
2106,1,4,0.018018018018018018,1,198,0.8918918918918919
2107,1,201,0.9054054054054054,1,178,0.8018018018018018
2108,1,181,0.8153153153153153,1,158,0.7117117117117117
2109,1,161,0.7252252252252253,1,138,0.6216216216216216
2110,1,141,0.6351351351351351,1,118,0.5315315315315315
2111,1,121,0.545045045045045,1,98,0.44144144144144143
2112,1,101,0.45495495495495497,1,78,0.35135135135135137
2113,1,81,0.36486486486486486,1,58,0.26126126126126126
2114,1,61,0.2747747747747748,1,38,0.17117117117117117
2115,1,41,0.18468468468468469,1,18,0.08108108108108109
2116,1,21,0.0945945945945946,0,-1,-1.0
2117,1,1,0.0045045045045045045,1,220,0.990990990990991
2118,0,-1,-1.0,1,200,0.9009009009009009
2119,1,203,0.9144144144144144,1,180,0.8108108108108109
2120,1,183,0.8243243243243243,1,160,0.7207207207207207
2121,1,163,0.7342342342342343,1,140,0.6306306306306306
2122,1,143,0.6441441441441441,1,120,0.5405405405405406
2123,1,123,0.5540540540540541,1,100,0.45045045045045046
2124,1,103,0.46396396396396394,1,80,0.36036036036036034
2125,1,83,0.3738738738738739,1,60,0.2702702702702703
2126,1,63,0.28378378378378377,1,40,0.18018018018018017
2127,1,43,0.19369369369369369,1,20,0.09009009009009009
2128,1,23,0.1036036036036036,1,0,0.0
2129,1,3,0.013513513513513514,0,-1,-1.0
2130,0,-1,-1.0,0,-1,-1.0
2131,0,-1,-1.0,0,-1,-1.0
2132,0,-1,-1.0,0,-1,-1.0
2133,0,-1,-1.0,0,-1,-1.0
2134,0,-1,-1.0,1,210,0.9459459459459459
2135,1,213,0.9594594594594594,1,190,0.8558558558558559
2136,1,193,0.8693693693693694,1,170,0.7657657657657657
2137,1,173,0.7792792792792793,1,150,0.6756756756756757
2138,1,153,0.6891891891891891,1,130,0.5855855855855856
2139,1,133,0.5990990990990991,1,110,0.4954954954954955
2140,1,113,0.509009009009009,1,90,0.40540540540540543
2141,1,93,0.4189189189189189,1,70,0.3153153153153153
2142,1,73,0.32882882882882886,1,50,0.22522522522522523
2143,1,53,0.23873873873873874,1,30,0.13513513513513514
2144,1,33,0.14864864864864866,1,10,0.04504504504504504
2145,1,50,0.22522522522522523,0,-1,-1.0
2146,1,30,0.13513513513513514,0,-1,-1.0
2147,1,10,0.04504504504504504,0,-1,-1.0
2148,0,-1,-1.0,0,-1,-1.0
2149,0,-1,-1.0,0,-1,-1.0
2150,0,-1,-1.0,0,-1,-1.0
2151,0,-1,-1.0,1,212,0.954954954954955
2152,1,218,0.9819819819819819,1,192,0.8648648648648649
2153,1,198,0.8918918918918919,1,172,0.7747747747747747
2154,1,178,0.8018018018018018,1,152,0.6846846846846847
2155,1,158,0.7117117117117117,1,132,0.5945945945945946
2156,1,138,0.6216216216216216,1,112,0.5045045045045045
2157,1,118,0.5315315315315315,1,92,0.4144144144144144
2158,1,98,0.44144144144144143,1,72,0.32432432432432434
2159,1,78,0.35135135135135137,1,52,0.23423423423423423
2160,1,58,0.26126126126126126,1,32,0.14414414414414414
2161,1,38,0.17117117117117117,1,12,0.05405405405405406
2162,1,18,0.08108108108108109,0,-1,-1.0
2163,0,-1,-1.0,0,-1,-1.0
2164,0,-1,-1.0,1,204,0.918918918918919
2165,1,210,0.9459459459459459,1,184,0.8288288288288288
2166,1,190,0.8558558558558559,1,164,0.7387387387387387
2167,1,170,0.7657657657657657,1,144,0.6486486486486487
2168,1,150,0.6756756756756757,1,124,0.5585585585585585
2169,1,130,0.5855855855855856,1,104,0.46846846846846846
2170,1,110,0.4954954954954955,1,84,0.3783783783783784
2171,1,90,0.40540540540540543,1,64,0.2882882882882883
2172,1,70,0.3153153153153153,1,44,0.1981981981981982
2173,1,50,0.22522522522522523,1,24,0.10810810810810811
2174,1,30,0.13513513513513514,1,4,0.018018018018018018
2175,1,10,0.04504504504504504,0,-1,-1.0
2176,0,-1,-1.0,0,-1,-1.0
2177,0,-1,-1.0,0,-1,-1.0
2178,0,-1,-1.0,0,-1,-1.0
2179,0,-1,-1.0,1,205,0.9234234234234234
2180,1,211,0.9504504504504504,1,185,0.8333333333333334
2181,1,191,0.8603603603603603,1,165,0.7432432432432432
2182,1,171,0.7702702702702703,1,145,0.6531531531531531
2183,1,151,0.6801801801801802,1,125,0.5630630630630631
2184,1,131,0.5900900900900901,1,105,0.47297297297297297
2185,1,111,0.5,1,85,0.38288288288288286
2186,1,91,0.4099099099099099,1,65,0.2927927927927928
2187,1,71,0.31981981981981983,1,45,0.20270270270270271
2188,1,51,0.22972972972972974,1,25,0.11261261261261261
2189,1,31,0.13963963963963963,1,5,0.02252252252252252
2190,1,48,0.21621621621621623,0,-1,-1.0
2191,1,28,0.12612612612612611,0,-1,-1.0
2192,1,8,0.036036036036036036,0,-1,-1.0
2193,0,-1,-1.0,0,-1,-1.0
2194,0,-1,-1.0,1,207,0.9324324324324325
2195,1,212,0.954954954954955,1,187,0.8423423423423423
2196,1,192,0.8648648648648649,1,167,0.7522522522522522
2197,1,172,0.7747747747747747,1,147,0.6621621621621622
2198,1,152,0.6846846846846847,1,127,0.5720720720720721
2199,1,132,0.5945945945945946,1,107,0.481981981981982
2200,1,112,0.5045045045045045,1,87,0.3918918918918919
2201,1,92,0.4144144144144144,1,67,0.30180180180180183
2202,1,72,0.32432432432432434,1,47,0.21171171171171171
2203,1,52,0.23423423423423423,1,27,0.12162162162162163
2204,1,32,0.14414414414414414,1,7,0.03153153153153153
2205,1,12,0.05405405405405406,1,170,0.7657657657657657
2206,1,175,0.7882882882882883,1,150,0.6756756756756757
2207,1,155,0.6981981981981982,1,130,0.5855855855855856
2208,1,135,0.6081081081081081,1,110,0.4954954954954955
2209,1,115,0.5180180180180181,1,90,0.40540540540540543
2210,1,95,0.42792792792792794,1,70,0.3153153153153153
2211,1,75,0.33783783783783783,1,50,0.22522522522522523
2212,1,55,0.24774774774774774,1,30,0.13513513513513514
2213,1,35,0.15765765765765766,1,10,0.04504504504504504
2214,1,15,0.06756756756756757,1,205,0.9234234234234234
2215,1,210,0.9459459459459459,1,185,0.8333333333333334
2216,1,190,0.8558558558558559,1,165,0.7432432432432432
2217,1,170,0.7657657657657657,1,145,0.6531531531531531
2218,1,150,0.6756756756756757,1,125,0.5630630630630631
2219,1,130,0.5855855855855856,1,105,0.47297297297297297
2220,1,110,0.4954954954954955,1,85,0.38288288288288286
2221,1,90,0.40540540540540543,1,65,0.2927927927927928
2222,1,70,0.3153153153153153,1,45,0.20270270270270271
2223,1,22,0.0990990990990991,0,-1,-1.0
2224,1,2,0.009009009009009009,0,-1,-1.0
2225,0,-1,-1.0,0,-1,-1.0
2226,0,-1,-1.0,0,-1,-1.0
2227,1,220,0.990990990990991,1,208,0.9369369369369369
2228,1,200,0.9009009009009009,1,188,0.8468468468468469
2229,1,180,0.8108108108108109,1,168,0.7567567567567568
2230,1,160,0.7207207207207207,1,148,0.6666666666666666
2231,1,140,0.6306306306306306,1,128,0.5765765765765766
2232,1,120,0.5405405405405406,1,108,0.4864864864864865
2233,1,100,0.45045045045045046,1,88,0.3963963963963964
2234,1,80,0.36036036036036034,1,68,0.3063063063063063
2235,1,60,0.2702702702702703,1,48,0.21621621621621623
2236,1,40,0.18018018018018017,1,28,0.12612612612612611
2237,1,20,0.09009009009009009,1,8,0.036036036036036036
2238,1,0,0.0,0,-1,-1.0
2239,0,-1,-1.0,0,-1,-1.0
2240,0,-1,-1.0,0,-1,-1.0
2241,0,-1,-1.0,0,-1,-1.0
2242,0,-1,-1.0,1,211,0.9504504504504504
2243,1,203,0.9144144144144144,1,191,0.8603603603603603
2244,1,183,0.8243243243243243,1,171,0.7702702702702703
2245,1,163,0.7342342342342343,1,151,0.6801801801801802
2246,1,143,0.6441441441441441,1,131,0.5900900900900901
2247,1,123,0.5540540540540541,1,111,0.5
2248,1,103,0.46396396396396394,1,91,0.4099099099099099
2249,1,83,0.3738738738738739,1,71,0.31981981981981983
2250,1,63,0.28378378378378377,1,51,0.22972972972972974
2251,1,43,0.19369369369369369,1,31,0.13963963963963963
2252,1,23,0.1036036036036036,1,11,0.04954954954954955
2253,1,3,0.013513513513513514,0,-1,-1.0
2254,0,-1,-1.0,0,-1,-1.0
2255,0,-1,-1.0,0,-1,-1.0
2256,1,221,0.9954954954954955,1,209,0.9414414414414415
2257,1,201,0.9054054054054054,1,189,0.8513513513513513
2258,1,181,0.8153153153153153,1,169,0.7612612612612613
2259,1,161,0.7252252252252253,1,149,0.6711711711711712
2260,1,141,0.6351351351351351,1,129,0.581081081081081
2261,1,121,0.545045045045045,1,109,0.49099099099099097
2262,1,101,0.45495495495495497,1,89,0.4009009009009009
2263,1,81,0.36486486486486486,1,69,0.3108108108108108
2264,1,61,0.2747747747747748,1,49,0.22072072072072071
2265,1,41,0.18468468468468469,1,29,0.13063063063063063
2266,1,21,0.0945945945945946,1,9,0.04054054054054054
2267,1,1,0.0045045045045045045,0,-1,-1.0
2268,0,-1,-1.0,0,-1,-1.0
2269,0,-1,-1.0,0,-1,-1.0
2270,0,-1,-1.0,1,221,0.9954954954954955
2271,1,30,0.13513513513513514,0,-1,-1.0
2272,1,10,0.04504504504504504,0,-1,-1.0
2273,0,-1,-1.0,0,-1,-1.0
2274,0,-1,-1.0,0,-1,-1.0
2275,1,219,0.9864864864864865,1,203,0.9144144144144144
2276,1,199,0.8963963963963963,1,183,0.8243243243243243
2277,1,179,0.8063063063063063,1,163,0.7342342342342343
2278,1,159,0.7162162162162162,1,143,0.6441441441441441
2279,1,139,0.6261261261261262,1,123,0.5540540540540541
2280,1,119,0.536036036036036,1,103,0.46396396396396394
2281,1,99,0.44594594594594594,1,83,0.3738738738738739
2282,1,79,0.35585585585585583,1,63,0.28378378378378377
2283,1,59,0.26576576576576577,1,43,0.19369369369369369
2284,1,39,0.17567567567567569,1,23,0.1036036036036036
2285,1,19,0.08558558558558559,1,3,0.013513513513513514
2286,0,-1,-1.0,0,-1,-1.0
2287,0,-1,-1.0,0,-1,-1.0
2288,0,-1,-1.0,0,-1,-1.0
2289,0,-1,-1.0,0,-1,-1.0
2290,0,-1,-1.0,0,-1,-1.0
2291,1,222,1.0,1,206,0.9279279279279279
2292,1,202,0.9099099099099099,1,186,0.8378378378378378
2293,1,182,0.8198198198198198,1,166,0.7477477477477478
2294,1,162,0.7297297297297297,1,146,0.6576576576576577
2295,1,142,0.6396396396396397,1,126,0.5675675675675675
2296,1,122,0.5495495495495496,1,106,0.4774774774774775
2297,1,102,0.4594594594594595,1,86,0.38738738738738737
2298,1,82,0.36936936936936937,1,66,0.2972972972972973
2299,1,62,0.27927927927927926,1,46,0.2072072072072072
2300,1,42,0.1891891891891892,1,26,0.11711711711711711
2301,1,22,0.0990990990990991,1,6,0.02702702702702703
2302,1,66,0.2972972972972973,0,-1,-1.0
2303,1,46,0.2072072072072072,0,-1,-1.0
2304,1,26,0.11711711711711711,1,215,0.9684684684684685
2305,1,6,0.02702702702702703,1,195,0.8783783783783784
2306,1,209,0.9414414414414415,1,175,0.7882882882882883
2307,1,189,0.8513513513513513,1,155,0.6981981981981982
2308,1,169,0.7612612612612613,1,135,0.6081081081081081
2309,1,149,0.6711711711711712,1,115,0.5180180180180181
2310,1,129,0.581081081081081,1,95,0.42792792792792794
2311,1,109,0.49099099099099097,1,75,0.33783783783783783
2312,1,89,0.4009009009009009,1,55,0.24774774774774774
2313,1,69,0.3108108108108108,1,35,0.15765765765765766
2314,1,49,0.22072072072072071,1,15,0.06756756756756757
2315,1,29,0.13063063063063063,0,-1,-1.0
2316,1,9,0.04054054054054054,0,-1,-1.0
2317,0,-1,-1.0,0,-1,-1.0
2318,0,-1,-1.0,0,-1,-1.0
2319,0,-1,-1.0,1,213,0.9594594594594594
2320,0,-1,-1.0,1,193,0.8693693693693694
2321,1,207,0.9324324324324325,1,173,0.7792792792792793
2322,1,187,0.8423423423423423,1,153,0.6891891891891891
2323,1,167,0.7522522522522522,1,133,0.5990990990990991
2324,1,147,0.6621621621621622,1,113,0.509009009009009
2325,1,127,0.5720720720720721,1,93,0.4189189189189189
2326,1,107,0.481981981981982,1,73,0.32882882882882886
2327,1,87,0.3918918918918919,1,53,0.23873873873873874
2328,1,67,0.30180180180180183,1,33,0.14864864864864866
2329,1,47,0.21171171171171171,1,13,0.05855855855855856
2330,1,27,0.12162162162162163,0,-1,-1.0
2331,1,7,0.03153153153153153,0,-1,-1.0
2332,0,-1,-1.0,0,-1,-1.0
2333,0,-1,-1.0,0,-1,-1.0
2334,0,-1,-1.0,0,-1,-1.0
2335,0,-1,-1.0,0,-1,-1.0
2336,0,-1,-1.0,1,204,0.918918918918919
2337,1,218,0.9819819819819819,1,184,0.8288288288288288
2338,1,198,0.8918918918918919,1,164,0.7387387387387387
2339,1,178,0.8018018018018018,1,144,0.6486486486486487
2340,1,158,0.7117117117117117,1,124,0.5585585585585585
2341,1,138,0.6216216216216216,1,104,0.46846846846846846
2342,1,118,0.5315315315315315,1,84,0.3783783783783784
2343,1,98,0.44144144144144143,1,64,0.2882882882882883
2344,1,78,0.35135135135135137,1,44,0.1981981981981982
2345,1,58,0.26126126126126126,1,24,0.10810810810810811
2346,1,38,0.17117117117117117,1,4,0.018018018018018018
2347,1,18,0.08108108108108109,0,-1,-1.0
2348,0,-1,-1.0,0,-1,-1.0
2349,0,-1,-1.0,1,216,0.972972972972973
2350,0,-1,-1.0,1,196,0.8828828828828829
2351,1,50,0.22522522522522523,0,-1,-1.0
2352,1,30,0.13513513513513514,0,-1,-1.0
2353,1,10,0.04504504504504504,0,-1,-1.0
2354,0,-1,-1.0,1,212,0.954954954954955
2355,1,218,0.9819819819819819,1,192,0.8648648648648649
2356,1,198,0.8918918918918919,1,172,0.7747747747747747
2357,1,178,0.8018018018018018,1,152,0.6846846846846847
2358,1,158,0.7117117117117117,1,132,0.5945945945945946
2359,1,138,0.6216216216216216,1,112,0.5045045045045045
2360,1,118,0.5315315315315315,1,92,0.4144144144144144
2361,1,98,0.44144144144144143,1,72,0.32432432432432434
2362,1,78,0.35135135135135137,1,52,0.23423423423423423
2363,1,58,0.26126126126126126,1,32,0.14414414414414414
2364,1,38,0.17117117117117117,1,12,0.05405405405405406
2365,1,18,0.08108108108108109,0,-1,-1.0
2366,0,-1,-1.0,0,-1,-1.0
2367,0,-1,-1.0,0,-1,-1.0
2368,0,-1,-1.0,0,-1,-1.0
2369,0,-1,-1.0,0,-1,-1.0
2370,0,-1,-1.0,1,215,0.9684684684684685
2371,1,221,0.9954954954954955,1,195,0.8783783783783784
2372,1,201,0.9054054054054054,1,175,0.7882882882882883
2373,1,181,0.8153153153153153,1,155,0.6981981981981982
2374,1,161,0.7252252252252253,1,135,0.6081081081081081
2375,1,141,0.6351351351351351,1,115,0.5180180180180181
2376,1,121,0.545045045045045,1,95,0.42792792792792794
2377,1,101,0.45495495495495497,1,75,0.33783783783783783
2378,1,81,0.36486486486486486,1,55,0.24774774774774774
2379,1,61,0.2747747747747748,1,35,0.15765765765765766
2380,1,41,0.18468468468468469,1,15,0.06756756756756757
2381,1,21,0.0945945945945946,0,-1,-1.0
2382,1,1,0.0045045045045045045,0,-1,-1.0
2383,0,-1,-1.0,0,-1,-1.0
2384,0,-1,-1.0,0,-1,-1.0
2385,0,-1,-1.0,0,-1,-1.0
2386,0,-1,-1.0,1,221,0.9954954954954955
2387,0,-1,-1.0,1,201,0.9054054054054054
2388,1,207,0.9324324324324325,1,181,0.8153153153153153
2389,1,187,0.8423423423423423,1,161,0.7252252252252253
2390,1,167,0.7522522522522522,1,141,0.6351351351351351
2391,1,147,0.6621621621621622,1,121,0.545045045045045
2392,1,127,0.5720720720720721,1,101,0.45495495495495497
2393,1,107,0.481981981981982,1,81,0.36486486486486486
2394,1,87,0.3918918918918919,1,61,0.2747747747747748
2395,1,67,0.30180180180180183,1,41,0.18468468468468469
2396,1,47,0.21171171171171171,1,21,0.0945945945945946
2397,1,27,0.12162162162162163,1,1,0.0045045045045045045
2398,1,7,0.03153153153153153,0,-1,-1.0
2399,0,-1,-1.0,0,-1,-1.0
2400,1,28,0.12612612612612611,1,219,0.9864864864864865
2401,1,8,0.036036036036036036,1,199,0.8963963963963963
2402,1,194,0.8738738738738738,1,179,0.8063063063063063
2403,1,174,0.7837837837837838,1,159,0.7162162162162162
2404,1,154,0.6936936936936937,1,139,0.6261261261261262
2405,1,134,0.6036036036036037,1,119,0.536036036036036
2406,1,114,0.5135135135135135,1,99,0.44594594594594594
2407,1,94,0.42342342342342343,1,79,0.35585585585585583
2408,1,74,0.3333333333333333,1,59,0.26576576576576577
2409,1,54,0.24324324324324326,1,39,0.17567567567567569
2410,1,34,0.15315315315315314,1,19,0.08558558558558559
2411,1,14,0.06306306306306306,0,-1,-1.0
2412,0,-1,-1.0,0,-1,-1.0
2413,0,-1,-1.0,0,-1,-1.0
2414,0,-1,-1.0,0,-1,-1.0
2415,1,219,0.9864864864864865,1,204,0.918918918918919
2416,1,199,0.8963963963963963,1,184,0.8288288288288288
2417,1,179,0.8063063063063063,1,164,0.7387387387387387
2418,1,159,0.7162162162162162,1,144,0.6486486486486487
2419,1,139,0.6261261261261262,1,124,0.5585585585585585
2420,1,119,0.536036036036036,1,104,0.46846846846846846
2421,1,99,0.44594594594594594,1,84,0.3783783783783784
2422,1,79,0.35585585585585583,1,64,0.2882882882882883
2423,1,59,0.26576576576576577,1,44,0.1981981981981982
2424,1,39,0.17567567567567569,1,24,0.10810810810810811
2425,1,19,0.08558558558558559,1,4,0.018018018018018018
2426,0,-1,-1.0,0,-1,-1.0
2427,0,-1,-1.0,1,208,0.9369369369369369
2428,1,203,0.9144144144144144,1,188,0.8468468468468469
2429,1,183,0.8243243243243243,1,168,0.7567567567567568
2430,1,163,0.7342342342342343,1,148,0.6666666666666666
2431,1,143,0.6441441441441441,1,128,0.5765765765765766
2432,1,123,0.5540540540540541,1,108,0.4864864864864865
2433,1,103,0.46396396396396394,1,88,0.3963963963963964
2434,1,83,0.3738738738738739,1,68,0.3063063063063063
2435,1,63,0.28378378378378377,1,48,0.21621621621621623
2436,1,43,0.19369369369369369,1,28,0.12612612612612611
2437,1,23,0.1036036036036036,1,8,0.036036036036036036
2438,1,20,0.09009009009009009,0,-1,-1.0
2439,1,0,0.0,0,-1,-1.0
2440,0,-1,-1.0,0,-1,-1.0
2441,1,218,0.9819819819819819,1,207,0.9324324324324325
2442,1,198,0.8918918918918919,1,187,0.8423423423423423
2443,1,178,0.8018018018018018,1,167,0.7522522522522522
2444,1,158,0.7117117117117117,1,147,0.6621621621621622
2445,1,138,0.6216216216216216,1,127,0.5720720720720721
2446,1,118,0.5315315315315315,1,107,0.481981981981982
2447,1,98,0.44144144144144143,1,87,0.3918918918918919
2448,1,78,0.35135135135135137,1,67,0.30180180180180183
2449,1,58,0.26126126126126126,1,47,0.21171171171171171
2450,1,38,0.17117117117117117,1,27,0.12162162162162163
2451,1,18,0.08108108108108109,1,7,0.03153153153153153
2452,1,144,0.6486486486486487,1,133,0.5990990990990991
2453,1,124,0.5585585585585585,1,113,0.509009009009009
2454,1,104,0.46846846846846846,1,93,0.4189189189189189
2455,1,84,0.3783783783783784,1,73,0.32882882882882886
2456,1,64,0.2882882882882883,1,53,0.23873873873873874
2457,1,44,0.1981981981981982,1,33,0.14864864864864866
2458,1,24,0.10810810810810811,1,13,0.05855855855855856
2459,1,4,0.018018018018018018,0,-1,-1.0
2460,0,-1,-1.0,0,-1,-1.0
2461,0,-1,-1.0,0,-1,-1.0
2462,1,219,0.9864864864864865,1,208,0.9369369369369369
2463,1,199,0.8963963963963963,1,188,0.8468468468468469
2464,1,179,0.8063063063063063,1,168,0.7567567567567568
2465,1,159,0.7162162162162162,1,148,0.6666666666666666
2466,1,139,0.6261261261261262,1,128,0.5765765765765766
2467,1,119,0.536036036036036,1,108,0.4864864864864865
2468,1,99,0.44594594594594594,1,88,0.3963963963963964
2469,1,79,0.35585585585585583,1,68,0.3063063063063063
2470,1,59,0.26576576576576577,1,48,0.21621621621621623
2471,1,39,0.17567567567567569,1,28,0.12612612612612611
2472,1,19,0.08558558558558559,1,8,0.036036036036036036
2473,0,-1,-1.0,0,-1,-1.0
2474,0,-1,-1.0,0,-1,-1.0
2475,0,-1,-1.0,0,-1,-1.0
2476,0,-1,-1.0,0,-1,-1.0
2477,0,-1,-1.0,0,-1,-1.0
2478,0,-1,-1.0,1,218,0.9819819819819819
2479,0,-1,-1.0,1,198,0.8918918918918919
2480,1,50,0.22522522522522523,1,222,1.0
2481,1,30,0.13513513513513514,1,202,0.9099099099099099
2482,1,10,0.04504504504504504,1,182,0.8198198198198198
2483,1,188,0.8468468468468469,1,162,0.7297297297297297
2484,1,168,0.7567567567567568,1,142,0.6396396396396397
2485,1,148,0.6666666666666666,1,122,0.5495495495495496
2486,1,128,0.5765765765765766,1,102,0.4594594594594595
2487,1,108,0.4864864864864865,1,82,0.36936936936936937
2488,1,88,0.3963963963963964,1,62,0.27927927927927926
2489,1,68,0.3063063063063063,1,42,0.1891891891891892
2490,1,48,0.21621621621621623,1,22,0.0990990990990991
2491,1,28,0.12612612612612611,1,2,0.009009009009009009
2492,1,8,0.036036036036036036,0,-1,-1.0
2493,0,-1,-1.0,0,-1,-1.0
2494,0,-1,-1.0,0,-1,-1.0
2495,0,-1,-1.0,1,218,0.9819819819819819
2496,0,-1,-1.0,1,198,0.8918918918918919
2497,1,204,0.918918918918919,1,178,0.8018018018018018
2498,1,184,0.8288288288288288,1,158,0.7117117117117117
2499,1,164,0.7387387387387387,1,138,0.6216216216216216
2500,1,144,0.6486486486486487,1,118,0.5315315315315315
2501,1,124,0.5585585585585585,1,98,0.44144144144144143
2502,1,104,0.46846846846846846,1,78,0.35135135135135137
2503,1,84,0.3783783783783784,1,58,0.26126126126126126
2504,1,64,0.2882882882882883,1,38,0.17117117117117117
2505,1,44,0.1981981981981982,1,18,0.08108108108108109
2506,1,24,0.10810810810810811,1,207,0.9324324324324325
2507,1,4,0.018018018018018018,1,187,0.8423423423423423
2508,1,193,0.8693693693693694,1,167,0.7522522522522522
2509,1,173,0.7792792792792793,1,147,0.6621621621621622
2510,1,153,0.6891891891891891,1,127,0.5720720720720721
2511,1,133,0.5990990990990991,1,107,0.481981981981982
2512,1,113,0.509009009009009,1,87,0.3918918918918919
2513,1,93,0.4189189189189189,1,67,0.30180180180180183
2514,1,73,0.32882882882882886,1,47,0.21171171171171171
2515,1,53,0.23873873873873874,1,27,0.12162162162162163
2516,1,33,0.14864864864864866,1,7,0.03153153153153153
2517,1,13,0.05855855855855856,1,200,0.9009009009009009
2518,1,24,0.10810810810810811,0,-1,-1.0
2519,1,4,0.018018018018018018,0,-1,-1.0
2520,0,-1,-1.0,0,-1,-1.0
2521,0,-1,-1.0,0,-1,-1.0
2522,0,-1,-1.0,1,214,0.963963963963964
2523,1,207,0.9324324324324325,1,194,0.8738738738738738
2524,1,187,0.8423423423423423,1,174,0.7837837837837838
2525,1,167,0.7522522522522522,1,154,0.6936936936936937
2526,1,147,0.6621621621621622,1,134,0.6036036036036037
2527,1,127,0.5720720720720721,1,114,0.5135135135135135
2528,1,107,0.481981981981982,1,94,0.42342342342342343
2529,1,87,0.3918918918918919,1,74,0.3333333333333333
2530,1,67,0.30180180180180183,1,54,0.24324324324324326
2531,1,47,0.21171171171171171,1,34,0.15315315315315314
2532,1,27,0.12162162162162163,1,14,0.06306306306306306
2533,1,7,0.03153153153153153,0,-1,-1.0
2534,0,-1,-1.0,0,-1,-1.0
2535,0,-1,-1.0,0,-1,-1.0
2536,0,-1,-1.0,0,-1,-1.0
2537,0,-1,-1.0,1,211,0.9504504504504504
2538,1,204,0.918918918918919,1,191,0.8603603603603603
2539,1,184,0.8288288288288288,1,171,0.7702702702702703
2540,1,164,0.7387387387387387,1,151,0.6801801801801802
2541,1,144,0.6486486486486487,1,131,0.5900900900900901
2542,1,124,0.5585585585585585,1,111,0.5
2543,1,104,0.46846846846846846,1,91,0.4099099099099099
2544,1,84,0.3783783783783784,1,71,0.31981981981981983
2545,1,64,0.2882882882882883,1,51,0.22972972972972974
2546,1,44,0.1981981981981982,1,31,0.13963963963963963
2547,1,24,0.10810810810810811,1,11,0.04954954954954955
2548,1,4,0.018018018018018018,1,165,0.7432432432432432
2549,1,158,0.7117117117117117,1,145,0.6531531531531531
2550,1,138,0.6216216216216216,1,125,0.5630630630630631
2551,1,118,0.5315315315315315,1,105,0.47297297297297297
2552,1,98,0.44144144144144143,1,85,0.38288288288288286
2553,1,78,0.35135135135135137,1,65,0.2927927927927928
2554,1,58,0.26126126126126126,1,45,0.20270270270270271
2555,1,38,0.17117117117117117,1,25,0.11261261261261261
2556,1,18,0.08108108108108109,1,5,0.02252252252252252
2557,1,46,0.2072072072072072,0,-1,-1.0
2558,1,26,0.11711711711711711,0,-1,-1.0
2559,1,6,0.02702702702702703,0,-1,-1.0
2560,0,-1,-1.0,0,-1,-1.0
2561,0,-1,-1.0,0,-1,-1.0
2562,0,-1,-1.0,0,-1,-1.0
2563,0,-1,-1.0,0,-1,-1.0
2564,0,-1,-1.0,1,218,0.9819819819819819
2565,1,222,1.0,1,198,0.8918918918918919
2566,1,202,0.9099099099099099,1,178,0.8018018018018018
2567,1,182,0.8198198198198198,1,158,0.7117117117117117
2568,1,162,0.7297297297297297,1,138,0.6216216216216216
2569,1,142,0.6396396396396397,1,118,0.5315315315315315
2570,1,122,0.5495495495495496,1,98,0.44144144144144143
2571,1,102,0.4594594594594595,1,78,0.35135135135135137
2572,1,82,0.36936936936936937,1,58,0.26126126126126126
2573,1,62,0.27927927927927926,1,38,0.17117117117117117
2574,1,42,0.1891891891891892,1,18,0.08108108108108109
2575,1,22,0.0990990990990991,0,-1,-1.0
2576,1,2,0.009009009009009009,0,-1,-1.0
2577,0,-1,-1.0,0,-1,-1.0
2578,0,-1,-1.0,0,-1,-1.0
2579,0,-1,-1.0,0,-1,-1.0
2580,0,-1,-1.0,1,211,0.9504504504504504
2581,1,215,0.9684684684684685,1,191,0.8603603603603603
2582,1,195,0.8783783783783784,1,171,0.7702702702702703
2583,1,175,0.7882882882882883,1,151,0.6801801801801802
2584,1,155,0.6981981981981982,1,131,0.5900900900900901
2585,1,135,0.6081081081081081,1,111,0.5
2586,1,115,0.5180180180180181,1,91,0.4099099099099099
2587,1,95,0.42792792792792794,1,71,0.31981981981981983
2588,1,75,0.33783783783783783,1,51,0.22972972972972974
2589,1,55,0.24774774774774774,1,31,0.13963963963963963
2590,1,35,0.15765765765765766,1,11,0.04954954954954955
2591,1,15,0.06756756756756757,1,177,0.7972972972972973
2592,1,181,0.8153153153153153,1,157,0.7072072072072072
2593,1,161,0.7252252252252253,1,137,0.6171171171171171
2594,1,141,0.6351351351351351,1,117,0.527027027027027
2595,1,121,0.545045045045045,1,97,0.4369369369369369
2596,1,101,0.45495495495495497,1,77,0.34684684684684686
2597,1,81,0.36486486486486486,1,57,0.25675675675675674
2598,1,61,0.2747747747747748,1,37,0.16666666666666666
2599,1,41,0.18468468468468469,1,17,0.07657657657657657
2600,1,21,0.0945945945945946,1,210,0.9459459459459459
2601,1,1,0.0045045045045045045,1,190,0.8558558558558559
2602,1,46,0.2072072072072072,1,222,1.0
2603,1,26,0.11711711711711711,1,202,0.9099099099099099
2604,1,6,0.02702702702702703,1,182,0.8198198198198198
2605,1,186,0.8378378378378378,1,162,0.7297297297297297
2606,1,166,0.7477477477477478,1,142,0.6396396396396397
2607,1,146,0.6576576576576577,1,122,0.5495495495495496
2608,1,126,0.5675675675675675,1,102,0.4594594594594595
2609,1,106,0.4774774774774775,1,82,0.36936936936936937
2610,1,86,0.38738738738738737,1,62,0.27927927927927926
2611,1,66,0.2972972972972973,1,42,0.1891891891891892
2612,1,46,0.2072072072072072,1,22,0.0990990990990991
2613,1,26,0.11711711711711711,1,2,0.009009009009009009
2614,1,6,0.02702702702702703,1,167,0.7522522522522522
2615,1,171,0.7702702702702703,1,147,0.6621621621621622
2616,1,151,0.6801801801801802,1,127,0.5720720720720721
2617,1,131,0.5900900900900901,1,107,0.481981981981982
2618,1,111,0.5,1,87,0.3918918918918919
2619,1,91,0.4099099099099099,1,67,0.30180180180180183
2620,1,71,0.31981981981981983,1,47,0.21171171171171171
2621,1,51,0.22972972972972974,1,27,0.12162162162162163
2622,1,31,0.13963963963963963,1,7,0.03153153153153153
2623,1,11,0.04954954954954955,0,-1,-1.0
2624,0,-1,-1.0,0,-1,-1.0
2625,0,-1,-1.0,0,-1,-1.0
2626,0,-1,-1.0,0,-1,-1.0
2627,0,-1,-1.0,0,-1,-1.0
2628,0,-1,-1.0,0,-1,-1.0
2629,0,-1,-1.0,1,210,0.9459459459459459
2630,1,214,0.963963963963964,1,190,0.8558558558558559
2631,1,194,0.8738738738738738,1,170,0.7657657657657657
2632,1,174,0.7837837837837838,1,150,0.6756756756756757
2633,1,154,0.6936936936936937,1,130,0.5855855855855856
2634,1,134,0.6036036036036037,1,110,0.4954954954954955
2635,1,114,0.5135135135135135,1,90,0.40540540540540543
2636,1,94,0.42342342342342343,1,70,0.3153153153153153
2637,1,74,0.3333333333333333,1,50,0.22522522522522523
2638,1,54,0.24324324324324326,1,30,0.13513513513513514
2639,1,34,0.15315315315315314,1,10,0.04504504504504504
2640,1,14,0.06306306306306306,0,-1,-1.0
2641,0,-1,-1.0,0,-1,-1.0
2642,0,-1,-1.0,0,-1,-1.0
2643,0,-1,-1.0,0,-1,-1.0
2644,0,-1,-1.0,1,214,0.963963963963964
2645,0,-1,-1.0,1,194,0.8738738738738738
2646,1,70,0.3153153153153153,0,-1,-1.0
2647,1,50,0.22522522522522523,0,-1,-1.0
2648,1,30,0.13513513513513514,0,-1,-1.0
2649,1,10,0.04504504504504504,0,-1,-1.0
2650,0,-1,-1.0,0,-1,-1.0
2651,0,-1,-1.0,0,-1,-1.0
2652,0,-1,-1.0,1,216,0.972972972972973
2653,0,-1,-1.0,1,196,0.8828828828828829
2654,1,212,0.954954954954955,1,176,0.7927927927927928
2655,1,192,0.8648648648648649,1,156,0.7027027027027027
2656,1,172,0.7747747747747747,1,136,0.6126126126126126
2657,1,152,0.6846846846846847,1,116,0.5225225225225225
2658,1,132,0.5945945945945946,1,96,0.43243243243243246
2659,1,112,0.5045045045045045,1,76,0.34234234234234234
2660,1,92,0.4144144144144144,1,56,0.25225225225225223
2661,1,72,0.32432432432432434,1,36,0.16216216216216217
2662,1,52,0.23423423423423423,1,16,0.07207207207207207
2663,1,32,0.14414414414414414,0,-1,-1.0
2664,1,12,0.05405405405405406,1,221,0.9954954954954955
2665,0,-1,-1.0,1,201,0.9054054054054054
2666,1,217,0.9774774774774775,1,181,0.8153153153153153
2667,1,197,0.8873873873873874,1,161,0.7252252252252253
2668,1,177,0.7972972972972973,1,141,0.6351351351351351
2669,1,157,0.7072072072072072,1,121,0.545045045045045
2670,1,137,0.6171171171171171,1,101,0.45495495495495497
2671,1,117,0.527027027027027,1,81,0.36486486486486486
2672,1,97,0.4369369369369369,1,61,0.2747747747747748
2673,1,77,0.34684684684684686,1,41,0.18468468468468469
2674,1,57,0.25675675675675674,1,21,0.0945945945945946
2675,1,37,0.16666666666666666,1,1,0.0045045045045045045
2676,1,17,0.07657657657657657,0,-1,-1.0
2677,0,-1,-1.0,0,-1,-1.0
2678,0,-1,-1.0,0,-1,-1.0
2679,0,-1,-1.0,1,217,0.9774774774774775
2680,0,-1,-1.0,1,197,0.8873873873873874
2681,1,213,0.9594594594594594,1,177,0.7972972972972973
2682,1,193,0.8693693693693694,1,157,0.7072072072072072
2683,1,173,0.7792792792792793,1,137,0.6171171171171171
2684,1,153,0.6891891891891891,1,117,0.527027027027027
2685,1,133,0.5990990990990991,1,97,0.4369369369369369
2686,1,113,0.509009009009009,1,77,0.34684684684684686
2687,1,93,0.4189189189189189,1,57,0.25675675675675674
2688,1,73,0.32882882882882886,1,37,0.16666666666666666
2689,1,53,0.23873873873873874,1,17,0.07657657657657657
2690,1,33,0.14864864864864866,1,216,0.972972972972973
2691,1,13,0.05855855855855856,1,196,0.8828828828828829
2692,1,78,0.35135135135135137,0,-1,-1.0
2693,1,58,0.26126126126126126,0,-1,-1.0
2694,1,38,0.17117117117117117,0,-1,-1.0
2695,1,18,0.08108108108108109,0,-1,-1.0
2696,0,-1,-1.0,0,-1,-1.0
2697,0,-1,-1.0,0,-1,-1.0
2698,0,-1,-1.0,0,-1,-1.0
2699,0,-1,-1.0,1,203,0.9144144144144144
2700,0,-1,-1.0,1,183,0.8243243243243243
2701,1,203,0.9144144144144144,1,163,0.7342342342342343
2702,1,183,0.8243243243243243,1,143,0.6441441441441441
2703,1,163,0.7342342342342343,1,123,0.5540540540540541
2704,1,143,0.6441441441441441,1,103,0.46396396396396394
2705,1,123,0.5540540540540541,1,83,0.3738738738738739
2706,1,103,0.46396396396396394,1,63,0.28378378378378377
2707,1,83,0.3738738738738739,1,43,0.19369369369369369
2708,1,63,0.28378378378378377,1,23,0.1036036036036036
2709,1,43,0.19369369369369369,1,3,0.013513513513513514
2710,1,23,0.1036036036036036,1,202,0.9099099099099099
2711,1,3,0.013513513513513514,1,182,0.8198198198198198
2712,1,202,0.9099099099099099,1,162,0.7297297297297297
2713,1,182,0.8198198198198198,1,142,0.6396396396396397
2714,1,162,0.7297297297297297,1,122,0.5495495495495496
2715,1,142,0.6396396396396397,1,102,0.4594594594594595
2716,1,122,0.5495495495495496,1,82,0.36936936936936937
2717,1,102,0.4594594594594595,1,62,0.27927927927927926
2718,1,82,0.36936936936936937,1,42,0.1891891891891892
2719,1,62,0.27927927927927926,1,22,0.0990990990990991
2720,1,42,0.1891891891891892,1,2,0.009009009009009009
2721,1,22,0.0990990990990991,1,190,0.8558558558558559
2722,1,2,0.009009009009009009,1,170,0.7657657657657657
2723,1,190,0.8558558558558559,1,150,0.6756756756756757
2724,1,170,0.7657657657657657,1,130,0.5855855855855856
2725,1,150,0.6756756756756757,1,110,0.4954954954954955
2726,1,130,0.5855855855855856,1,90,0.40540540540540543
2727,1,110,0.4954954954954955,1,70,0.3153153153153153
2728,1,90,0.40540540540540543,1,50,0.22522522522522523
2729,1,70,0.3153153153153153,1,30,0.13513513513513514
2730,1,50,0.22522522522522523,1,10,0.04504504504504504
2731,1,30,0.13513513513513514,0,-1,-1.0
2732,1,10,0.04504504504504504,0,-1,-1.0
2733,0,-1,-1.0,0,-1,-1.0
2734,0,-1,-1.0,0,-1,-1.0
2735,0,-1,-1.0,0,-1,-1.0
2736,0,-1,-1.0,1,214,0.963963963963964
2737,0,-1,-1.0,1,194,0.8738738738738738
2738,1,50,0.22522522522522523,1,206,0.9279279279279279
2739,1,30,0.13513513513513514,1,186,0.8378378378378378
2740,1,10,0.04504504504504504,1,166,0.7477477477477478
2741,1,172,0.7747747747747747,1,146,0.6576576576576577
2742,1,152,0.6846846846846847,1,126,0.5675675675675675
2743,1,132,0.5945945945945946,1,106,0.4774774774774775
2744,1,112,0.5045045045045045,1,86,0.38738738738738737
2745,1,92,0.4144144144144144,1,66,0.2972972972972973
2746,1,72,0.32432432432432434,1,46,0.2072072072072072
2747,1,52,0.23423423423423423,1,26,0.11711711711711711
2748,1,32,0.14414414414414414,1,6,0.02702702702702703
2749,1,12,0.05405405405405406,0,-1,-1.0
2750,0,-1,-1.0,0,-1,-1.0
2751,0,-1,-1.0,1,205,0.9234234234234234
2752,1,211,0.9504504504504504,1,185,0.8333333333333334
2753,1,191,0.8603603603603603,1,165,0.7432432432432432
2754,1,171,0.7702702702702703,1,145,0.6531531531531531
2755,1,151,0.6801801801801802,1,125,0.5630630630630631
2756,1,131,0.5900900900900901,1,105,0.47297297297297297
2757,1,111,0.5,1,85,0.38288288288288286
2758,1,91,0.4099099099099099,1,65,0.2927927927927928
2759,1,71,0.31981981981981983,1,45,0.20270270270270271
2760,1,51,0.22972972972972974,1,25,0.11261261261261261
2761,1,31,0.13963963963963963,1,5,0.02252252252252252
2762,1,11,0.04954954954954955,0,-1,-1.0
2763,0,-1,-1.0,0,-1,-1.0
2764,0,-1,-1.0,1,221,0.9954954954954955
2765,0,-1,-1.0,1,201,0.9054054054054054
2766,1,207,0.9324324324324325,1,181,0.8153153153153153
2767,1,187,0.8423423423423423,1,161,0.7252252252252253
2768,1,167,0.7522522522522522,1,141,0.6351351351351351
2769,1,147,0.6621621621621622,1,121,0.545045045045045
2770,1,127,0.5720720720720721,1,101,0.45495495495495497
2771,1,107,0.481981981981982,1,81,0.36486486486486486
2772,1,87,0.3918918918918919,1,61,0.2747747747747748
2773,1,67,0.30180180180180183,1,41,0.18468468468468469
2774,1,47,0.21171171171171171,1,21,0.0945945945945946
2775,1,27,0.12162162162162163,1,1,0.0045045045045045045
2776,1,7,0.03153153153153153,1,216,0.972972972972973
2777,1,30,0.13513513513513514,0,-1,-1.0
2778,1,10,0.04504504504504504,0,-1,-1.0
2779,0,-1,-1.0,1,219,0.9864864864864865
2780,1,215,0.9684684684684685,1,199,0.8963963963963963
2781,1,195,0.8783783783783784,1,179,0.8063063063063063
2782,1,175,0.7882882882882883,1,159,0.7162162162162162
2783,1,155,0.6981981981981982,1,139,0.6261261261261262
2784,1,135,0.6081081081081081,1,119,0.536036036036036
2785,1,115,0.5180180180180181,1,99,0.44594594594594594
2786,1,95,0.42792792792792794,1,79,0.35585585585585583
2787,1,75,0.33783783783783783,1,59,0.26576576576576577
2788,1,55,0.24774774774774774,1,39,0.17567567567567569
2789,1,35,0.15765765765765766,1,19,0.08558558558558559
2790,1,15,0.06756756756756757,0,-1,-1.0
2791,0,-1,-1.0,1,217,0.9774774774774775
2792,1,213,0.9594594594594594,1,197,0.8873873873873874
2793,1,193,0.8693693693693694,1,177,0.7972972972972973
2794,1,173,0.7792792792792793,1,157,0.7072072072072072
2795,1,153,0.6891891891891891,1,137,0.6171171171171171
2796,1,133,0.5990990990990991,1,117,0.527027027027027
2797,1,113,0.509009009009009,1,97,0.4369369369369369
2798,1,93,0.4189189189189189,1,77,0.34684684684684686
2799,1,73,0.32882882882882886,1,57,0.25675675675675674
2800,1,53,0.23873873873873874,1,37,0.16666666666666666
2801,1,33,0.14864864864864866,1,17,0.07657657657657657
2802,1,13,0.05855855855855856,0,-1,-1.0
2803,0,-1,-1.0,0,-1,-1.0
2804,0,-1,-1.0,0,-1,-1.0
2805,0,-1,-1.0,0,-1,-1.0
2806,1,219,0.9864864864864865,1,203,0.9144144144144144
2807,1,199,0.8963963963963963,1,183,0.8243243243243243
2808,1,179,0.8063063063063063,1,163,0.7342342342342343
2809,1,159,0.7162162162162162,1,143,0.6441441441441441
2810,1,139,0.6261261261261262,1,123,0.5540540540540541
2811,1,119,0.536036036036036,1,103,0.46396396396396394
2812,1,99,0.44594594594594594,1,83,0.3738738738738739
2813,1,79,0.35585585585585583,1,63,0.28378378378378377
2814,1,59,0.26576576576576577,1,43,0.19369369369369369
2815,1,39,0.17567567567567569,1,23,0.1036036036036036
2816,1,19,0.08558558558558559,1,3,0.013513513513513514
2817,0,-1,-1.0,0,-1,-1.0
2818,0,-1,-1.0,0,-1,-1.0
2819,0,-1,-1.0,1,210,0.9459459459459459
2820,1,44,0.1981981981981982,0,-1,-1.0
2821,1,24,0.10810810810810811,0,-1,-1.0
2822,1,4,0.018018018018018018,0,-1,-1.0
2823,0,-1,-1.0,0,-1,-1.0
2824,0,-1,-1.0,0,-1,-1.0
2825,0,-1,-1.0,0,-1,-1.0
2826,0,-1,-1.0,1,215,0.9684684684684685
2827,1,218,0.9819819819819819,1,195,0.8783783783783784
2828,1,198,0.8918918918918919,1,175,0.7882882882882883
2829,1,178,0.8018018018018018,1,155,0.6981981981981982
2830,1,158,0.7117117117117117,1,135,0.6081081081081081
2831,1,138,0.6216216216216216,1,115,0.5180180180180181
2832,1,118,0.5315315315315315,1,95,0.42792792792792794
2833,1,98,0.44144144144144143,1,75,0.33783783783783783
2834,1,78,0.35135135135135137,1,55,0.24774774774774774
2835,1,58,0.26126126126126126,1,35,0.15765765765765766
2836,1,38,0.17117117117117117,1,15,0.06756756756756757
2837,1,18,0.08108108108108109,1,178,0.8018018018018018
2838,1,181,0.8153153153153153,1,158,0.7117117117117117
2839,1,161,0.7252252252252253,1,138,0.6216216216216216
2840,1,141,0.6351351351351351,1,118,0.5315315315315315
2841,1,121,0.545045045045045,1,98,0.44144144144144143
2842,1,101,0.45495495495495497,1,78,0.35135135135135137
2843,1,81,0.36486486486486486,1,58,0.26126126126126126
2844,1,61,0.2747747747747748,1,38,0.17117117117117117
2845,1,41,0.18468468468468469,1,18,0.08108108108108109
2846,1,21,0.0945945945945946,0,-1,-1.0
2847,1,1,0.0045045045045045045,0,-1,-1.0
2848,0,-1,-1.0,0,-1,-1.0
2849,0,-1,-1.0,0,-1,-1.0
2850,0,-1,-1.0,0,-1,-1.0
2851,0,-1,-1.0,0,-1,-1.0
2852,0,-1,-1.0,1,208,0.9369369369369369
2853,1,46,0.2072072072072072,0,-1,-1.0
2854,1,26,0.11711711711711711,0,-1,-1.0
2855,1,6,0.02702702702702703,1,215,0.9684684684684685
2856,1,219,0.9864864864864865,1,195,0.8783783783783784
2857,1,199,0.8963963963963963,1,175,0.7882882882882883
2858,1,179,0.8063063063063063,1,155,0.6981981981981982
2859,1,159,0.7162162162162162,1,135,0.6081081081081081
2860,1,139,0.6261261261261262,1,115,0.5180180180180181
2861,1,119,0.536036036036036,1,95,0.42792792792792794
2862,1,99,0.44594594594594594,1,75,0.33783783783783783
2863,1,79,0.35585585585585583,1,55,0.24774774774774774
2864,1,59,0.26576576576576577,1,35,0.15765765765765766
2865,1,39,0.17567567567567569,1,15,0.06756756756756757
2866,1,19,0.08558558558558559,0,-1,-1.0
2867,0,-1,-1.0,0,-1,-1.0
2868,0,-1,-1.0,0,-1,-1.0
2869,0,-1,-1.0,0,-1,-1.0
2870,0,-1,-1.0,1,219,0.9864864864864865
2871,0,-1,-1.0,1,199,0.8963963963963963
2872,1,203,0.9144144144144144,1,179,0.8063063063063063
2873,1,183,0.8243243243243243,1,159,0.7162162162162162
2874,1,163,0.7342342342342343,1,139,0.6261261261261262
2875,1,143,0.6441441441441441,1,119,0.536036036036036
2876,1,123,0.5540540540540541,1,99,0.44594594594594594
2877,1,103,0.46396396396396394,1,79,0.35585585585585583
2878,1,83,0.3738738738738739,1,59,0.26576576576576577
2879,1,63,0.28378378378378377,1,39,0.17567567567567569
2880,1,43,0.19369369369369369,1,19,0.08558558558558559
2881,1,23,0.1036036036036036,1,219,0.9864864864864865
2882,1,3,0.013513513513513514,1,199,0.8963963963963963
2883,1,203,0.9144144144144144,1,179,0.8063063063063063
2884,1,183,0.8243243243243243,1,159,0.7162162162162162
2885,1,163,0.7342342342342343,1,139,0.6261261261261262
2886,1,143,0.6441441441441441,1,119,0.536036036036036
2887,1,123,0.5540540540540541,1,99,0.44594594594594594
2888,1,103,0.46396396396396394,1,79,0.35585585585585583
2889,1,83,0.3738738738738739,1,59,0.26576576576576577
2890,1,63,0.28378378378378377,1,39,0.17567567567567569
2891,1,43,0.19369369369369369,1,19,0.08558558558558559
2892,1,23,0.1036036036036036,0,-1,-1.0
2893,1,3,0.013513513513513514,0,-1,-1.0
2894,0,-1,-1.0,0,-1,-1.0
2895,0,-1,-1.0,1,205,0.9234234234234234
2896,1,68,0.3063063063063063,0,-1,-1.0
2897,1,48,0.21621621621621623,0,-1,-1.0
2898,1,28,0.12612612612612611,0,-1,-1.0
2899,1,8,0.036036036036036036,1,205,0.9234234234234234
2900,1,220,0.990990990990991,1,185,0.8333333333333334
2901,1,200,0.9009009009009009,1,165,0.7432432432432432
2902,1,180,0.8108108108108109,1,145,0.6531531531531531
2903,1,160,0.7207207207207207,1,125,0.5630630630630631
2904,1,140,0.6306306306306306,1,105,0.47297297297297297
2905,1,120,0.5405405405405406,1,85,0.38288288288288286
2906,1,100,0.45045045045045046,1,65,0.2927927927927928
2907,1,80,0.36036036036036034,1,45,0.20270270270270271
2908,1,60,0.2702702702702703,1,25,0.11261261261261261
2909,1,40,0.18018018018018017,1,5,0.02252252252252252
2910,1,20,0.09009009009009009,0,-1,-1.0
2911,1,0,0.0,0,-1,-1.0
2912,0,-1,-1.0,0,-1,-1.0
2913,0,-1,-1.0,1,214,0.963963963963964
2914,0,-1,-1.0,1,194,0.8738738738738738
2915,1,209,0.9414414414414415,1,174,0.7837837837837838
2916,1,189,0.8513513513513513,1,154,0.6936936936936937
2917,1,169,0.7612612612612613,1,134,0.6036036036036037
2918,1,149,0.6711711711711712,1,114,0.5135135135135135
2919,1,129,0.581081081081081,1,94,0.42342342342342343
2920,1,109,0.49099099099099097,1,74,0.3333333333333333
2921,1,89,0.4009009009009009,1,54,0.24324324324324326
2922,1,69,0.3108108108108108,1,34,0.15315315315315314
2923,1,49,0.22072072072072071,1,14,0.06306306306306306
2924,1,29,0.13063063063063063,0,-1,-1.0
2925,1,9,0.04054054054054054,0,-1,-1.0
2926,0,-1,-1.0,1,208,0.9369369369369369
2927,0,-1,-1.0,1,188,0.8468468468468469
2928,1,203,0.9144144144144144,1,168,0.7567567567567568
2929,1,183,0.8243243243243243,1,148,0.6666666666666666
2930,1,163,0.7342342342342343,1,128,0.5765765765765766
2931,1,143,0.6441441441441441,1,108,0.4864864864864865
2932,1,123,0.5540540540540541,1,88,0.3963963963963964
2933,1,103,0.46396396396396394,1,68,0.3063063063063063
2934,1,83,0.3738738738738739,1,48,0.21621621621621623
2935,1,63,0.28378378378378377,1,28,0.12612612612612611
2936,1,43,0.19369369369369369,1,8,0.036036036036036036
2937,1,23,0.1036036036036036,0,-1,-1.0
2938,1,3,0.013513513513513514,1,208,0.9369369369369369
2939,0,-1,-1.0,1,188,0.8468468468468469
2940,1,68,0.3063063063063063,0,-1,-1.0
2941,1,48,0.21621621621621623,0,-1,-1.0
2942,1,28,0.12612612612612611,1,215,0.9684684684684685
2943,1,8,0.036036036036036036,1,195,0.8783783783783784
2944,1,210,0.9459459459459459,1,175,0.7882882882882883
2945,1,190,0.8558558558558559,1,155,0.6981981981981982
2946,1,170,0.7657657657657657,1,135,0.6081081081081081
2947,1,150,0.6756756756756757,1,115,0.5180180180180181
2948,1,130,0.5855855855855856,1,95,0.42792792792792794
2949,1,110,0.4954954954954955,1,75,0.33783783783783783
2950,1,90,0.40540540540540543,1,55,0.24774774774774774
2951,1,70,0.3153153153153153,1,35,0.15765765765765766
2952,1,50,0.22522522522522523,1,15,0.06756756756756757
2953,1,30,0.13513513513513514,0,-1,-1.0
2954,1,10,0.04504504504504504,0,-1,-1.0
2955,0,-1,-1.0,0,-1,-1.0
2956,0,-1,-1.0,0,-1,-1.0
2957,0,-1,-1.0,1,220,0.990990990990991
2958,0,-1,-1.0,1,200,0.9009009009009009
2959,1,215,0.9684684684684685,1,180,0.8108108108108109
2960,1,195,0.8783783783783784,1,160,0.7207207207207207
2961,1,175,0.7882882882882883,1,140,0.6306306306306306
2962,1,155,0.6981981981981982,1,120,0.5405405405405406
2963,1,135,0.6081081081081081,1,100,0.45045045045045046
2964,1,115,0.5180180180180181,1,80,0.36036036036036034
2965,1,95,0.42792792792792794,1,60,0.2702702702702703
2966,1,75,0.33783783783783783,1,40,0.18018018018018017
2967,1,55,0.24774774774774774,1,20,0.09009009009009009
2968,1,35,0.15765765765765766,1,0,0.0
2969,1,15,0.06756756756756757,1,194,0.8738738738738738
2970,1,209,0.9414414414414415,1,174,0.7837837837837838
2971,1,189,0.8513513513513513,1,154,0.6936936936936937
2972,1,169,0.7612612612612613,1,134,0.6036036036036037
2973,1,149,0.6711711711711712,1,114,0.5135135135135135
2974,1,129,0.581081081081081,1,94,0.42342342342342343
2975,1,109,0.49099099099099097,1,74,0.3333333333333333
2976,1,89,0.4009009009009009,1,54,0.24324324324324326
2977,1,69,0.3108108108108108,1,34,0.15315315315315314
2978,1,49,0.22072072072072071,1,14,0.06306306306306306
2979,1,29,0.13063063063063063,0,-1,-1.0
2980,1,9,0.04054054054054054,0,-1,-1.0
2981,0,-1,-1.0,0,-1,-1.0
2982,0,-1,-1.0,0,-1,-1.0
2983,0,-1,-1.0,0,-1,-1.0
2984,0,-1,-1.0,0,-1,-1.0
2985,0,-1,-1.0,1,206,0.9279279279279279
2986,0,-1,-1.0,1,186,0.8378378378378378
2987,1,54,0.24324324324324326,0,-1,-1.0
2988,1,34,0.15315315315315314,0,-1,-1.0
2989,1,14,0.06306306306306306,0,-1,-1.0
2990,0,-1,-1.0,0,-1,-1.0
2991,0,-1,-1.0,0,-1,-1.0
2992,0,-1,-1.0,1,205,0.9234234234234234
2993,1,213,0.9594594594594594,1,185,0.8333333333333334
2994,1,193,0.8693693693693694,1,165,0.7432432432432432
2995,1,173,0.7792792792792793,1,145,0.6531531531531531
2996,1,153,0.6891891891891891,1,125,0.5630630630630631
2997,1,133,0.5990990990990991,1,105,0.47297297297297297
2998,1,113,0.509009009009009,1,85,0.38288288288288286
2999,1,93,0.4189189189189189,1,65,0.2927927927927928
3000,1,73,0.32882882882882886,1,45,0.20270270270270271
3001,1,53,0.23873873873873874,1,25,0.11261261261261261
3002,1,33,0.14864864864864866,1,5,0.02252252252252252
3003,1,13,0.05855855855855856,0,-1,-1.0
3004,0,-1,-1.0,1,218,0.9819819819819819
3005,0,-1,-1.0,1,198,0.8918918918918919
3006,1,206,0.9279279279279279,1,178,0.8018018018018018
3007,1,186,0.8378378378378378,1,158,0.7117117117117117
3008,1,166,0.7477477477477478,1,138,0.6216216216216216
3009,1,146,0.6576576576576577,1,118,0.5315315315315315
3010,1,126,0.5675675675675675,1,98,0.44144144144144143
3011,1,106,0.4774774774774775,1,78,0.35135135135135137
3012,1,86,0.38738738738738737,1,58,0.26126126126126126
3013,1,66,0.2972972972972973,1,38,0.17117117117117117
3014,1,46,0.2072072072072072,1,18,0.08108108108108109
3015,1,26,0.11711711711711711,0,-1,-1.0
3016,1,6,0.02702702702702703,0,-1,-1.0
3017,0,-1,-1.0,1,211,0.9504504504504504
3018,1,54,0.24324324324324326,0,-1,-1.0
3019,1,34,0.15315315315315314,1,221,0.9954954954954955
3020,1,14,0.06306306306306306,1,201,0.9054054054054054
3021,1,209,0.9414414414414415,1,181,0.8153153153153153
3022,1,189,0.8513513513513513,1,161,0.7252252252252253
3023,1,169,0.7612612612612613,1,141,0.6351351351351351
3024,1,149,0.6711711711711712,1,121,0.545045045045045
3025,1,129,0.581081081081081,1,101,0.45495495495495497
3026,1,109,0.49099099099099097,1,81,0.36486486486486486
3027,1,89,0.4009009009009009,1,61,0.2747747747747748
3028,1,69,0.3108108108108108,1,41,0.18468468468468469
3029,1,49,0.22072072072072071,1,21,0.0945945945945946
3030,1,29,0.13063063063063063,1,1,0.0045045045045045045
3031,1,9,0.04054054054054054,0,-1,-1.0
3032,0,-1,-1.0,0,-1,-1.0
3033,0,-1,-1.0,0,-1,-1.0
3034,0,-1,-1.0,1,204,0.918918918918919
3035,1,212,0.954954954954955,1,184,0.8288288288288288
3036,1,192,0.8648648648648649,1,164,0.7387387387387387
3037,1,172,0.7747747747747747,1,144,0.6486486486486487
3038,1,152,0.6846846846846847,1,124,0.5585585585585585
3039,1,132,0.5945945945945946,1,104,0.46846846846846846
3040,1,112,0.5045045045045045,1,84,0.3783783783783784
3041,1,92,0.4144144144144144,1,64,0.2882882882882883
3042,1,72,0.32432432432432434,1,44,0.1981981981981982
3043,1,52,0.23423423423423423,1,24,0.10810810810810811
3044,1,54,0.24324324324324326,0,-1,-1.0
3045,1,34,0.15315315315315314,0,-1,-1.0
3046,1,14,0.06306306306306306,0,-1,-1.0
3047,0,-1,-1.0,1,214,0.963963963963964
3048,1,222,1.0,1,194,0.8738738738738738
3049,1,202,0.9099099099099099,1,174,0.7837837837837838
3050,1,182,0.8198198198198198,1,154,0.6936936936936937
3051,1,162,0.7297297297297297,1,134,0.6036036036036037
3052,1,142,0.6396396396396397,1,114,0.5135135135135135
3053,1,122,0.5495495495495496,1,94,0.42342342342342343
3054,1,102,0.4594594594594595,1,74,0.3333333333333333
3055,1,82,0.36936936936936937,1,54,0.24324324324324326
3056,1,62,0.27927927927927926,1,34,0.15315315315315314
3057,1,42,0.1891891891891892,1,14,0.06306306306306306
3058,1,22,0.0990990990990991,1,211,0.9504504504504504
3059,1,2,0.009009009009009009,1,191,0.8603603603603603
3060,1,199,0.8963963963963963,1,171,0.7702702702702703
3061,1,179,0.8063063063063063,1,151,0.6801801801801802
3062,1,159,0.7162162162162162,1,131,0.5900900900900901
3063,1,139,0.6261261261261262,1,111,0.5
3064,1,119,0.536036036036036,1,91,0.4099099099099099
3065,1,99,0.44594594594594594,1,71,0.31981981981981983
3066,1,79,0.35585585585585583,1,51,0.22972972972972974
3067,1,59,0.26576576576576577,1,31,0.13963963963963963
3068,1,39,0.17567567567567569,1,11,0.04954954954954955
3069,1,19,0.08558558558558559,0,-1,-1.0
3070,0,-1,-1.0,0,-1,-1.0
3071,0,-1,-1.0,1,205,0.9234234234234234
3072,1,74,0.3333333333333333,0,-1,-1.0
3073,1,54,0.24324324324324326,0,-1,-1.0
3074,1,34,0.15315315315315314,0,-1,-1.0
3075,1,14,0.06306306306306306,0,-1,-1.0
3076,0,-1,-1.0,0,-1,-1.0
3077,0,-1,-1.0,1,218,0.9819819819819819
3078,0,-1,-1.0,1,198,0.8918918918918919
3079,1,216,0.972972972972973,1,178,0.8018018018018018
3080,1,196,0.8828828828828829,1,158,0.7117117117117117
3081,1,176,0.7927927927927928,1,138,0.6216216216216216
3082,1,156,0.7027027027027027,1,118,0.5315315315315315
3083,1,136,0.6126126126126126,1,98,0.44144144144144143
3084,1,116,0.5225225225225225,1,78,0.35135135135135137
3085,1,96,0.43243243243243246,1,58,0.26126126126126126
3086,1,76,0.34234234234234234,1,38,0.17117117117117117
3087,1,56,0.25225225225225223,1,18,0.08108108108108109
3088,1,36,0.16216216216216217,0,-1,-1.0
3089,1,16,0.07207207207207207,0,-1,-1.0
3090,0,-1,-1.0,0,-1,-1.0
3091,0,-1,-1.0,0,-1,-1.0
3092,0,-1,-1.0,0,-1,-1.0
3093,0,-1,-1.0,0,-1,-1.0
3094,0,-1,-1.0,0,-1,-1.0
3095,0,-1,-1.0,1,203,0.9144144144144144
3096,1,221,0.9954954954954955,1,183,0.8243243243243243
3097,1,201,0.9054054054054054,1,163,0.7342342342342343
3098,1,181,0.8153153153153153,1,143,0.6441441441441441
3099,1,161,0.7252252252252253,1,123,0.5540540540540541
3100,1,141,0.6351351351351351,1,103,0.46396396396396394
3101,1,121,0.545045045045045,1,83,0.3738738738738739
3102,1,101,0.45495495495495497,1,63,0.28378378378378377
3103,1,81,0.36486486486486486,1,43,0.19369369369369369
3104,1,61,0.2747747747747748,1,23,0.1036036036036036
3105,1,41,0.18468468468468469,1,3,0.013513513513513514
3106,1,21,0.0945945945945946,0,-1,-1.0
3107,1,1,0.0045045045045045045,0,-1,-1.0
3108,0,-1,-1.0,1,214,0.963963963963964
3109,0,-1,-1.0,1,194,0.8738738738738738
3110,1,212,0.954954954954955,1,174,0.7837837837837838
3111,1,192,0.8648648648648649,1,154,0.6936936936936937
3112,1,172,0.7747747747747747,1,134,0.6036036036036037
3113,1,152,0.6846846846846847,1,114,0.5135135135135135
3114,1,132,0.5945945945945946,1,94,0.42342342342342343
3115,1,112,0.5045045045045045,1,74,0.3333333333333333
3116,1,92,0.4144144144144144,1,54,0.24324324324324326
3117,1,72,0.32432432432432434,1,34,0.15315315315315314
3118,1,52,0.23423423423423423,1,14,0.06306306306306306
3119,1,68,0.3063063063063063,0,-1,-1.0
3120,1,48,0.21621621621621623,1,203,0.9144144144144144
3121,1,28,0.12612612612612611,1,183,0.8243243243243243
3122,1,8,0.036036036036036036,1,163,0.7342342342342343
3123,1,178,0.8018018018018018,1,143,0.6441441441441441
3124,1,158,0.7117117117117117,1,123,0.5540540540540541
3125,1,138,0.6216216216216216,1,103,0.46396396396396394
3126,1,118,0.5315315315315315,1,83,0.3738738738738739
3127,1,98,0.44144144144144143,1,63,0.28378378378378377
3128,1,78,0.35135135135135137,1,43,0.19369369369369369
3129,1,58,0.26126126126126126,1,23,0.1036036036036036
3130,1,38,0.17117117117117117,1,3,0.013513513513513514
3131,1,18,0.08108108108108109,1,215,0.9684684684684685
3132,0,-1,-1.0,1,195,0.8783783783783784
3133,1,210,0.9459459459459459,1,175,0.7882882882882883
3134,1,190,0.8558558558558559,1,155,0.6981981981981982
3135,1,170,0.7657657657657657,1,135,0.6081081081081081
3136,1,150,0.6756756756756757,1,115,0.5180180180180181
3137,1,130,0.5855855855855856,1,95,0.42792792792792794
3138,1,110,0.4954954954954955,1,75,0.33783783783783783
3139,1,90,0.40540540540540543,1,55,0.24774774774774774
3140,1,70,0.3153153153153153,1,35,0.15765765765765766
3141,1,50,0.22522522522522523,1,15,0.06756756756756757
3142,1,30,0.13513513513513514,0,-1,-1.0
3143,1,10,0.04504504504504504,0,-1,-1.0
3144,1,30,0.13513513513513514,1,210,0.9459459459459459
3145,1,10,0.04504504504504504,1,190,0.8558558558558559
3146,1,186,0.8378378378378378,1,170,0.7657657657657657
3147,1,166,0.7477477477477478,1,150,0.6756756756756757
3148,1,146,0.6576576576576577,1,130,0.5855855855855856
3149,1,126,0.5675675675675675,1,110,0.4954954954954955
3150,1,106,0.4774774774774775,1,90,0.40540540540540543
3151,1,86,0.38738738738738737,1,70,0.3153153153153153
3152,1,66,0.2972972972972973,1,50,0.22522522522522523
3153,1,46,0.2072072072072072,1,30,0.13513513513513514
3154,1,26,0.11711711711711711,1,10,0.04504504504504504
3155,1,6,0.02702702702702703,0,-1,-1.0
3156,0,-1,-1.0,0,-1,-1.0
3157,0,-1,-1.0,1,216,0.972972972972973
3158,1,212,0.954954954954955,1,196,0.8828828828828829
3159,1,192,0.8648648648648649,1,176,0.7927927927927928
3160,1,172,0.7747747747747747,1,156,0.7027027027027027
3161,1,152,0.6846846846846847,1,136,0.6126126126126126
3162,1,132,0.5945945945945946,1,116,0.5225225225225225
3163,1,112,0.5045045045045045,1,96,0.43243243243243246
3164,1,92,0.4144144144144144,1,76,0.34234234234234234
3165,1,72,0.32432432432432434,1,56,0.25225225225225223
3166,1,52,0.23423423423423423,1,36,0.16216216216216217
3167,1,32,0.14414414414414414,1,16,0.07207207207207207
3168,1,12,0.05405405405405406,0,-1,-1.0
3169,0,-1,-1.0,0,-1,-1.0
3170,0,-1,-1.0,0,-1,-1.0
3171,0,-1,-1.0,1,205,0.9234234234234234
3172,1,52,0.23423423423423423,0,-1,-1.0
3173,1,32,0.14414414414414414,0,-1,-1.0
3174,1,12,0.05405405405405406,0,-1,-1.0
3175,0,-1,-1.0,0,-1,-1.0
3176,0,-1,-1.0,1,210,0.9459459459459459
3177,1,217,0.9774774774774775,1,190,0.8558558558558559
3178,1,197,0.8873873873873874,1,170,0.7657657657657657
3179,1,177,0.7972972972972973,1,150,0.6756756756756757
3180,1,157,0.7072072072072072,1,130,0.5855855855855856
3181,1,137,0.6171171171171171,1,110,0.4954954954954955
3182,1,117,0.527027027027027,1,90,0.40540540540540543
3183,1,97,0.4369369369369369,1,70,0.3153153153153153
3184,1,77,0.34684684684684686,1,50,0.22522522522522523
3185,1,57,0.25675675675675674,1,30,0.13513513513513514
3186,1,37,0.16666666666666666,1,10,0.04504504504504504
3187,1,17,0.07657657657657657,1,214,0.963963963963964
3188,1,221,0.9954954954954955,1,194,0.8738738738738738
3189,1,201,0.9054054054054054,1,174,0.7837837837837838
3190,1,181,0.8153153153153153,1,154,0.6936936936936937
3191,1,161,0.7252252252252253,1,134,0.6036036036036037
3192,1,141,0.6351351351351351,1,114,0.5135135135135135
3193,1,121,0.545045045045045,1,94,0.42342342342342343
3194,1,101,0.45495495495495497,1,74,0.3333333333333333
3195,1,81,0.36486486486486486,1,54,0.24324324324324326
3196,1,61,0.2747747747747748,1,34,0.15315315315315314
3197,1,41,0.18468468468468469,1,14,0.06306306306306306
3198,1,21,0.0945945945945946,0,-1,-1.0
3199,1,1,0.0045045045045045045,1,219,0.9864864864864865
3200,0,-1,-1.0,1,199,0.8963963963963963
3201,1,58,0.26126126126126126,1,219,0.9864864864864865
3202,1,38,0.17117117117117117,1,199,0.8963963963963963
3203,1,18,0.08108108108108109,1,179,0.8063063063063063
3204,1,189,0.8513513513513513,1,159,0.7162162162162162
3205,1,169,0.7612612612612613,1,139,0.6261261261261262
3206,1,149,0.6711711711711712,1,119,0.536036036036036
3207,1,129,0.581081081081081,1,99,0.44594594594594594
3208,1,109,0.49099099099099097,1,79,0.35585585585585583
3209,1,89,0.4009009009009009,1,59,0.26576576576576577
3210,1,69,0.3108108108108108,1,39,0.17567567567567569
3211,1,49,0.22072072072072071,1,19,0.08558558558558559
3212,1,29,0.13063063063063063,0,-1,-1.0
3213,1,9,0.04054054054054054,0,-1,-1.0
3214,0,-1,-1.0,1,212,0.954954954954955
3215,1,222,1.0,1,192,0.8648648648648649
3216,1,202,0.9099099099099099,1,172,0.7747747747747747
3217,1,182,0.8198198198198198,1,152,0.6846846846846847
3218,1,162,0.7297297297297297,1,132,0.5945945945945946
3219,1,142,0.6396396396396397,1,112,0.5045045045045045
3220,1,122,0.5495495495495496,1,92,0.4144144144144144
3221,1,102,0.4594594594594595,1,72,0.32432432432432434
3222,1,82,0.36936936936936937,1,52,0.23423423423423423
3223,1,62,0.27927927927927926,1,32,0.14414414414414414
3224,1,42,0.1891891891891892,1,12,0.05405405405405406
3225,1,56,0.25225225225225223,0,-1,-1.0
3226,1,36,0.16216216216216217,0,-1,-1.0
3227,1,16,0.07207207207207207,0,-1,-1.0
3228,0,-1,-1.0,0,-1,-1.0
3229,0,-1,-1.0,0,-1,-1.0
3230,0,-1,-1.0,1,220,0.990990990990991
3231,0,-1,-1.0,1,200,0.9009009009009009
3232,1,209,0.9414414414414415,1,180,0.8108108108108109
3233,1,189,0.8513513513513513,1,160,0.7207207207207207
3234,1,169,0.7612612612612613,1,140,0.6306306306306306
3235,1,149,0.6711711711711712,1,120,0.5405405405405406
3236,1,129,0.581081081081081,1,100,0.45045045045045046
3237,1,109,0.49099099099099097,1,80,0.36036036036036034
3238,1,89,0.4009009009009009,1,60,0.2702702702702703
3239,1,69,0.3108108108108108,1,40,0.18018018018018017
3240,1,49,0.22072072072072071,1,20,0.09009009009009009
3241,1,29,0.13063063063063063,1,0,0.0
3242,1,9,0.04054054054054054,0,-1,-1.0
3243,0,-1,-1.0,0,-1,-1.0
3244,0,-1,-1.0,0,-1,-1.0
3245,0,-1,-1.0,0,-1,-1.0
3246,0,-1,-1.0,1,204,0.918918918918919
3247,1,213,0.9594594594594594,1,184,0.8288288288288288
3248,1,193,0.8693693693693694,1,164,0.7387387387387387
3249,1,173,0.7792792792792793,1,144,0.6486486486486487
3250,1,153,0.6891891891891891,1,124,0.5585585585585585
3251,1,133,0.5990990990990991,1,104,0.46846846846846846
3252,1,113,0.509009009009009,1,84,0.3783783783783784
3253,1,93,0.4189189189189189,1,64,0.2882882882882883
3254,1,73,0.32882882882882886,1,44,0.1981981981981982
3255,1,53,0.23873873873873874,1,24,0.10810810810810811
3256,1,33,0.14864864864864866,1,4,0.018018018018018018
3257,1,13,0.05855855855855856,1,208,0.9369369369369369
3258,0,-1,-1.0,1,188,0.8468468468468469
3259,1,78,0.35135135135135137,0,-1,-1.0
3260,1,58,0.26126126126126126,1,219,0.9864864864864865
3261,1,38,0.17117117117117117,1,199,0.8963963963963963
3262,1,18,0.08108108108108109,1,179,0.8063063063063063
3263,1,199,0.8963963963963963,1,159,0.7162162162162162
3264,1,179,0.8063063063063063,1,139,0.6261261261261262
3265,1,159,0.7162162162162162,1,119,0.536036036036036
3266,1,139,0.6261261261261262,1,99,0.44594594594594594
3267,1,119,0.536036036036036,1,79,0.35585585585585583
3268,1,99,0.44594594594594594,1,59,0.26576576576576577
3269,1,79,0.35585585585585583,1,39,0.17567567567567569
3270,1,59,0.26576576576576577,1,19,0.08558558558558559
3271,1,39,0.17567567567567569,0,-1,-1.0
3272,1,19,0.08558558558558559,0,-1,-1.0
3273,0,-1,-1.0,0,-1,-1.0
3274,0,-1,-1.0,0,-1,-1.0
3275,0,-1,-1.0,0,-1,-1.0
3276,0,-1,-1.0,1,210,0.9459459459459459
3277,0,-1,-1.0,1,190,0.8558558558558559
3278,1,210,0.9459459459459459,1,170,0.7657657657657657
3279,1,190,0.8558558558558559,1,150,0.6756756756756757
3280,1,170,0.7657657657657657,1,130,0.5855855855855856
3281,1,150,0.6756756756756757,1,110,0.4954954954954955
3282,1,130,0.5855855855855856,1,90,0.40540540540540543
3283,1,110,0.4954954954954955,1,70,0.3153153153153153
3284,1,90,0.40540540540540543,1,50,0.22522522522522523
3285,1,70,0.3153153153153153,1,30,0.13513513513513514
3286,1,30,0.13513513513513514,0,-1,-1.0
3287,1,10,0.04504504504504504,1,211,0.9504504504504504
3288,1,207,0.9324324324324325,1,191,0.8603603603603603
3289,1,187,0.8423423423423423,1,171,0.7702702702702703
3290,1,167,0.7522522522522522,1,151,0.6801801801801802
3291,1,147,0.6621621621621622,1,131,0.5900900900900901
3292,1,127,0.5720720720720721,1,111,0.5
3293,1,107,0.481981981981982,1,91,0.4099099099099099
3294,1,87,0.3918918918918919,1,71,0.31981981981981983
3295,1,67,0.30180180180180183,1,51,0.22972972972972974
3296,1,47,0.21171171171171171,1,31,0.13963963963963963
3297,1,27,0.12162162162162163,1,11,0.04954954954954955
3298,1,7,0.03153153153153153,0,-1,-1.0
3299,0,-1,-1.0,0,-1,-1.0
3300,0,-1,-1.0,1,212,0.954954954954955
3301,1,208,0.9369369369369369,1,192,0.8648648648648649
3302,1,188,0.8468468468468469,1,172,0.7747747747747747
3303,1,168,0.7567567567567568,1,152,0.6846846846846847
3304,1,148,0.6666666666666666,1,132,0.5945945945945946
3305,1,128,0.5765765765765766,1,112,0.5045045045045045
3306,1,108,0.4864864864864865,1,92,0.4144144144144144
3307,1,88,0.3963963963963964,1,72,0.32432432432432434
3308,1,68,0.3063063063063063,1,52,0.23423423423423423
3309,1,48,0.21621621621621623,1,32,0.14414414414414414
3310,1,28,0.12612612612612611,1,12,0.05405405405405406
3311,1,8,0.036036036036036036,0,-1,-1.0
3312,0,-1,-1.0,0,-1,-1.0
3313,0,-1,-1.0,1,222,1.0
3314,0,-1,-1.0,1,202,0.9099099099099099
3315,1,46,0.2072072072072072,0,-1,-1.0
3316,1,26,0.11711711711711711,0,-1,-1.0
3317,1,6,0.02702702702702703,0,-1,-1.0
3318,0,-1,-1.0,0,-1,-1.0
3319,0,-1,-1.0,0,-1,-1.0
3320,0,-1,-1.0,1,216,0.972972972972973
3321,1,220,0.990990990990991,1,196,0.8828828828828829
3322,1,200,0.9009009009009009,1,176,0.7927927927927928
3323,1,180,0.8108108108108109,1,156,0.7027027027027027
3324,1,160,0.7207207207207207,1,136,0.6126126126126126
3325,1,140,0.6306306306306306,1,116,0.5225225225225225
3326,1,120,0.5405405405405406,1,96,0.43243243243243246
3327,1,100,0.45045045045045046,1,76,0.34234234234234234
3328,1,80,0.36036036036036034,1,56,0.25225225225225223
3329,1,60,0.2702702702702703,1,36,0.16216216216216217
3330,1,40,0.18018018018018017,1,16,0.07207207207207207
3331,1,20,0.09009009009009009,1,221,0.9954954954954955
3332,1,0,0.0,1,201,0.9054054054054054
3333,1,205,0.9234234234234234,1,181,0.8153153153153153
3334,1,185,0.8333333333333334,1,161,0.7252252252252253
3335,1,165,0.7432432432432432,1,141,0.6351351351351351
3336,1,145,0.6531531531531531,1,121,0.545045045045045
3337,1,125,0.5630630630630631,1,101,0.45495495495495497
3338,1,105,0.47297297297297297,1,81,0.36486486486486486
3339,1,85,0.38288288288288286,1,61,0.2747747747747748
3340,1,65,0.2927927927927928,1,41,0.18468468468468469
3341,1,45,0.20270270270270271,1,21,0.0945945945945946
3342,1,25,0.11261261261261261,1,1,0.0045045045045045045
3343,1,5,0.02252252252252252,0,-1,-1.0
3344,0,-1,-1.0,1,213,0.9594594594594594
3345,0,-1,-1.0,1,193,0.8693693693693694
3346,1,54,0.24324324324324326,0,-1,-1.0
3347,1,34,0.15315315315315314,1,222,1.0
3348,1,14,0.06306306306306306,1,202,0.9099099099099099
3349,1,210,0.9459459459459459,1,182,0.8198198198198198
3350,1,190,0.8558558558558559,1,162,0.7297297297297297
3351,1,170,0.7657657657657657,1,142,0.6396396396396397
3352,1,150,0.6756756756756757,1,122,0.5495495495495496
3353,1,130,0.5855855855855856,1,102,0.4594594594594595
3354,1,110,0.4954954954954955,1,82,0.36936936936936937
3355,1,90,0.40540540540540543,1,62,0.27927927927927926
3356,1,70,0.3153153153153153,1,42,0.1891891891891892
3357,1,50,0.22522522522522523,1,22,0.0990990990990991
3358,1,30,0.13513513513513514,1,2,0.009009009009009009
3359,1,10,0.04504504504504504,1,198,0.8918918918918919
3360,1,206,0.9279279279279279,1,178,0.8018018018018018
3361,1,186,0.8378378378378378,1,158,0.7117117117117117
3362,1,166,0.7477477477477478,1,138,0.6216216216216216
3363,1,146,0.6576576576576577,1,118,0.5315315315315315
3364,1,126,0.5675675675675675,1,98,0.44144144144144143
3365,1,106,0.4774774774774775,1,78,0.35135135135135137
3366,1,86,0.38738738738738737,1,58,0.26126126126126126
3367,1,66,0.2972972972972973,1,38,0.17117117117117117
3368,1,46,0.2072072072072072,1,18,0.08108108108108109
3369,1,26,0.11711711711711711,0,-1,-1.0
3370,1,6,0.02702702702702703,0,-1,-1.0
3371,0,-1,-1.0,0,-1,-1.0
3372,0,-1,-1.0,0,-1,-1.0
3373,0,-1,-1.0,0,-1,-1.0
3374,0,-1,-1.0,0,-1,-1.0
3375,0,-1,-1.0,0,-1,-1.0
3376,0,-1,-1.0,1,206,0.9279279279279279
3377,0,-1,-1.0,1,186,0.8378378378378378
3378,1,50,0.22522522522522523,0,-1,-1.0
3379,1,30,0.13513513513513514,0,-1,-1.0
3380,1,10,0.04504504504504504,0,-1,-1.0
3381,0,-1,-1.0,1,212,0.954954954954955
3382,1,218,0.9819819819819819,1,192,0.8648648648648649
3383,1,198,0.8918918918918919,1,172,0.7747747747747747
3384,1,178,0.8018018018018018,1,152,0.6846846846846847
3385,1,158,0.7117117117117117,1,132,0.5945945945945946
3386,1,138,0.6216216216216216,1,112,0.5045045045045045
3387,1,118,0.5315315315315315,1,92,0.4144144144144144
3388,1,98,0.44144144144144143,1,72,0.32432432432432434
3389,1,78,0.35135135135135137,1,52,0.23423423423423423
3390,1,58,0.26126126126126126,1,32,0.14414414414414414
3391,1,38,0.17117117117117117,1,12,0.05405405405405406
3392,1,18,0.08108108108108109,1,201,0.9054054054054054
3393,1,207,0.9324324324324325,1,181,0.8153153153153153
3394,1,187,0.8423423423423423,1,161,0.7252252252252253
3395,1,167,0.7522522522522522,1,141,0.6351351351351351
3396,1,147,0.6621621621621622,1,121,0.545045045045045
3397,1,127,0.5720720720720721,1,101,0.45495495495495497
3398,1,107,0.481981981981982,1,81,0.36486486486486486
3399,1,87,0.3918918918918919,1,61,0.2747747747747748
3400,1,67,0.30180180180180183,1,41,0.18468468468468469
3401,1,47,0.21171171171171171,1,21,0.0945945945945946
3402,1,27,0.12162162162162163,1,1,0.0045045045045045045
3403,1,7,0.03153153153153153,0,-1,-1.0
3404,1,74,0.3333333333333333,0,-1,-1.0
3405,1,54,0.24324324324324326,0,-1,-1.0
3406,1,34,0.15315315315315314,0,-1,-1.0
3407,1,14,0.06306306306306306,0,-1,-1.0
3408,0,-1,-1.0,0,-1,-1.0
3409,0,-1,-1.0,0,-1,-1.0
3410,0,-1,-1.0,0,-1,-1.0
3411,0,-1,-1.0,0,-1,-1.0
3412,0,-1,-1.0,1,222,1.0
3413,0,-1,-1.0,1,202,0.9099099099099099
3414,1,220,0.990990990990991,1,182,0.8198198198198198
3415,1,200,0.9009009009009009,1,162,0.7297297297297297
3416,1,180,0.8108108108108109,1,142,0.6396396396396397
3417,1,160,0.7207207207207207,1,122,0.5495495495495496
3418,1,140,0.6306306306306306,1,102,0.4594594594594595
3419,1,120,0.5405405405405406,1,82,0.36936936936936937
3420,1,100,0.45045045045045046,1,62,0.27927927927927926
3421,1,80,0.36036036036036034,1,42,0.1891891891891892
3422,1,60,0.2702702702702703,1,22,0.0990990990990991
3423,1,40,0.18018018018018017,1,2,0.009009009009009009
3424,1,20,0.09009009009009009,0,-1,-1.0
3425,1,0,0.0,0,-1,-1.0
3426,0,-1,-1.0,0,-1,-1.0
3427,0,-1,-1.0,0,-1,-1.0
3428,0,-1,-1.0,1,204,0.918918918918919
3429,1,222,1.0,1,184,0.8288288288288288
3430,1,202,0.9099099099099099,1,164,0.7387387387387387
3431,1,182,0.8198198198198198,1,144,0.6486486486486487
3432,1,162,0.7297297297297297,1,124,0.5585585585585585
3433,1,142,0.6396396396396397,1,104,0.46846846846846846
3434,1,122,0.5495495495495496,1,84,0.3783783783783784
3435,1,102,0.4594594594594595,1,64,0.2882882882882883
3436,1,82,0.36936936936936937,1,44,0.1981981981981982
3437,1,66,0.2972972972972973,0,-1,-1.0
3438,1,46,0.2072072072072072,0,-1,-1.0
3439,1,26,0.11711711711711711,0,-1,-1.0
3440,1,6,0.02702702702702703,0,-1,-1.0
3441,0,-1,-1.0,0,-1,-1.0
3442,0,-1,-1.0,0,-1,-1.0
3443,0,-1,-1.0,1,210,0.9459459459459459
3444,0,-1,-1.0,1,190,0.8558558558558559
3445,1,204,0.918918918918919,1,170,0.7657657657657657
3446,1,184,0.8288288288288288,1,150,0.6756756756756757
3447,1,164,0.7387387387387387,1,130,0.5855855855855856
3448,1,144,0.6486486486486487,1,110,0.4954954954954955
3449,1,124,0.5585585585585585,1,90,0.40540540540540543
3450,1,104,0.46846846846846846,1,70,0.3153153153153153
3451,1,84,0.3783783783783784,1,50,0.22522522522522523
3452,1,64,0.2882882882882883,1,30,0.13513513513513514
3453,1,44,0.1981981981981982,1,10,0.04504504504504504
3454,1,24,0.10810810810810811,0,-1,-1.0
3455,1,4,0.018018018018018018,0,-1,-1.0
3456,0,-1,-1.0,1,203,0.9144144144144144
3457,1,217,0.9774774774774775,1,183,0.8243243243243243
3458,1,197,0.8873873873873874,1,163,0.7342342342342343
3459,1,177,0.7972972972972973,1,143,0.6441441441441441
3460,1,157,0.7072072072072072,1,123,0.5540540540540541
3461,1,137,0.6171171171171171,1,103,0.46396396396396394
3462,1,117,0.527027027027027,1,83,0.3738738738738739
3463,1,97,0.4369369369369369,1,63,0.28378378378378377
3464,1,77,0.34684684684684686,1,43,0.19369369369369369
3465,1,57,0.25675675675675674,1,23,0.1036036036036036
3466,1,37,0.16666666666666666,1,3,0.013513513513513514
3467,1,50,0.22522522522522523,0,-1,-1.0
3468,1,30,0.13513513513513514,1,219,0.9864864864864865
3469,1,10,0.04504504504504504,1,199,0.8963963963963963
3470,1,205,0.9234234234234234,1,179,0.8063063063063063
3471,1,185,0.8333333333333334,1,159,0.7162162162162162
3472,1,165,0.7432432432432432,1,139,0.6261261261261262
3473,1,145,0.6531531531531531,1,119,0.536036036036036
3474,1,125,0.5630630630630631,1,99,0.44594594594594594
3475,1,105,0.47297297297297297,1,79,0.35585585585585583
3476,1,85,0.38288288288288286,1,59,0.26576576576576577
3477,1,65,0.2927927927927928,1,39,0.17567567567567569
3478,1,45,0.20270270270270271,1,19,0.08558558558558559
3479,1,25,0.11261261261261261,0,-1,-1.0
3480,1,5,0.02252252252252252,0,-1,-1.0
3481,0,-1,-1.0,0,-1,-1.0
3482,0,-1,-1.0,1,204,0.918918918918919
3483,1,210,0.9459459459459459,1,184,0.8288288288288288
3484,1,190,0.8558558558558559,1,164,0.7387387387387387
3485,1,170,0.7657657657657657,1,144,0.6486486486486487
3486,1,150,0.6756756756756757,1,124,0.5585585585585585
3487,1,130,0.5855855855855856,1,104,0.46846846846846846
3488,1,110,0.4954954954954955,1,84,0.3783783783783784
3489,1,90,0.40540540540540543,1,64,0.2882882882882883
3490,1,70,0.3153153153153153,1,44,0.1981981981981982
3491,1,50,0.22522522522522523,1,24,0.10810810810810811
3492,1,30,0.13513513513513514,1,4,0.018018018018018018
3493,1,10,0.04504504504504504,1,169,0.7612612612612613
3494,1,175,0.7882882882882883,1,149,0.6711711711711712
3495,1,155,0.6981981981981982,1,129,0.581081081081081
3496,1,135,0.6081081081081081,1,109,0.49099099099099097
3497,1,115,0.5180180180180181,1,89,0.4009009009009009
3498,1,95,0.42792792792792794,1,69,0.3108108108108108
3499,1,75,0.33783783783783783,1,49,0.22072072072072071
3500,1,55,0.24774774774774774,1,29,0.13063063063063063
3501,1,35,0.15765765765765766,1,9,0.04054054054054054
3502,1,15,0.06756756756756757,0,-1,-1.0
3503,0,-1,-1.0,0,-1,-1.0
3504,0,-1,-1.0,0,-1,-1.0
3505,0,-1,-1.0,1,211,0.9504504504504504
3506,1,44,0.1981981981981982,0,-1,-1.0
3507,1,24,0.10810810810810811,0,-1,-1.0
3508,1,4,0.018018018018018018,0,-1,-1.0
3509,0,-1,-1.0,0,-1,-1.0
3510,0,-1,-1.0,0,-1,-1.0
3511,0,-1,-1.0,1,204,0.918918918918919
3512,1,207,0.9324324324324325,1,184,0.8288288288288288
3513,1,187,0.8423423423423423,1,164,0.7387387387387387
3514,1,167,0.7522522522522522,1,144,0.6486486486486487
3515,1,147,0.6621621621621622,1,124,0.5585585585585585
3516,1,127,0.5720720720720721,1,104,0.46846846846846846
3517,1,107,0.481981981981982,1,84,0.3783783783783784
3518,1,87,0.3918918918918919,1,64,0.2882882882882883
3519,1,67,0.30180180180180183,1,44,0.1981981981981982
3520,1,47,0.21171171171171171,1,24,0.10810810810810811
3521,1,27,0.12162162162162163,1,4,0.018018018018018018
3522,1,7,0.03153153153153153,0,-1,-1.0
3523,0,-1,-1.0,1,210,0.9459459459459459
3524,1,213,0.9594594594594594,1,190,0.8558558558558559
3525,1,193,0.8693693693693694,1,170,0.7657657657657657
3526,1,173,0.7792792792792793,1,150,0.6756756756756757
3527,1,153,0.6891891891891891,1,130,0.5855855855855856
3528,1,133,0.5990990990990991,1,110,0.4954954954954955
3529,1,113,0.509009009009009,1,90,0.40540540540540543
3530,1,93,0.4189189189189189,1,70,0.3153153153153153
3531,1,73,0.32882882882882886,1,50,0.22522522522522523
3532,1,53,0.23873873873873874,1,30,0.13513513513513514
3533,1,33,0.14864864864864866,1,10,0.04504504504504504
3534,1,13,0.05855855855855856,0,-1,-1.0
3535,0,-1,-1.0,0,-1,-1.0
3536,0,-1,-1.0,1,218,0.9819819819819819
3537,0,-1,-1.0,1,198,0.8918918918918919
3538,1,24,0.10810810810810811,1,215,0.9684684684684685
3539,1,4,0.018018018018018018,1,195,0.8783783783783784
3540,1,188,0.8468468468468469,1,175,0.7882882882882883
3541,1,168,0.7567567567567568,1,155,0.6981981981981982
3542,1,148,0.6666666666666666,1,135,0.6081081081081081
3543,1,128,0.5765765765765766,1,115,0.5180180180180181
3544,1,108,0.4864864864864865,1,95,0.42792792792792794
3545,1,88,0.3963963963963964,1,75,0.33783783783783783
3546,1,68,0.3063063063063063,1,55,0.24774774774774774
3547,1,48,0.21621621621621623,1,35,0.15765765765765766
3548,1,28,0.12612612612612611,1,15,0.06756756756756757
3549,1,8,0.036036036036036036,0,-1,-1.0
3550,0,-1,-1.0,0,-1,-1.0
3551,0,-1,-1.0,0,-1,-1.0
3552,0,-1,-1.0,1,214,0.963963963963964
3553,1,207,0.9324324324324325,1,194,0.8738738738738738
3554,1,187,0.8423423423423423,1,174,0.7837837837837838
3555,1,167,0.7522522522522522,1,154,0.6936936936936937
3556,1,147,0.6621621621621622,1,134,0.6036036036036037
3557,1,127,0.5720720720720721,1,114,0.5135135135135135
3558,1,107,0.481981981981982,1,94,0.42342342342342343
3559,1,87,0.3918918918918919,1,74,0.3333333333333333
3560,1,67,0.30180180180180183,1,54,0.24324324324324326
3561,1,47,0.21171171171171171,1,34,0.15315315315315314
3562,1,27,0.12162162162162163,1,14,0.06306306306306306
3563,1,48,0.21621621621621623,0,-1,-1.0
3564,1,28,0.12612612612612611,1,214,0.963963963963964
3565,1,8,0.036036036036036036,1,194,0.8738738738738738
3566,1,199,0.8963963963963963,1,174,0.7837837837837838
3567,1,179,0.8063063063063063,1,154,0.6936936936936937
3568,1,159,0.7162162162162162,1,134,0.6036036036036037
3569,1,139,0.6261261261261262,1,114,0.5135135135135135
3570,1,119,0.536036036036036,1,94,0.42342342342342343
3571,1,99,0.44594594594594594,1,74,0.3333333333333333
3572,1,79,0.35585585585585583,1,54,0.24324324324324326
3573,1,59,0.26576576576576577,1,34,0.15315315315315314
3574,1,39,0.17567567567567569,1,14,0.06306306306306306
3575,1,19,0.08558558558558559,0,-1,-1.0
3576,0,-1,-1.0,0,-1,-1.0
3577,0,-1,-1.0,0,-1,-1.0
3578,0,-1,-1.0,1,206,0.9279279279279279
3579,1,211,0.9504504504504504,1,186,0.8378378378378378
3580,1,191,0.8603603603603603,1,166,0.7477477477477478
3581,1,171,0.7702702702702703,1,146,0.6576576576576577
3582,1,151,0.6801801801801802,1,126,0.5675675675675675
3583,1,131,0.5900900900900901,1,106,0.4774774774774775
3584,1,111,0.5,1,86,0.38738738738738737
3585,1,91,0.4099099099099099,1,66,0.2972972972972973
3586,1,71,0.31981981981981983,1,46,0.2072072072072072
3587,1,51,0.22972972972972974,1,26,0.11711711711711711
3588,1,31,0.13963963963963963,1,6,0.02702702702702703
3589,1,11,0.04954954954954955,1,200,0.9009009009009009
3590,1,66,0.2972972972972973,0,-1,-1.0
3591,1,46,0.2072072072072072,0,-1,-1.0
3592,1,26,0.11711711711711711,0,-1,-1.0
3593,1,6,0.02702702702702703,0,-1,-1.0
3594,0,-1,-1.0,1,209,0.9414414414414415
3595,0,-1,-1.0,1,189,0.8513513513513513
3596,1,203,0.9144144144144144,1,169,0.7612612612612613
3597,1,183,0.8243243243243243,1,149,0.6711711711711712
3598,1,163,0.7342342342342343,1,129,0.581081081081081
3599,1,143,0.6441441441441441,1,109,0.49099099099099097
3600,1,123,0.5540540540540541,1,89,0.4009009009009009
3601,1,103,0.46396396396396394,1,69,0.3108108108108108
3602,1,83,0.3738738738738739,1,49,0.22072072072072071
3603,1,63,0.28378378378378377,1,29,0.13063063063063063
3604,1,43,0.19369369369369369,1,9,0.04054054054054054
3605,1,23,0.1036036036036036,0,-1,-1.0
3606,1,3,0.013513513513513514,1,204,0.918918918918919
3607,1,218,0.9819819819819819,1,184,0.8288288288288288
3608,1,198,0.8918918918918919,1,164,0.7387387387387387
3609,1,178,0.8018018018018018,1,144,0.6486486486486487
3610,1,158,0.7117117117117117,1,124,0.5585585585585585
3611,1,138,0.6216216216216216,1,104,0.46846846846846846
3612,1,118,0.5315315315315315,1,84,0.3783783783783784
3613,1,98,0.44144144144144143,1,64,0.2882882882882883
3614,1,78,0.35135135135135137,1,44,0.1981981981981982
3615,1,58,0.26126126126126126,1,24,0.10810810810810811
3616,1,38,0.17117117117117117,1,4,0.018018018018018018
3617,1,18,0.08108108108108109,0,-1,-1.0
3618,0,-1,-1.0,0,-1,-1.0
3619,0,-1,-1.0,0,-1,-1.0
3620,0,-1,-1.0,1,219,0.9864864864864865
3621,0,-1,-1.0,1,199,0.8963963963963963
3622,1,213,0.9594594594594594,1,179,0.8063063063063063
3623,1,193,0.8693693693693694,1,159,0.7162162162162162
3624,1,173,0.7792792792792793,1,139,0.6261261261261262
3625,1,153,0.6891891891891891,1,119,0.536036036036036
3626,1,133,0.5990990990990991,1,99,0.44594594594594594
3627,1,113,0.509009009009009,1,79,0.35585585585585583
3628,1,93,0.4189189189189189,1,59,0.26576576576576577
3629,1,73,0.32882882882882886,1,39,0.17567567567567569
3630,1,53,0.23873873873873874,1,19,0.08558558558558559
3631,1,33,0.14864864864864866,0,-1,-1.0
3632,1,13,0.05855855855855856,0,-1,-1.0
3633,0,-1,-1.0,0,-1,-1.0
3634,0,-1,-1.0,1,220,0.990990990990991
3635,0,-1,-1.0,1,200,0.9009009009009009
3636,1,28,0.12612612612612611,1,210,0.9459459459459459
3637,1,8,0.036036036036036036,1,190,0.8558558558558559
3638,1,185,0.8333333333333334,1,170,0.7657657657657657
3639,1,165,0.7432432432432432,1,150,0.6756756756756757
3640,1,145,0.6531531531531531,1,130,0.5855855855855856
3641,1,125,0.5630630630630631,1,110,0.4954954954954955
3642,1,105,0.47297297297297297,1,90,0.40540540540540543
3643,1,85,0.38288288288288286,1,70,0.3153153153153153
3644,1,65,0.2927927927927928,1,50,0.22522522522522523
3645,1,45,0.20270270270270271,1,30,0.13513513513513514
3646,1,25,0.11261261261261261,1,10,0.04504504504504504
3647,1,5,0.02252252252252252,0,-1,-1.0
3648,0,-1,-1.0,0,-1,-1.0
3649,0,-1,-1.0,0,-1,-1.0
3650,0,-1,-1.0,0,-1,-1.0
3651,0,-1,-1.0,0,-1,-1.0
3652,0,-1,-1.0,0,-1,-1.0
3653,1,219,0.9864864864864865,1,204,0.918918918918919
3654,1,199,0.8963963963963963,1,184,0.8288288288288288
3655,1,179,0.8063063063063063,1,164,0.7387387387387387
3656,1,159,0.7162162162162162,1,144,0.6486486486486487
3657,1,139,0.6261261261261262,1,124,0.5585585585585585
3658,1,119,0.536036036036036,1,104,0.46846846846846846
3659,1,99,0.44594594594594594,1,84,0.3783783783783784
3660,1,79,0.35585585585585583,1,64,0.2882882882882883
3661,1,59,0.26576576576576577,1,44,0.1981981981981982
3662,1,39,0.17567567567567569,1,24,0.10810810810810811
3663,1,19,0.08558558558558559,1,4,0.018018018018018018
3664,0,-1,-1.0,0,-1,-1.0
3665,0,-1,-1.0,0,-1,-1.0
3666,0,-1,-1.0,0,-1,-1.0
3667,0,-1,-1.0,1,210,0.9459459459459459
3668,1,205,0.9234234234234234,1,190,0.8558558558558559
3669,1,185,0.8333333333333334,1,170,0.7657657657657657
3670,1,165,0.7432432432432432,1,150,0.6756756756756757
3671,1,145,0.6531531531531531,1,130,0.5855855855855856
3672,1,125,0.5630630630630631,1,110,0.4954954954954955
3673,1,105,0.47297297297297297,1,90,0.40540540540540543
3674,1,85,0.38288288288288286,1,70,0.3153153153153153
3675,1,65,0.2927927927927928,1,50,0.22522522522522523
3676,1,45,0.20270270270270271,1,30,0.13513513513513514
3677,1,25,0.11261261261261261,1,10,0.04504504504504504
3678,1,5,0.02252252252252252,0,-1,-1.0
3679,0,-1,-1.0,0,-1,-1.0
3680,0,-1,-1.0,1,218,0.9819819819819819
3681,1,78,0.35135135135135137,0,-1,-1.0
3682,1,58,0.26126126126126126,0,-1,-1.0
3683,1,38,0.17117117117117117,0,-1,-1.0
3684,1,18,0.08108108108108109,0,-1,-1.0
3685,0,-1,-1.0,0,-1,-1.0
3686,0,-1,-1.0,0,-1,-1.0
3687,0,-1,-1.0,1,213,0.9594594594594594
3688,0,-1,-1.0,1,193,0.8693693693693694
3689,1,213,0.9594594594594594,1,173,0.7792792792792793
3690,1,193,0.8693693693693694,1,153,0.6891891891891891
3691,1,173,0.7792792792792793,1,133,0.5990990990990991
3692,1,153,0.6891891891891891,1,113,0.509009009009009
3693,1,133,0.5990990990990991,1,93,0.4189189189189189
3694,1,113,0.509009009009009,1,73,0.32882882882882886
3695,1,93,0.4189189189189189,1,53,0.23873873873873874
3696,1,73,0.32882882882882886,1,33,0.14864864864864866
3697,1,53,0.23873873873873874,1,13,0.05855855855855856
3698,1,33,0.14864864864864866,0,-1,-1.0
3699,1,13,0.05855855855855856,0,-1,-1.0
3700,0,-1,-1.0,0,-1,-1.0
3701,0,-1,-1.0,0,-1,-1.0
3702,0,-1,-1.0,0,-1,-1.0
3703,0,-1,-1.0,1,210,0.9459459459459459
3704,0,-1,-1.0,1,190,0.8558558558558559
3705,1,210,0.9459459459459459,1,170,0.7657657657657657
3706,1,190,0.8558558558558559,1,150,0.6756756756756757
3707,1,170,0.7657657657657657,1,130,0.5855855855855856
3708,1,150,0.6756756756756757,1,110,0.4954954954954955
3709,1,130,0.5855855855855856,1,90,0.40540540540540543
3710,1,110,0.4954954954954955,1,70,0.3153153153153153
3711,1,90,0.40540540540540543,1,50,0.22522522522522523
3712,1,70,0.3153153153153153,1,30,0.13513513513513514
3713,1,50,0.22522522522522523,1,10,0.04504504504504504
3714,1,30,0.13513513513513514,1,209,0.9414414414414415
3715,1,10,0.04504504504504504,1,189,0.8513513513513513
3716,1,209,0.9414414414414415,1,169,0.7612612612612613
3717,1,189,0.8513513513513513,1,149,0.6711711711711712
3718,1,169,0.7612612612612613,1,129,0.581081081081081
3719,1,149,0.6711711711711712,1,109,0.49099099099099097
3720,1,129,0.581081081081081,1,89,0.4009009009009009
3721,1,109,0.49099099099099097,1,69,0.3108108108108108
3722,1,89,0.4009009009009009,1,49,0.22072072072072071
3723,1,69,0.3108108108108108,1,29,0.13063063063063063
3724,1,49,0.22072072072072071,1,9,0.04054054054054054
3725,1,29,0.13063063063063063,0,-1,-1.0
3726,1,9,0.04054054054054054,0,-1,-1.0
3727,0,-1,-1.0,0,-1,-1.0
3728,0,-1,-1.0,0,-1,-1.0
3729,1,48,0.21621621621621623,0,-1,-1.0
3730,1,28,0.12612612612612611,0,-1,-1.0
3731,1,8,0.036036036036036036,0,-1,-1.0
3732,0,-1,-1.0,0,-1,-1.0
3733,0,-1,-1.0,0,-1,-1.0
3734,0,-1,-1.0,1,208,0.9369369369369369
3735,1,213,0.9594594594594594,1,188,0.8468468468468469
3736,1,193,0.8693693693693694,1,168,0.7567567567567568
3737,1,173,0.7792792792792793,1,148,0.6666666666666666
3738,1,153,0.6891891891891891,1,128,0.5765765765765766
3739,1,133,0.5990990990990991,1,108,0.4864864864864865
3740,1,113,0.509009009009009,1,88,0.3963963963963964
3741,1,93,0.4189189189189189,1,68,0.3063063063063063
3742,1,73,0.32882882882882886,1,48,0.21621621621621623
3743,1,53,0.23873873873873874,1,28,0.12612612612612611
3744,1,33,0.14864864864864866,1,8,0.036036036036036036
3745,1,13,0.05855855855855856,0,-1,-1.0
3746,0,-1,-1.0,0,-1,-1.0
3747,0,-1,-1.0,0,-1,-1.0
3748,0,-1,-1.0,1,218,0.9819819819819819
3749,0,-1,-1.0,1,198,0.8918918918918919
3750,1,203,0.9144144144144144,1,178,0.8018018018018018
3751,1,183,0.8243243243243243,1,158,0.7117117117117117
3752,1,163,0.7342342342342343,1,138,0.6216216216216216
3753,1,143,0.6441441441441441,1,118,0.5315315315315315
3754,1,123,0.5540540540540541,1,98,0.44144144144144143
3755,1,103,0.46396396396396394,1,78,0.35135135135135137
3756,1,83,0.3738738738738739,1,58,0.26126126126126126
3757,1,63,0.28378378378378377,1,38,0.17117117117117117
3758,1,43,0.19369369369369369,1,18,0.08108108108108109
3759,1,23,0.1036036036036036,0,-1,-1.0
3760,1,3,0.013513513513513514,0,-1,-1.0
3761,0,-1,-1.0,0,-1,-1.0
3762,0,-1,-1.0,0,-1,-1.0
3763,0,-1,-1.0,0,-1,-1.0
3764,0,-1,-1.0,1,220,0.990990990990991
3765,0,-1,-1.0,1,200,0.9009009009009009
3766,1,205,0.9234234234234234,1,180,0.8108108108108109
3767,1,185,0.8333333333333334,1,160,0.7207207207207207
3768,1,165,0.7432432432432432,1,140,0.6306306306306306
3769,1,145,0.6531531531531531,1,120,0.5405405405405406
3770,1,125,0.5630630630630631,1,100,0.45045045045045046
3771,1,105,0.47297297297297297,1,80,0.36036036036036034
3772,1,85,0.38288288288288286,1,60,0.2702702702702703
3773,1,65,0.2927927927927928,1,40,0.18018018018018017
3774,1,45,0.20270270270270271,1,20,0.09009009009009009
3775,1,25,0.11261261261261261,1,0,0.0
3776,1,5,0.02252252252252252,0,-1,-1.0
3777,0,-1,-1.0,0,-1,-1.0
3778,0,-1,-1.0,1,221,0.9954954954954955
3779,0,-1,-1.0,1,201,0.9054054054054054
3780,1,30,0.13513513513513514,0,-1,-1.0
3781,1,10,0.04504504504504504,1,219,0.9864864864864865
3782,1,215,0.9684684684684685,1,199,0.8963963963963963
3783,1,195,0.8783783783783784,1,179,0.8063063063063063
3784,1,175,0.7882882882882883,1,159,0.7162162162162162
3785,1,155,0.6981981981981982,1,139,0.6261261261261262
3786,1,135,0.6081081081081081,1,119,0.536036036036036
3787,1,115,0.5180180180180181,1,99,0.44594594594594594
3788,1,95,0.42792792792792794,1,79,0.35585585585585583
3789,1,75,0.33783783783783783,1,59,0.26576576576576577
3790,1,55,0.24774774774774774,1,39,0.17567567567567569
3791,1,35,0.15765765765765766,1,19,0.08558558558558559
3792,1,15,0.06756756756756757,0,-1,-1.0
3793,0,-1,-1.0,0,-1,-1.0
3794,0,-1,-1.0,0,-1,-1.0
3795,0,-1,-1.0,0,-1,-1.0
3796,1,221,0.9954954954954955,1,205,0.9234234234234234
3797,1,201,0.9054054054054054,1,185,0.8333333333333334
3798,1,181,0.8153153153153153,1,165,0.7432432432432432
3799,1,161,0.7252252252252253,1,145,0.6531531531531531
3800,1,141,0.6351351351351351,1,125,0.5630630630630631
3801,1,121,0.545045045045045,1,105,0.47297297297297297
3802,1,101,0.45495495495495497,1,85,0.38288288288288286
3803,1,81,0.36486486486486486,1,65,0.2927927927927928
3804,1,61,0.2747747747747748,1,45,0.20270270270270271
3805,1,41,0.18468468468468469,1,25,0.11261261261261261
3806,1,21,0.0945945945945946,1,5,0.02252252252252252
3807,1,20,0.09009009009009009,0,-1,-1.0
3808,1,0,0.0,0,-1,-1.0
3809,1,222,1.0,1,211,0.9504504504504504
3810,1,202,0.9099099099099099,1,191,0.8603603603603603
3811,1,182,0.8198198198198198,1,171,0.7702702702702703
3812,1,162,0.7297297297297297,1,151,0.6801801801801802
3813,1,142,0.6396396396396397,1,131,0.5900900900900901
3814,1,122,0.5495495495495496,1,111,0.5
3815,1,102,0.4594594594594595,1,91,0.4099099099099099
3816,1,82,0.36936936936936937,1,71,0.31981981981981983
3817,1,62,0.27927927927927926,1,51,0.22972972972972974
3818,1,42,0.1891891891891892,1,31,0.13963963963963963
3819,1,22,0.0990990990990991,1,11,0.04954954954954955
3820,1,2,0.009009009009009009,0,-1,-1.0
3821,0,-1,-1.0,0,-1,-1.0
3822,0,-1,-1.0,0,-1,-1.0
3823,0,-1,-1.0,1,213,0.9594594594594594
3824,1,204,0.918918918918919,1,193,0.8693693693693694
3825,1,184,0.8288288288288288,1,173,0.7792792792792793
3826,1,164,0.7387387387387387,1,153,0.6891891891891891
3827,1,144,0.6486486486486487,1,133,0.5990990990990991
3828,1,124,0.5585585585585585,1,113,0.509009009009009
3829,1,104,0.46846846846846846,1,93,0.4189189189189189
3830,1,84,0.3783783783783784,1,73,0.32882882882882886
3831,1,64,0.2882882882882883,1,53,0.23873873873873874
3832,1,44,0.1981981981981982,1,33,0.14864864864864866
3833,1,24,0.10810810810810811,1,13,0.05855855855855856
3834,1,4,0.018018018018018018,0,-1,-1.0
3835,0,-1,-1.0,1,212,0.954954954954955
3836,1,203,0.9144144144144144,1,192,0.8648648648648649
3837,1,183,0.8243243243243243,1,172,0.7747747747747747
3838,1,163,0.7342342342342343,1,152,0.6846846846846847
3839,1,143,0.6441441441441441,1,132,0.5945945945945946
3840,1,123,0.5540540540540541,1,112,0.5045045045045045
3841,1,103,0.46396396396396394,1,92,0.4144144144144144
3842,1,83,0.3738738738738739,1,72,0.32432432432432434
3843,1,63,0.28378378378378377,1,52,0.23423423423423423
3844,1,43,0.19369369369369369,1,32,0.14414414414414414
3845,1,23,0.1036036036036036,1,12,0.05405405405405406
3846,1,3,0.013513513513513514,0,-1,-1.0
3847,0,-1,-1.0,1,208,0.9369369369369369
3848,0,-1,-1.0,1,188,0.8468468468468469
3849,1,30,0.13513513513513514,0,-1,-1.0
3850,1,10,0.04504504504504504,0,-1,-1.0
3851,0,-1,-1.0,1,216,0.972972972972973
3852,1,212,0.954954954954955,1,196,0.8828828828828829
3853,1,192,0.8648648648648649,1,176,0.7927927927927928
3854,1,172,0.7747747747747747,1,156,0.7027027027027027
3855,1,152,0.6846846846846847,1,136,0.6126126126126126
3856,1,132,0.5945945945945946,1,116,0.5225225225225225
3857,1,112,0.5045045045045045,1,96,0.43243243243243246
3858,1,92,0.4144144144144144,1,76,0.34234234234234234
3859,1,72,0.32432432432432434,1,56,0.25225225225225223
3860,1,52,0.23423423423423423,1,36,0.16216216216216217
3861,1,32,0.14414414414414414,1,16,0.07207207207207207
3862,1,12,0.05405405405405406,1,201,0.9054054054054054
3863,1,197,0.8873873873873874,1,181,0.8153153153153153
3864,1,177,0.7972972972972973,1,161,0.7252252252252253
3865,1,157,0.7072072072072072,1,141,0.6351351351351351
3866,1,137,0.6171171171171171,1,121,0.545045045045045
3867,1,117,0.527027027027027,1,101,0.45495495495495497
3868,1,97,0.4369369369369369,1,81,0.36486486486486486
3869,1,77,0.34684684684684686,1,61,0.2747747747747748
3870,1,57,0.25675675675675674,1,41,0.18468468468468469
3871,1,37,0.16666666666666666,1,21,0.0945945945945946
3872,1,17,0.07657657657657657,1,1,0.0045045045045045045
3873,0,-1,-1.0,0,-1,-1.0
3874,0,-1,-1.0,0,-1,-1.0
3875,0,-1,-1.0,1,221,0.9954954954954955
3876,1,217,0.9774774774774775,1,201,0.9054054054054054
3877,1,197,0.8873873873873874,1,181,0.8153153153153153
3878,1,177,0.7972972972972973,1,161,0.7252252252252253
3879,1,157,0.7072072072072072,1,141,0.6351351351351351
3880,1,137,0.6171171171171171,1,121,0.545045045045045
3881,1,117,0.527027027027027,1,101,0.45495495495495497
3882,1,97,0.4369369369369369,1,81,0.36486486486486486
3883,1,77,0.34684684684684686,1,61,0.2747747747747748
3884,1,57,0.25675675675675674,1,41,0.18468468468468469
3885,1,37,0.16666666666666666,1,21,0.0945945945945946
3886,1,17,0.07657657657657657,1,1,0.0045045045045045045
3887,0,-1,-1.0,0,-1,-1.0
3888,0,-1,-1.0,0,-1,-1.0
3889,0,-1,-1.0,0,-1,-1.0
3890,0,-1,-1.0,0,-1,-1.0
3891,0,-1,-1.0,0,-1,-1.0
3892,0,-1,-1.0,1,204,0.918918918918919
3893,1,52,0.23423423423423423,0,-1,-1.0
3894,1,32,0.14414414414414414,0,-1,-1.0
3895,1,12,0.05405405405405406,0,-1,-1.0
3896,0,-1,-1.0,1,222,1.0
3897,0,-1,-1.0,1,202,0.9099099099099099
3898,1,209,0.9414414414414415,1,182,0.8198198198198198
3899,1,189,0.8513513513513513,1,162,0.7297297297297297
3900,1,169,0.7612612612612613,1,142,0.6396396396396397
3901,1,149,0.6711711711711712,1,122,0.5495495495495496
3902,1,129,0.581081081081081,1,102,0.4594594594594595
3903,1,109,0.49099099099099097,1,82,0.36936936936936937
3904,1,89,0.4009009009009009,1,62,0.27927927927927926
3905,1,69,0.3108108108108108,1,42,0.1891891891891892
3906,1,49,0.22072072072072071,1,22,0.0990990990990991
3907,1,29,0.13063063063063063,1,2,0.009009009009009009
3908,1,9,0.04054054054054054,1,191,0.8603603603603603
3909,1,198,0.8918918918918919,1,171,0.7702702702702703
3910,1,178,0.8018018018018018,1,151,0.6801801801801802
3911,1,158,0.7117117117117117,1,131,0.5900900900900901
3912,1,138,0.6216216216216216,1,111,0.5
3913,1,118,0.5315315315315315,1,91,0.4099099099099099
3914,1,98,0.44144144144144143,1,71,0.31981981981981983
3915,1,78,0.35135135135135137,1,51,0.22972972972972974
3916,1,58,0.26126126126126126,1,31,0.13963963963963963
3917,1,38,0.17117117117117117,1,11,0.04954954954954955
3918,1,18,0.08108108108108109,0,-1,-1.0
3919,0,-1,-1.0,0,-1,-1.0
3920,0,-1,-1.0,0,-1,-1.0
3921,0,-1,-1.0,0,-1,-1.0
3922,0,-1,-1.0,1,203,0.9144144144144144
3923,1,66,0.2972972972972973,0,-1,-1.0
3924,1,46,0.2072072072072072,0,-1,-1.0
3925,1,26,0.11711711711711711,0,-1,-1.0
3926,1,6,0.02702702702702703,1,214,0.963963963963964
3927,0,-1,-1.0,1,194,0.8738738738738738
3928,1,208,0.9369369369369369,1,174,0.7837837837837838
3929,1,188,0.8468468468468469,1,154,0.6936936936936937
3930,1,168,0.7567567567567568,1,134,0.6036036036036037
3931,1,148,0.6666666666666666,1,114,0.5135135135135135
3932,1,128,0.5765765765765766,1,94,0.42342342342342343
3933,1,108,0.4864864864864865,1,74,0.3333333333333333
3934,1,88,0.3963963963963964,1,54,0.24324324324324326
3935,1,68,0.3063063063063063,1,34,0.15315315315315314
3936,1,48,0.21621621621621623,1,14,0.06306306306306306
3937,1,28,0.12612612612612611,1,181,0.8153153153153153
3938,1,8,0.036036036036036036,1,161,0.7252252252252253
3939,1,175,0.7882882882882883,1,141,0.6351351351351351
3940,1,155,0.6981981981981982,1,121,0.545045045045045
3941,1,135,0.6081081081081081,1,101,0.45495495495495497
3942,1,115,0.5180180180180181,1,81,0.36486486486486486
3943,1,95,0.42792792792792794,1,61,0.2747747747747748
3944,1,75,0.33783783783783783,1,41,0.18468468468468469
3945,1,55,0.24774774774774774,1,21,0.0945945945945946
3946,1,35,0.15765765765765766,1,1,0.0045045045045045045
3947,1,15,0.06756756756756757,0,-1,-1.0
3948,0,-1,-1.0,0,-1,-1.0
3949,0,-1,-1.0,1,220,0.990990990990991
3950,1,76,0.34234234234234234,0,-1,-1.0
3951,1,56,0.25225225225225223,0,-1,-1.0
3952,1,36,0.16216216216216217,0,-1,-1.0
3953,1,16,0.07207207207207207,0,-1,-1.0
3954,0,-1,-1.0,0,-1,-1.0
3955,0,-1,-1.0,1,219,0.9864864864864865
3956,0,-1,-1.0,1,199,0.8963963963963963
3957,1,218,0.9819819819819819,1,179,0.8063063063063063
3958,1,198,0.8918918918918919,1,159,0.7162162162162162
3959,1,178,0.8018018018018018,1,139,0.6261261261261262
3960,1,158,0.7117117117117117,1,119,0.536036036036036
3961,1,138,0.6216216216216216,1,99,0.44594594594594594
3962,1,118,0.5315315315315315,1,79,0.35585585585585583
3963,1,98,0.44144144144144143,1,59,0.26576576576576577
3964,1,78,0.35135135135135137,1,39,0.17567567567567569
3965,1,58,0.26126126126126126,1,19,0.08558558558558559
3966,1,38,0.17117117117117117,0,-1,-1.0
3967,1,18,0.08108108108108109,0,-1,-1.0
3968,0,-1,-1.0,0,-1,-1.0
3969,0,-1,-1.0,0,-1,-1.0
3970,0,-1,-1.0,0,-1,-1.0
3971,0,-1,-1.0,0,-1,-1.0
3972,0,-1,-1.0,1,207,0.9324324324324325
3973,0,-1,-1.0,1,187,0.8423423423423423
3974,1,206,0.9279279279279279,1,167,0.7522522522522522
3975,1,186,0.8378378378378378,1,147,0.6621621621621622
3976,1,166,0.7477477477477478,1,127,0.5720720720720721
3977,1,146,0.6576576576576577,1,107,0.481981981981982
3978,1,126,0.5675675675675675,1,87,0.3918918918918919
3979,1,106,0.4774774774774775,1,67,0.30180180180180183
3980,1,86,0.38738738738738737,1,47,0.21171171171171171
3981,1,66,0.2972972972972973,1,27,0.12162162162162163
3982,1,46,0.2072072072072072,1,7,0.03153153153153153
3983,1,26,0.11711711711711711,0,-1,-1.0
3984,1,6,0.02702702702702703,0,-1,-1.0
3985,0,-1,-1.0,1,215,0.9684684684684685
3986,0,-1,-1.0,1,195,0.8783783783783784
3987,1,214,0.963963963963964,1,175,0.7882882882882883
3988,1,194,0.8738738738738738,1,155,0.6981981981981982
3989,1,174,0.7837837837837838,1,135,0.6081081081081081
3990,1,154,0.6936936936936937,1,115,0.5180180180180181
3991,1,134,0.6036036036036037,1,95,0.42792792792792794
3992,1,114,0.5135135135135135,1,75,0.33783783783783783
3993,1,94,0.42342342342342343,1,55,0.24774774774774774
3994,1,74,0.3333333333333333,1,35,0.15765765765765766
3995,1,54,0.24324324324324326,1,15,0.06756756756756757
3996,1,34,0.15315315315315314,1,210,0.9459459459459459
3997,1,54,0.24324324324324326,0,-1,-1.0
3998,1,34,0.15315315315315314,0,-1,-1.0
3999,1,14,0.06306306306306306,0,-1,-1.0
4000,0,-1,-1.0,0,-1,-1.0
4001,0,-1,-1.0,1,216,0.972972972972973
4002,0,-1,-1.0,1,196,0.8828828828828829
4003,1,204,0.918918918918919,1,176,0.7927927927927928
4004,1,184,0.8288288288288288,1,156,0.7027027027027027
4005,1,164,0.7387387387387387,1,136,0.6126126126126126
4006,1,144,0.6486486486486487,1,116,0.5225225225225225
4007,1,124,0.5585585585585585,1,96,0.43243243243243246
4008,1,104,0.46846846846846846,1,76,0.34234234234234234
4009,1,84,0.3783783783783784,1,56,0.25225225225225223
4010,1,64,0.2882882882882883,1,36,0.16216216216216217
4011,1,44,0.1981981981981982,1,16,0.07207207207207207
4012,1,24,0.10810810810810811,1,212,0.954954954954955
4013,1,4,0.018018018018018018,1,192,0.8648648648648649
4014,1,200,0.9009009009009009,1,172,0.7747747747747747
4015,1,180,0.8108108108108109,1,152,0.6846846846846847
4016,1,160,0.7207207207207207,1,132,0.5945945945945946
4017,1,140,0.6306306306306306,1,112,0.5045045045045045
4018,1,120,0.5405405405405406,1,92,0.4144144144144144
4019,1,100,0.45045045045045046,1,72,0.32432432432432434
4020,1,80,0.36036036036036034,1,52,0.23423423423423423
4021,1,60,0.2702702702702703,1,32,0.14414414414414414
4022,1,40,0.18018018018018017,1,12,0.05405405405405406
4023,1,20,0.09009009009009009,1,201,0.9054054054054054
4024,1,26,0.11711711711711711,0,-1,-1.0
4025,1,6,0.02702702702702703,0,-1,-1.0
4026,0,-1,-1.0,0,-1,-1.0
4027,0,-1,-1.0,0,-1,-1.0
4028,0,-1,-1.0,1,219,0.9864864864864865
4029,1,213,0.9594594594594594,1,199,0.8963963963963963
4030,1,193,0.8693693693693694,1,179,0.8063063063063063
4031,1,173,0.7792792792792793,1,159,0.7162162162162162
4032,1,153,0.6891891891891891,1,139,0.6261261261261262
4033,1,133,0.5990990990990991,1,119,0.536036036036036
4034,1,113,0.509009009009009,1,99,0.44594594594594594
4035,1,93,0.4189189189189189,1,79,0.35585585585585583
4036,1,73,0.32882882882882886,1,59,0.26576576576576577
4037,1,53,0.23873873873873874,1,39,0.17567567567567569
4038,1,33,0.14864864864864866,1,19,0.08558558558558559
4039,1,13,0.05855855855855856,0,-1,-1.0
4040,1,218,0.9819819819819819,1,204,0.918918918918919
4041,1,198,0.8918918918918919,1,184,0.8288288288288288
4042,1,178,0.8018018018018018,1,164,0.7387387387387387
4043,1,158,0.7117117117117117,1,144,0.6486486486486487
4044,1,138,0.6216216216216216,1,124,0.5585585585585585
4045,1,118,0.5315315315315315,1,104,0.46846846846846846
4046,1,98,0.44144144144144143,1,84,0.3783783783783784
4047,1,78,0.35135135135135137,1,64,0.2882882882882883
4048,1,58,0.26126126126126126,1,44,0.1981981981981982
4049,1,38,0.17117117117117117,1,24,0.10810810810810811
4050,1,18,0.08108108108108109,1,4,0.018018018018018018
4051,0,-1,-1.0,0,-1,-1.0
4052,0,-1,-1.0,0,-1,-1.0
4053,1,217,0.9774774774774775,1,203,0.9144144144144144
4054,1,197,0.8873873873873874,1,183,0.8243243243243243
4055,1,177,0.7972972972972973,1,163,0.7342342342342343
4056,1,157,0.7072072072072072,1,143,0.6441441441441441
4057,1,137,0.6171171171171171,1,123,0.5540540540540541
4058,1,117,0.527027027027027,1,103,0.46396396396396394
4059,1,97,0.4369369369369369,1,83,0.3738738738738739
4060,1,77,0.34684684684684686,1,63,0.28378378378378377
4061,1,57,0.25675675675675674,1,43,0.19369369369369369
4062,1,80,0.36036036036036034,0,-1,-1.0
4063,1,60,0.2702702702702703,0,-1,-1.0
4064,1,40,0.18018018018018017,0,-1,-1.0
4065,1,20,0.09009009009009009,1,217,0.9774774774774775
4066,1,0,0.0,1,197,0.8873873873873874
4067,1,218,0.9819819819819819,1,177,0.7972972972972973
4068,1,198,0.8918918918918919,1,157,0.7072072072072072
4069,1,178,0.8018018018018018,1,137,0.6171171171171171
4070,1,158,0.7117117117117117,1,117,0.527027027027027
4071,1,138,0.6216216216216216,1,97,0.4369369369369369
4072,1,118,0.5315315315315315,1,77,0.34684684684684686
4073,1,98,0.44144144144144143,1,57,0.25675675675675674
4074,1,78,0.35135135135135137,1,37,0.16666666666666666
4075,1,58,0.26126126126126126,1,17,0.07657657657657657
4076,1,38,0.17117117117117117,1,210,0.9459459459459459
4077,1,18,0.08108108108108109,1,190,0.8558558558558559
4078,1,211,0.9504504504504504,1,170,0.7657657657657657
4079,1,191,0.8603603603603603,1,150,0.6756756756756757
4080,1,171,0.7702702702702703,1,130,0.5855855855855856
4081,1,151,0.6801801801801802,1,110,0.4954954954954955
4082,1,131,0.5900900900900901,1,90,0.40540540540540543
4083,1,111,0.5,1,70,0.3153153153153153
4084,1,91,0.4099099099099099,1,50,0.22522522522522523
4085,1,71,0.31981981981981983,1,30,0.13513513513513514
4086,1,51,0.22972972972972974,1,10,0.04504504504504504
4087,1,31,0.13963963963963963,0,-1,-1.0
4088,1,11,0.04954954954954955,0,-1,-1.0
4089,0,-1,-1.0,0,-1,-1.0
4090,0,-1,-1.0,0,-1,-1.0
4091,0,-1,-1.0,1,204,0.918918918918919
4092,0,-1,-1.0,1,184,0.8288288288288288
4093,1,205,0.9234234234234234,1,164,0.7387387387387387
4094,1,185,0.8333333333333334,1,144,0.6486486486486487
4095,1,165,0.7432432432432432,1,124,0.5585585585585585
4096,1,145,0.6531531531531531,1,104,0.46846846846846846
4097,1,125,0.5630630630630631,1,84,0.3783783783783784
4098,1,105,0.47297297297297297,1,64,0.2882882882882883
4099,1,85,0.38288288288288286,1,44,0.1981981981981982
4100,1,65,0.2927927927927928,1,24,0.10810810810810811
4101,1,45,0.20270270270270271,1,4,0.018018018018018018
4102,1,64,0.2882882882882883,0,-1,-1.0
4103,1,44,0.1981981981981982,1,205,0.9234234234234234
4104,1,24,0.10810810810810811,1,185,0.8333333333333334
4105,1,4,0.018018018018018018,1,165,0.7432432432432432
4106,1,178,0.8018018018018018,1,145,0.6531531531531531
4107,1,158,0.7117117117117117,1,125,0.5630630630630631
4108,1,138,0.6216216216216216,1,105,0.47297297297297297
4109,1,118,0.5315315315315315,1,85,0.38288288288288286
4110,1,98,0.44144144144144143,1,65,0.2927927927927928
4111,1,78,0.35135135135135137,1,45,0.20270270270270271
4112,1,58,0.26126126126126126,1,25,0.11261261261261261
4113,1,38,0.17117117117117117,1,5,0.02252252252252252
4114,1,18,0.08108108108108109,1,190,0.8558558558558559
4115,1,203,0.9144144144144144,1,170,0.7657657657657657
4116,1,183,0.8243243243243243,1,150,0.6756756756756757
4117,1,163,0.7342342342342343,1,130,0.5855855855855856
4118,1,143,0.6441441441441441,1,110,0.4954954954954955
4119,1,123,0.5540540540540541,1,90,0.40540540540540543
4120,1,103,0.46396396396396394,1,70,0.3153153153153153
4121,1,83,0.3738738738738739,1,50,0.22522522522522523
4122,1,63,0.28378378378378377,1,30,0.13513513513513514
4123,1,43,0.19369369369369369,1,10,0.04504504504504504
4124,1,23,0.1036036036036036,0,-1,-1.0
4125,1,3,0.013513513513513514,0,-1,-1.0
4126,0,-1,-1.0,0,-1,-1.0
4127,0,-1,-1.0,0,-1,-1.0
4128,0,-1,-1.0,0,-1,-1.0
4129,0,-1,-1.0,1,207,0.9324324324324325
4130,1,220,0.990990990990991,1,187,0.8423423423423423
4131,1,200,0.9009009009009009,1,167,0.7522522522522522
4132,1,180,0.8108108108108109,1,147,0.6621621621621622
4133,1,160,0.7207207207207207,1,127,0.5720720720720721
4134,1,140,0.6306306306306306,1,107,0.481981981981982
4135,1,120,0.5405405405405406,1,87,0.3918918918918919
4136,1,100,0.45045045045045046,1,67,0.30180180180180183
4137,1,80,0.36036036036036034,1,47,0.21171171171171171
4138,1,60,0.2702702702702703,1,27,0.12162162162162163
4139,1,40,0.18018018018018017,1,7,0.03153153153153153
4140,1,20,0.09009009009009009,0,-1,-1.0
4141,1,0,0.0,0,-1,-1.0
4142,0,-1,-1.0,0,-1,-1.0
4143,0,-1,-1.0,0,-1,-1.0
4144,0,-1,-1.0,1,209,0.9414414414414415
4145,0,-1,-1.0,1,189,0.8513513513513513
4146,1,46,0.2072072072072072,0,-1,-1.0
4147,1,26,0.11711711711711711,0,-1,-1.0
4148,1,6,0.02702702702702703,1,210,0.9459459459459459
4149,1,214,0.963963963963964,1,190,0.8558558558558559
4150,1,194,0.8738738738738738,1,170,0.7657657657657657
4151,1,174,0.7837837837837838,1,150,0.6756756756756757
4152,1,154,0.6936936936936937,1,130,0.5855855855855856
4153,1,134,0.6036036036036037,1,110,0.4954954954954955
4154,1,114,0.5135135135135135,1,90,0.40540540540540543
4155,1,94,0.42342342342342343,1,70,0.3153153153153153
4156,1,74,0.3333333333333333,1,50,0.22522522522522523
4157,1,54,0.24324324324324326,1,30,0.13513513513513514
4158,1,34,0.15315315315315314,1,10,0.04504504504504504
4159,1,14,0.06306306306306306,1,169,0.7612612612612613
4160,1,173,0.7792792792792793,1,149,0.6711711711711712
4161,1,153,0.6891891891891891,1,129,0.581081081081081
4162,1,133,0.5990990990990991,1,109,0.49099099099099097
4163,1,113,0.509009009009009,1,89,0.4009009009009009
4164,1,93,0.4189189189189189,1,69,0.3108108108108108
4165,1,73,0.32882882882882886,1,49,0.22072072072072071
4166,1,53,0.23873873873873874,1,29,0.13063063063063063
4167,1,33,0.14864864864864866,1,9,0.04054054054054054
4168,1,13,0.05855855855855856,0,-1,-1.0
4169,0,-1,-1.0,0,-1,-1.0
4170,0,-1,-1.0,0,-1,-1.0
4171,0,-1,-1.0,1,211,0.9504504504504504
4172,1,40,0.18018018018018017,0,-1,-1.0
4173,1,20,0.09009009009009009,0,-1,-1.0
4174,1,0,0.0,0,-1,-1.0
4175,0,-1,-1.0,0,-1,-1.0
4176,0,-1,-1.0,1,211,0.9504504504504504
4177,1,212,0.954954954954955,1,191,0.8603603603603603
4178,1,192,0.8648648648648649,1,171,0.7702702702702703
4179,1,172,0.7747747747747747,1,151,0.6801801801801802
4180,1,152,0.6846846846846847,1,131,0.5900900900900901
4181,1,132,0.5945945945945946,1,111,0.5
4182,1,112,0.5045045045045045,1,91,0.4099099099099099
4183,1,92,0.4144144144144144,1,71,0.31981981981981983
4184,1,72,0.32432432432432434,1,51,0.22972972972972974
4185,1,52,0.23423423423423423,1,31,0.13963963963963963
4186,1,32,0.14414414414414414,1,11,0.04954954954954955
4187,1,12,0.05405405405405406,1,167,0.7522522522522522
4188,1,168,0.7567567567567568,1,147,0.6621621621621622
4189,1,148,0.6666666666666666,1,127,0.5720720720720721
4190,1,128,0.5765765765765766,1,107,0.481981981981982
4191,1,108,0.4864864864864865,1,87,0.3918918918918919
4192,1,88,0.3963963963963964,1,67,0.30180180180180183
4193,1,68,0.3063063063063063,1,47,0.21171171171171171
4194,1,48,0.21621621621621623,1,27,0.12162162162162163
4195,1,28,0.12612612612612611,1,7,0.03153153153153153
4196,1,8,0.036036036036036036,0,-1,-1.0
4197,0,-1,-1.0,0,-1,-1.0
4198,0,-1,-1.0,0,-1,-1.0
4199,0,-1,-1.0,1,218,0.9819819819819819
4200,0,-1,-1.0,1,198,0.8918918918918919
4201,1,50,0.22522522522522523,0,-1,-1.0
4202,1,30,0.13513513513513514,1,219,0.9864864864864865
4203,1,10,0.04504504504504504,1,199,0.8963963963963963
4204,1,205,0.9234234234234234,1,179,0.8063063063063063
4205,1,185,0.8333333333333334,1,159,0.7162162162162162
4206,1,165,0.7432432432432432,1,139,0.6261261261261262
4207,1,145,0.6531531531531531,1,119,0.536036036036036
4208,1,125,0.5630630630630631,1,99,0.44594594594594594
4209,1,105,0.47297297297297297,1,79,0.35585585585585583
4210,1,85,0.38288288288288286,1,59,0.26576576576576577
4211,1,65,0.2927927927927928,1,39,0.17567567567567569
4212,1,45,0.20270270270270271,1,19,0.08558558558558559
4213,1,25,0.11261261261261261,1,187,0.8423423423423423
4214,1,5,0.02252252252252252,1,167,0.7522522522522522
4215,1,173,0.7792792792792793,1,147,0.6621621621621622
4216,1,153,0.6891891891891891,1,127,0.5720720720720721
4217,1,133,0.5990990990990991,1,107,0.481981981981982
4218,1,113,0.509009009009009,1,87,0.3918918918918919
4219,1,93,0.4189189189189189,1,67,0.30180180180180183
4220,1,73,0.32882882882882886,1,47,0.21171171171171171
4221,1,53,0.23873873873873874,1,27,0.12162162162162163
4222,1,33,0.14864864864864866,1,7,0.03153153153153153
4223,1,13,0.05855855855855856,0,-1,-1.0
4224,0,-1,-1.0,1,220,0.990990990990991
4225,0,-1,-1.0,1,200,0.9009009009009009
4226,1,206,0.9279279279279279,1,180,0.8108108108108109
4227,1,186,0.8378378378378378,1,160,0.7207207207207207
4228,1,166,0.7477477477477478,1,140,0.6306306306306306
4229,1,146,0.6576576576576577,1,120,0.5405405405405406
4230,1,126,0.5675675675675675,1,100,0.45045045045045046
4231,1,106,0.4774774774774775,1,80,0.36036036036036034
4232,1,86,0.38738738738738737,1,60,0.2702702702702703
4233,1,66,0.2972972972972973,1,40,0.18018018018018017
4234,1,46,0.2072072072072072,1,20,0.09009009009009009
4235,1,26,0.11711711711711711,1,0,0.0
4236,1,6,0.02702702702702703,1,187,0.8423423423423423
4237,1,66,0.2972972972972973,0,-1,-1.0
4238,1,46,0.2072072072072072,0,-1,-1.0
4239,1,26,0.11711711711711711,0,-1,-1.0
4240,1,6,0.02702702702702703,0,-1,-1.0
4241,0,-1,-1.0,0,-1,-1.0
4242,0,-1,-1.0,1,218,0.9819819819819819
4243,0,-1,-1.0,1,198,0.8918918918918919
4244,1,212,0.954954954954955,1,178,0.8018018018018018
4245,1,192,0.8648648648648649,1,158,0.7117117117117117
4246,1,172,0.7747747747747747,1,138,0.6216216216216216
4247,1,152,0.6846846846846847,1,118,0.5315315315315315
4248,1,132,0.5945945945945946,1,98,0.44144144144144143
4249,1,112,0.5045045045045045,1,78,0.35135135135135137
4250,1,92,0.4144144144144144,1,58,0.26126126126126126
4251,1,72,0.32432432432432434,1,38,0.17117117117117117
4252,1,52,0.23423423423423423,1,18,0.08108108108108109
4253,1,32,0.14414414414414414,0,-1,-1.0
4254,1,12,0.05405405405405406,0,-1,-1.0
4255,0,-1,-1.0,0,-1,-1.0
4256,0,-1,-1.0,0,-1,-1.0
4257,0,-1,-1.0,1,222,1.0
4258,0,-1,-1.0,1,202,0.9099099099099099
4259,1,216,0.972972972972973,1,182,0.8198198198198198
4260,1,196,0.8828828828828829,1,162,0.7297297297297297
4261,1,176,0.7927927927927928,1,142,0.6396396396396397
4262,1,156,0.7027027027027027,1,122,0.5495495495495496
4263,1,136,0.6126126126126126,1,102,0.4594594594594595
4264,1,116,0.5225225225225225,1,82,0.36936936936936937
4265,1,96,0.43243243243243246,1,62,0.27927927927927926
4266,1,76,0.34234234234234234,1,42,0.1891891891891892
4267,1,56,0.25225225225225223,1,22,0.0990990990990991
4268,1,36,0.16216216216216217,1,2,0.009009009009009009
4269,1,16,0.07207207207207207,0,-1,-1.0
4270,0,-1,-1.0,0,-1,-1.0
4271,0,-1,-1.0,0,-1,-1.0
4272,0,-1,-1.0,0,-1,-1.0
4273,0,-1,-1.0,1,216,0.972972972972973
4274,0,-1,-1.0,1,196,0.8828828828828829
4275,1,48,0.21621621621621623,0,-1,-1.0
4276,1,28,0.12612612612612611,0,-1,-1.0
4277,1,8,0.036036036036036036,0,-1,-1.0
4278,0,-1,-1.0,1,215,0.9684684684684685
4279,1,220,0.990990990990991,1,195,0.8783783783783784
4280,1,200,0.9009009009009009,1,175,0.7882882882882883
4281,1,180,0.8108108108108109,1,155,0.6981981981981982
4282,1,160,0.7207207207207207,1,135,0.6081081081081081
4283,1,140,0.6306306306306306,1,115,0.5180180180180181
4284,1,120,0.5405405405405406,1,95,0.42792792792792794
4285,1,100,0.45045045045045046,1,75,0.33783783783783783
4286,1,80,0.36036036036036034,1,55,0.24774774774774774
4287,1,60,0.2702702702702703,1,35,0.15765765765765766
4288,1,40,0.18018018018018017,1,15,0.06756756756756757
4289,1,20,0.09009009009009009,1,189,0.8513513513513513
4290,1,0,0.0,1,169,0.7612612612612613
4291,1,174,0.7837837837837838,1,149,0.6711711711711712
4292,1,154,0.6936936936936937,1,129,0.581081081081081
4293,1,134,0.6036036036036037,1,109,0.49099099099099097
4294,1,114,0.5135135135135135,1,89,0.4009009009009009
4295,1,94,0.42342342342342343,1,69,0.3108108108108108
4296,1,74,0.3333333333333333,1,49,0.22072072072072071
4297,1,54,0.24324324324324326,1,29,0.13063063063063063
4298,1,34,0.15315315315315314,1,9,0.04054054054054054
4299,1,14,0.06306306306306306,0,-1,-1.0
4300,0,-1,-1.0,0,-1,-1.0
4301,0,-1,-1.0,0,-1,-1.0
4302,0,-1,-1.0,1,207,0.9324324324324325
4303,1,212,0.954954954954955,1,187,0.8423423423423423
4304,1,192,0.8648648648648649,1,167,0.7522522522522522
4305,1,172,0.7747747747747747,1,147,0.6621621621621622
4306,1,152,0.6846846846846847,1,127,0.5720720720720721
4307,1,132,0.5945945945945946,1,107,0.481981981981982
4308,1,112,0.5045045045045045,1,87,0.3918918918918919
4309,1,92,0.4144144144144144,1,67,0.30180180180180183
4310,1,72,0.32432432432432434,1,47,0.21171171171171171
4311,1,52,0.23423423423423423,1,27,0.12162162162162163
4312,1,32,0.14414414414414414,1,7,0.03153153153153153
4313,1,12,0.05405405405405406,0,-1,-1.0
4314,0,-1,-1.0,0,-1,-1.0
4315,0,-1,-1.0,0,-1,-1.0
4316,0,-1,-1.0,0,-1,-1.0
4317,0,-1,-1.0,0,-1,-1.0
4318,0,-1,-1.0,1,220,0.990990990990991
4319,1,78,0.35135135135135137,0,-1,-1.0
4320,1,58,0.26126126126126126,0,-1,-1.0
4321,1,38,0.17117117117117117,0,-1,-1.0
4322,1,18,0.08108108108108109,1,207,0.9324324324324325
4323,0,-1,-1.0,1,187,0.8423423423423423
4324,1,207,0.9324324324324325,1,167,0.7522522522522522
4325,1,187,0.8423423423423423,1,147,0.6621621621621622
4326,1,167,0.7522522522522522,1,127,0.5720720720720721
4327,1,147,0.6621621621621622,1,107,0.481981981981982
4328,1,127,0.5720720720720721,1,87,0.3918918918918919
4329,1,107,0.481981981981982,1,67,0.30180180180180183
4330,1,87,0.3918918918918919,1,47,0.21171171171171171
4331,1,67,0.30180180180180183,1,27,0.12162162162162163
4332,1,47,0.21171171171171171,1,7,0.03153153153153153
4333,1,27,0.12162162162162163,0,-1,-1.0
4334,1,7,0.03153153153153153,0,-1,-1.0
4335,0,-1,-1.0,0,-1,-1.0
4336,0,-1,-1.0,1,209,0.9414414414414415
4337,0,-1,-1.0,1,189,0.8513513513513513
4338,1,209,0.9414414414414415,1,169,0.7612612612612613
4339,1,189,0.8513513513513513,1,149,0.6711711711711712
4340,1,169,0.7612612612612613,1,129,0.581081081081081
4341,1,149,0.6711711711711712,1,109,0.49099099099099097
4342,1,129,0.581081081081081,1,89,0.4009009009009009
4343,1,109,0.49099099099099097,1,69,0.3108108108108108
4344,1,89,0.4009009009009009,1,49,0.22072072072072071
4345,1,69,0.3108108108108108,1,29,0.13063063063063063
4346,1,49,0.22072072072072071,1,9,0.04054054054054054
4347,1,29,0.13063063063063063,1,209,0.9414414414414415
4348,1,9,0.04054054054054054,1,189,0.8513513513513513
4349,1,209,0.9414414414414415,1,169,0.7612612612612613
4350,1,189,0.8513513513513513,1,149,0.6711711711711712
4351,1,169,0.7612612612612613,1,129,0.581081081081081
4352,1,149,0.6711711711711712,1,109,0.49099099099099097
4353,1,129,0.581081081081081,1,89,0.4009009009009009
4354,1,109,0.49099099099099097,1,69,0.3108108108108108
4355,1,89,0.4009009009009009,1,49,0.22072072072072071
4356,1,69,0.3108108108108108,1,29,0.13063063063063063
4357,1,49,0.22072072072072071,1,9,0.04054054054054054
4358,1,29,0.13063063063063063,0,-1,-1.0
4359,1,9,0.04054054054054054,1,206,0.9279279279279279
4360,1,44,0.1981981981981982,0,-1,-1.0
4361,1,24,0.10810810810810811,1,212,0.954954954954955
4362,1,4,0.018018018018018018,1,192,0.8648648648648649
4363,1,195,0.8783783783783784,1,172,0.7747747747747747
4364,1,175,0.7882882882882883,1,152,0.6846846846846847
4365,1,155,0.6981981981981982,1,132,0.5945945945945946
4366,1,135,0.6081081081081081,1,112,0.5045045045045045
4367,1,115,0.5180180180180181,1,92,0.4144144144144144
4368,1,95,0.42792792792792794,1,72,0.32432432432432434
4369,1,75,0.33783783783783783,1,52,0.23423423423423423
4370,1,55,0.24774774774774774,1,32,0.14414414414414414
4371,1,35,0.15765765765765766,1,12,0.05405405405405406
4372,1,15,0.06756756756756757,1,199,0.8963963963963963
4373,1,202,0.9099099099099099,1,179,0.8063063063063063
4374,1,182,0.8198198198198198,1,159,0.7162162162162162
4375,1,162,0.7297297297297297,1,139,0.6261261261261262
4376,1,142,0.6396396396396397,1,119,0.536036036036036
4377,1,122,0.5495495495495496,1,99,0.44594594594594594
4378,1,102,0.4594594594594595,1,79,0.35585585585585583
4379,1,82,0.36936936936936937,1,59,0.26576576576576577
4380,1,62,0.27927927927927926,1,39,0.17567567567567569
4381,1,42,0.1891891891891892,1,19,0.08558558558558559
4382,1,22,0.0990990990990991,1,211,0.9504504504504504
4383,1,2,0.009009009009009009,1,191,0.8603603603603603
4384,1,48,0.21621621621621623,1,199,0.8963963963963963
4385,1,28,0.12612612612612611,1,179,0.8063063063063063
4386,1,8,0.036036036036036036,1,159,0.7162162162162162
4387,1,164,0.7387387387387387,1,139,0.6261261261261262
4388,1,144,0.6486486486486487,1,119,0.536036036036036
4389,1,124,0.5585585585585585,1,99,0.44594594594594594
4390,1,104,0.46846846846846846,1,79,0.35585585585585583
4391,1,84,0.3783783783783784,1,59,0.26576576576576577
4392,1,64,0.2882882882882883,1,39,0.17567567567567569
4393,1,44,0.1981981981981982,1,19,0.08558558558558559
4394,1,24,0.10810810810810811,0,-1,-1.0
4395,1,4,0.018018018018018018,0,-1,-1.0
4396,0,-1,-1.0,1,208,0.9369369369369369
4397,1,213,0.9594594594594594,1,188,0.8468468468468469
4398,1,193,0.8693693693693694,1,168,0.7567567567567568
4399,1,173,0.7792792792792793,1,148,0.6666666666666666
4400,1,153,0.6891891891891891,1,128,0.5765765765765766
4401,1,133,0.5990990990990991,1,108,0.4864864864864865
4402,1,113,0.509009009009009,1,88,0.3963963963963964
4403,1,93,0.4189189189189189,1,68,0.3063063063063063
4404,1,73,0.32882882882882886,1,48,0.21621621621621623
4405,1,53,0.23873873873873874,1,28,0.12612612612612611
4406,1,33,0.14864864864864866,1,8,0.036036036036036036
4407,1,13,0.05855855855855856,0,-1,-1.0
4408,0,-1,-1.0,0,-1,-1.0
4409,0,-1,-1.0,1,203,0.9144144144144144
4410,1,208,0.9369369369369369,1,183,0.8243243243243243
4411,1,188,0.8468468468468469,1,163,0.7342342342342343
4412,1,168,0.7567567567567568,1,143,0.6441441441441441
4413,1,148,0.6666666666666666,1,123,0.5540540540540541
4414,1,128,0.5765765765765766,1,103,0.46396396396396394
4415,1,108,0.4864864864864865,1,83,0.3738738738738739
4416,1,88,0.3963963963963964,1,63,0.28378378378378377
4417,1,68,0.3063063063063063,1,43,0.19369369369369369
4418,1,48,0.21621621621621623,1,23,0.1036036036036036
4419,1,28,0.12612612612612611,1,3,0.013513513513513514
4420,1,8,0.036036036036036036,0,-1,-1.0
4421,0,-1,-1.0,1,211,0.9504504504504504
4422,1,20,0.09009009009009009,1,163,0.7342342342342343
4423,1,0,0.0,1,143,0.6441441441441441
4424,1,134,0.6036036036036037,1,123,0.5540540540540541
4425,1,114,0.5135135135135135,1,103,0.46396396396396394
4426,1,94,0.42342342342342343,1,83,0.3738738738738739
4427,1,74,0.3333333333333333,1,63,0.28378378378378377
4428,1,54,0.24324324324324326,1,43,0.19369369369369369
4429,1,34,0.15315315315315314,1,23,0.1036036036036036
4430,1,14,0.06306306306306306,1,3,0.013513513513513514
4431,0,-1,-1.0,1,221,0.9954954954954955
4432,1,212,0.954954954954955,1,201,0.9054054054054054
4433,1,192,0.8648648648648649,1,181,0.8153153153153153
4434,1,172,0.7747747747747747,1,161,0.7252252252252253
4435,1,152,0.6846846846846847,1,141,0.6351351351351351
4436,1,132,0.5945945945945946,1,121,0.545045045045045
4437,1,112,0.5045045045045045,1,101,0.45495495495495497
4438,1,92,0.4144144144144144,1,81,0.36486486486486486
4439,1,72,0.32432432432432434,1,61,0.2747747747747748
4440,1,52,0.23423423423423423,1,41,0.18468468468468469
4441,1,32,0.14414414414414414,1,21,0.0945945945945946
4442,1,12,0.05405405405405406,1,1,0.0045045045045045045
4443,0,-1,-1.0,0,-1,-1.0
4444,0,-1,-1.0,1,219,0.9864864864864865
4445,0,-1,-1.0,1,199,0.8963963963963963
4446,1,52,0.23423423423423423,0,-1,-1.0
4447,1,32,0.14414414414414414,0,-1,-1.0
4448,1,12,0.05405405405405406,0,-1,-1.0
4449,0,-1,-1.0,1,215,0.9684684684684685
4450,1,222,1.0,1,195,0.8783783783783784
4451,1,202,0.9099099099099099,1,175,0.7882882882882883
4452,1,182,0.8198198198198198,1,155,0.6981981981981982
4453,1,162,0.7297297297297297,1,135,0.6081081081081081
4454,1,142,0.6396396396396397,1,115,0.5180180180180181
4455,1,122,0.5495495495495496,1,95,0.42792792792792794
4456,1,102,0.4594594594594595,1,75,0.33783783783783783
4457,1,82,0.36936936936936937,1,55,0.24774774774774774
4458,1,62,0.27927927927927926,1,35,0.15765765765765766
4459,1,42,0.1891891891891892,1,15,0.06756756756756757
4460,1,22,0.0990990990990991,1,206,0.9279279279279279
4461,1,2,0.009009009009009009,1,186,0.8378378378378378
4462,1,193,0.8693693693693694,1,166,0.7477477477477478
4463,1,173,0.7792792792792793,1,146,0.6576576576576577
4464,1,153,0.6891891891891891,1,126,0.5675675675675675
4465,1,133,0.5990990990990991,1,106,0.4774774774774775
4466,1,113,0.509009009009009,1,86,0.38738738738738737
4467,1,93,0.4189189189189189,1,66,0.2972972972972973
4468,1,73,0.32882882882882886,1,46,0.2072072072072072
4469,1,53,0.23873873873873874,1,26,0.11711711711711711
4470,1,33,0.14864864864864866,1,6,0.02702702702702703
4471,1,13,0.05855855855855856,0,-1,-1.0
4472,0,-1,-1.0,0,-1,-1.0
4473,0,-1,-1.0,0,-1,-1.0
4474,0,-1,-1.0,1,218,0.9819819819819819
4475,1,24,0.10810810810810811,1,185,0.8333333333333334
4476,1,4,0.018018018018018018,1,165,0.7432432432432432
4477,1,158,0.7117117117117117,1,145,0.6531531531531531
4478,1,138,0.6216216216216216,1,125,0.5630630630630631
4479,1,118,0.5315315315315315,1,105,0.47297297297297297
4480,1,98,0.44144144144144143,1,85,0.38288288288288286
4481,1,78,0.35135135135135137,1,65,0.2927927927927928
4482,1,58,0.26126126126126126,1,45,0.20270270270270271
4483,1,38,0.17117117117117117,1,25,0.11261261261261261
4484,1,18,0.08108108108108109,1,5,0.02252252252252252
4485,0,-1,-1.0,0,-1,-1.0
4486,0,-1,-1.0,0,-1,-1.0
4487,0,-1,-1.0,0,-1,-1.0
4488,1,222,1.0,1,209,0.9414414414414415
4489,1,202,0.9099099099099099,1,189,0.8513513513513513
4490,1,182,0.8198198198198198,1,169,0.7612612612612613
4491,1,162,0.7297297297297297,1,149,0.6711711711711712
4492,1,142,0.6396396396396397,1,129,0.581081081081081
4493,1,122,0.5495495495495496,1,109,0.49099099099099097
4494,1,102,0.4594594594594595,1,89,0.4009009009009009
4495,1,82,0.36936936936936937,1,69,0.3108108108108108
4496,1,62,0.27927927927927926,1,49,0.22072072072072071
4497,1,42,0.1891891891891892,1,29,0.13063063063063063
4498,1,22,0.0990990990990991,1,9,0.04054054054054054
4499,1,2,0.009009009009009009,0,-1,-1.0
4500,0,-1,-1.0,0,-1,-1.0
4501,0,-1,-1.0,0,-1,-1.0
4502,0,-1,-1.0,0,-1,-1.0
4503,0,-1,-1.0,0,-1,-1.0
4504,1,222,1.0,1,209,0.9414414414414415
4505,1,202,0.9099099099099099,1,189,0.8513513513513513
4506,1,182,0.8198198198198198,1,169,0.7612612612612613
4507,1,162,0.7297297297297297,1,149,0.6711711711711712
4508,1,142,0.6396396396396397,1,129,0.581081081081081
4509,1,122,0.5495495495495496,1,109,0.49099099099099097
4510,1,102,0.4594594594594595,1,89,0.4009009009009009
4511,1,82,0.36936936936936937,1,69,0.3108108108108108
4512,1,62,0.27927927927927926,1,49,0.22072072072072071
4513,1,42,0.1891891891891892,1,29,0.13063063063063063
4514,1,22,0.0990990990990991,1,9,0.04054054054054054
4515,1,2,0.009009009009009009,1,185,0.8333333333333334
4516,1,82,0.36936936936936937,0,-1,-1.0
4517,1,62,0.27927927927927926,0,-1,-1.0
4518,1,42,0.1891891891891892,0,-1,-1.0
4519,1,22,0.0990990990990991,0,-1,-1.0
4520,1,2,0.009009009009009009,0,-1,-1.0
4521,0,-1,-1.0,0,-1,-1.0
4522,0,-1,-1.0,0,-1,-1.0
4523,0,-1,-1.0,1,212,0.954954954954955
4524,0,-1,-1.0,1,192,0.8648648648648649
4525,1,214,0.963963963963964,1,172,0.7747747747747747
4526,1,194,0.8738738738738738,1,152,0.6846846846846847
4527,1,174,0.7837837837837838,1,132,0.5945945945945946
4528,1,154,0.6936936936936937,1,112,0.5045045045045045
4529,1,134,0.6036036036036037,1,92,0.4144144144144144
4530,1,114,0.5135135135135135,1,72,0.32432432432432434
4531,1,94,0.42342342342342343,1,52,0.23423423423423423
4532,1,74,0.3333333333333333,1,32,0.14414414414414414
4533,1,54,0.24324324324324326,1,12,0.05405405405405406
4534,1,34,0.15315315315315314,0,-1,-1.0
4535,1,14,0.06306306306306306,0,-1,-1.0
4536,0,-1,-1.0,0,-1,-1.0
4537,0,-1,-1.0,1,215,0.9684684684684685
4538,0,-1,-1.0,1,195,0.8783783783783784
4539,1,217,0.9774774774774775,1,175,0.7882882882882883
4540,1,197,0.8873873873873874,1,155,0.6981981981981982
4541,1,177,0.7972972972972973,1,135,0.6081081081081081
4542,1,157,0.7072072072072072,1,115,0.5180180180180181
4543,1,137,0.6171171171171171,1,95,0.42792792792792794
4544,1,117,0.527027027027027,1,75,0.33783783783783783
4545,1,97,0.4369369369369369,1,55,0.24774774774774774
4546,1,77,0.34684684684684686,1,35,0.15765765765765766
4547,1,57,0.25675675675675674,1,15,0.06756756756756757
4548,1,37,0.16666666666666666,1,186,0.8378378378378378
4549,1,17,0.07657657657657657,1,166,0.7477477477477478
4550,1,188,0.8468468468468469,1,146,0.6576576576576577
4551,1,168,0.7567567567567568,1,126,0.5675675675675675
4552,1,148,0.6666666666666666,1,106,0.4774774774774775
4553,1,128,0.5765765765765766,1,86,0.38738738738738737
4554,1,108,0.4864864864864865,1,66,0.2972972972972973
4555,1,88,0.3963963963963964,1,46,0.2072072072072072
4556,1,68,0.3063063063063063,1,26,0.11711711711711711
4557,1,48,0.21621621621621623,1,6,0.02702702702702703
4558,1,28,0.12612612612612611,0,-1,-1.0
4559,1,8,0.036036036036036036,1,216,0.972972972972973
4560,0,-1,-1.0,1,196,0.8828828828828829
4561,1,48,0.21621621621621623,0,-1,-1.0
4562,1,28,0.12612612612612611,0,-1,-1.0
4563,1,8,0.036036036036036036,0,-1,-1.0
4564,0,-1,-1.0,0,-1,-1.0
4565,0,-1,-1.0,0,-1,-1.0
4566,0,-1,-1.0,1,203,0.9144144144144144
4567,1,208,0.9369369369369369,1,183,0.8243243243243243
4568,1,188,0.8468468468468469,1,163,0.7342342342342343
4569,1,168,0.7567567567567568,1,143,0.6441441441441441
4570,1,148,0.6666666666666666,1,123,0.5540540540540541
4571,1,128,0.5765765765765766,1,103,0.46396396396396394
4572,1,108,0.4864864864864865,1,83,0.3738738738738739
4573,1,88,0.3963963963963964,1,63,0.28378378378378377
4574,1,68,0.3063063063063063,1,43,0.19369369369369369
4575,1,48,0.21621621621621623,1,23,0.1036036036036036
4576,1,28,0.12612612612612611,1,3,0.013513513513513514
4577,1,8,0.036036036036036036,1,154,0.6936936936936937
4578,1,159,0.7162162162162162,1,134,0.6036036036036037
4579,1,139,0.6261261261261262,1,114,0.5135135135135135
4580,1,119,0.536036036036036,1,94,0.42342342342342343
4581,1,99,0.44594594594594594,1,74,0.3333333333333333
4582,1,79,0.35585585585585583,1,54,0.24324324324324326
4583,1,59,0.26576576576576577,1,34,0.15315315315315314
4584,1,39,0.17567567567567569,1,14,0.06306306306306306
4585,1,19,0.08558558558558559,0,-1,-1.0
4586,0,-1,-1.0,0,-1,-1.0
4587,0,-1,-1.0,1,221,0.9954954954954955
4588,0,-1,-1.0,1,201,0.9054054054054054
4589,0,-1,-1.0,1,181,0.8153153153153153
4590,1,64,0.2882882882882883,0,-1,-1.0
4591,1,44,0.1981981981981982,0,-1,-1.0
4592,1,24,0.10810810810810811,0,-1,-1.0
4593,1,4,0.018018018018018018,0,-1,-1.0
4594,0,-1,-1.0,1,213,0.9594594594594594
4595,0,-1,-1.0,1,193,0.8693693693693694
4596,1,206,0.9279279279279279,1,173,0.7792792792792793
4597,1,186,0.8378378378378378,1,153,0.6891891891891891
4598,1,166,0.7477477477477478,1,133,0.5990990990990991
4599,1,146,0.6576576576576577,1,113,0.509009009009009
4600,1,126,0.5675675675675675,1,93,0.4189189189189189
4601,1,106,0.4774774774774775,1,73,0.32882882882882886
4602,1,86,0.38738738738738737,1,53,0.23873873873873874
4603,1,66,0.2972972972972973,1,33,0.14864864864864866
4604,1,46,0.2072072072072072,1,13,0.05855855855855856
4605,1,26,0.11711711711711711,1,194,0.8738738738738738
4606,1,6,0.02702702702702703,1,174,0.7837837837837838
4607,1,187,0.8423423423423423,1,154,0.6936936936936937
4608,1,167,0.7522522522522522,1,134,0.6036036036036037
4609,1,147,0.6621621621621622,1,114,0.5135135135135135
4610,1,127,0.5720720720720721,1,94,0.42342342342342343
4611,1,107,0.481981981981982,1,74,0.3333333333333333
4612,1,87,0.3918918918918919,1,54,0.24324324324324326
4613,1,67,0.30180180180180183,1,34,0.15315315315315314
4614,1,47,0.21171171171171171,1,14,0.06306306306306306
4615,1,27,0.12162162162162163,0,-1,-1.0
4616,1,7,0.03153153153153153,0,-1,-1.0
4617,0,-1,-1.0,1,205,0.9234234234234234
4618,1,218,0.9819819819819819,1,185,0.8333333333333334
4619,1,198,0.8918918918918919,1,165,0.7432432432432432
4620,1,178,0.8018018018018018,1,145,0.6531531531531531
4621,1,158,0.7117117117117117,1,125,0.5630630630630631
4622,1,138,0.6216216216216216,1,105,0.47297297297297297
4623,1,118,0.5315315315315315,1,85,0.38288288288288286
4624,1,98,0.44144144144144143,1,65,0.2927927927927928
4625,1,78,0.35135135135135137,1,45,0.20270270270270271
4626,1,58,0.26126126126126126,1,25,0.11261261261261261
4627,1,38,0.17117117117117117,1,5,0.02252252252252252
4628,1,18,0.08108108108108109,1,208,0.9369369369369369
4629,0,-1,-1.0,1,188,0.8468468468468469
4630,1,30,0.13513513513513514,0,-1,-1.0
4631,1,10,0.04504504504504504,0,-1,-1.0
4632,0,-1,-1.0,0,-1,-1.0
4633,0,-1,-1.0,0,-1,-1.0
4634,0,-1,-1.0,1,214,0.963963963963964
4635,1,210,0.9459459459459459,1,194,0.8738738738738738
4636,1,190,0.8558558558558559,1,174,0.7837837837837838
4637,1,170,0.7657657657657657,1,154,0.6936936936936937
4638,1,150,0.6756756756756757,1,134,0.6036036036036037
4639,1,130,0.5855855855855856,1,114,0.5135135135135135
4640,1,110,0.4954954954954955,1,94,0.42342342342342343
4641,1,90,0.40540540540540543,1,74,0.3333333333333333
4642,1,70,0.3153153153153153,1,54,0.24324324324324326
4643,1,50,0.22522522522522523,1,34,0.15315315315315314
4644,1,30,0.13513513513513514,1,14,0.06306306306306306
4645,1,10,0.04504504504504504,1,198,0.8918918918918919
4646,1,194,0.8738738738738738,1,178,0.8018018018018018
4647,1,174,0.7837837837837838,1,158,0.7117117117117117
4648,1,154,0.6936936936936937,1,138,0.6216216216216216
4649,1,134,0.6036036036036037,1,118,0.5315315315315315
4650,1,114,0.5135135135135135,1,98,0.44144144144144143
4651,1,94,0.42342342342342343,1,78,0.35135135135135137
4652,1,74,0.3333333333333333,1,58,0.26126126126126126
4653,1,54,0.24324324324324326,1,38,0.17117117117117117
4654,1,34,0.15315315315315314,1,18,0.08108108108108109
4655,1,14,0.06306306306306306,1,221,0.9954954954954955
4656,1,217,0.9774774774774775,1,201,0.9054054054054054
4657,1,197,0.8873873873873874,1,181,0.8153153153153153
4658,1,177,0.7972972972972973,1,161,0.7252252252252253
4659,1,157,0.7072072072072072,1,141,0.6351351351351351
4660,1,137,0.6171171171171171,1,121,0.545045045045045
4661,1,117,0.527027027027027,1,101,0.45495495495495497
4662,1,97,0.4369369369369369,1,81,0.36486486486486486
4663,1,77,0.34684684684684686,1,61,0.2747747747747748
4664,1,57,0.25675675675675674,1,41,0.18468468468468469
4665,1,37,0.16666666666666666,1,21,0.0945945945945946
4666,1,17,0.07657657657657657,1,1,0.0045045045045045045
4667,0,-1,-1.0,0,-1,-1.0
4668,0,-1,-1.0,0,-1,-1.0
4669,0,-1,-1.0,0,-1,-1.0
4670,0,-1,-1.0,1,221,0.9954954954954955
4671,0,-1,-1.0,1,201,0.9054054054054054
4672,1,78,0.35135135135135137,0,-1,-1.0
4673,1,58,0.26126126126126126,0,-1,-1.0
4674,1,38,0.17117117117117117,0,-1,-1.0
4675,1,18,0.08108108108108109,0,-1,-1.0
4676,0,-1,-1.0,0,-1,-1.0
4677,0,-1,-1.0,1,214,0.963963963963964
4678,0,-1,-1.0,1,194,0.8738738738738738
4679,1,214,0.963963963963964,1,174,0.7837837837837838
4680,1,194,0.8738738738738738,1,154,0.6936936936936937
4681,1,174,0.7837837837837838,1,134,0.6036036036036037
4682,1,154,0.6936936936936937,1,114,0.5135135135135135
4683,1,134,0.6036036036036037,1,94,0.42342342342342343
4684,1,114,0.5135135135135135,1,74,0.3333333333333333
4685,1,94,0.42342342342342343,1,54,0.24324324324324326
4686,1,74,0.3333333333333333,1,34,0.15315315315315314
4687,1,54,0.24324324324324326,1,14,0.06306306306306306
4688,1,34,0.15315315315315314,0,-1,-1.0
4689,1,14,0.06306306306306306,0,-1,-1.0
4690,0,-1,-1.0,0,-1,-1.0
4691,0,-1,-1.0,0,-1,-1.0
4692,0,-1,-1.0,1,208,0.9369369369369369
4693,0,-1,-1.0,1,188,0.8468468468468469
4694,1,208,0.9369369369369369,1,168,0.7567567567567568
4695,1,188,0.8468468468468469,1,148,0.6666666666666666
4696,1,168,0.7567567567567568,1,128,0.5765765765765766
4697,1,148,0.6666666666666666,1,108,0.4864864864864865
4698,1,128,0.5765765765765766,1,88,0.3963963963963964
4699,1,108,0.4864864864864865,1,68,0.3063063063063063
4700,1,88,0.3963963963963964,1,48,0.21621621621621623
4701,1,68,0.3063063063063063,1,28,0.12612612612612611
4702,1,48,0.21621621621621623,1,8,0.036036036036036036
4703,1,28,0.12612612612612611,1,204,0.918918918918919
4704,1,52,0.23423423423423423,0,-1,-1.0
4705,1,32,0.14414414414414414,1,216,0.972972972972973
4706,1,12,0.05405405405405406,1,196,0.8828828828828829
4707,1,203,0.9144144144144144,1,176,0.7927927927927928
4708,1,183,0.8243243243243243,1,156,0.7027027027027027
4709,1,163,0.7342342342342343,1,136,0.6126126126126126
4710,1,143,0.6441441441441441,1,116,0.5225225225225225
4711,1,123,0.5540540540540541,1,96,0.43243243243243246
4712,1,103,0.46396396396396394,1,76,0.34234234234234234
4713,1,83,0.3738738738738739,1,56,0.25225225225225223
4714,1,63,0.28378378378378377,1,36,0.16216216216216217
4715,1,43,0.19369369369369369,1,16,0.07207207207207207
4716,1,23,0.1036036036036036,0,-1,-1.0
4717,1,3,0.013513513513513514,0,-1,-1.0
4718,0,-1,-1.0,0,-1,-1.0
4719,0,-1,-1.0,1,217,0.9774774774774775
4720,0,-1,-1.0,1,197,0.8873873873873874
4721,1,204,0.918918918918919,1,177,0.7972972972972973
4722,1,184,0.8288288288288288,1,157,0.7072072072072072
4723,1,164,0.7387387387387387,1,137,0.6171171171171171
4724,1,144,0.6486486486486487,1,117,0.527027027027027
4725,1,124,0.5585585585585585,1,97,0.4369369369369369
4726,1,104,0.46846846846846846,1,77,0.34684684684684686
4727,1,84,0.3783783783783784,1,57,0.25675675675675674
4728,1,64,0.2882882882882883,1,37,0.16666666666666666
4729,1,44,0.1981981981981982,1,17,0.07657657657657657
4730,1,24,0.10810810810810811,0,-1,-1.0
4731,1,4,0.018018018018018018,1,205,0.9234234234234234
4732,1,76,0.34234234234234234,0,-1,-1.0
4733,1,56,0.25225225225225223,0,-1,-1.0
4734,1,36,0.16216216216216217,0,-1,-1.0
4735,1,16,0.07207207207207207,0,-1,-1.0
4736,0,-1,-1.0,0,-1,-1.0
4737,0,-1,-1.0,1,206,0.9279279279279279
4738,0,-1,-1.0,1,186,0.8378378378378378
4739,1,205,0.9234234234234234,1,166,0.7477477477477478
4740,1,185,0.8333333333333334,1,146,0.6576576576576577
4741,1,165,0.7432432432432432,1,126,0.5675675675675675
4742,1,145,0.6531531531531531,1,106,0.4774774774774775
4743,1,125,0.5630630630630631,1,86,0.38738738738738737
4744,1,105,0.47297297297297297,1,66,0.2972972972972973
4745,1,85,0.38288288288288286,1,46,0.2072072072072072
4746,1,65,0.2927927927927928,1,26,0.11711711711711711
4747,1,45,0.20270270270270271,1,6,0.02702702702702703
4748,1,25,0.11261261261261261,0,-1,-1.0
4749,1,5,0.02252252252252252,0,-1,-1.0
4750,0,-1,-1.0,0,-1,-1.0
4751,0,-1,-1.0,0,-1,-1.0
4752,0,-1,-1.0,0,-1,-1.0
4753,0,-1,-1.0,1,205,0.9234234234234234
4754,0,-1,-1.0,1,185,0.8333333333333334
4755,1,204,0.918918918918919,1,165,0.7432432432432432
4756,1,184,0.8288288288288288,1,145,0.6531531531531531
4757,1,164,0.7387387387387387,1,125,0.5630630630630631
4758,1,144,0.6486486486486487,1,105,0.47297297297297297
4759,1,124,0.5585585585585585,1,85,0.38288288288288286
4760,1,104,0.46846846846846846,1,65,0.2927927927927928
4761,1,84,0.3783783783783784,1,45,0.20270270270270271
4762,1,64,0.2882882882882883,1,25,0.11261261261261261
4763,1,44,0.1981981981981982,1,5,0.02252252252252252
4764,1,24,0.10810810810810811,0,-1,-1.0
4765,1,4,0.018018018018018018,1,205,0.9234234234234234
4766,0,-1,-1.0,1,185,0.8333333333333334
4767,1,50,0.22522522522522523,0,-1,-1.0
4768,1,30,0.13513513513513514,0,-1,-1.0
4769,1,10,0.04504504504504504,0,-1,-1.0
4770,0,-1,-1.0,0,-1,-1.0
4771,0,-1,-1.0,0,-1,-1.0
4772,0,-1,-1.0,0,-1,-1.0
4773,0,-1,-1.0,1,214,0.963963963963964
4774,1,220,0.990990990990991,1,194,0.8738738738738738
4775,1,200,0.9009009009009009,1,174,0.7837837837837838
4776,1,180,0.8108108108108109,1,154,0.6936936936936937
4777,1,160,0.7207207207207207,1,134,0.6036036036036037
4778,1,140,0.6306306306306306,1,114,0.5135135135135135
4779,1,120,0.5405405405405406,1,94,0.42342342342342343
4780,1,100,0.45045045045045046,1,74,0.3333333333333333
4781,1,80,0.36036036036036034,1,54,0.24324324324324326
4782,1,60,0.2702702702702703,1,34,0.15315315315315314
4783,1,40,0.18018018018018017,1,14,0.06306306306306306
4784,1,20,0.09009009009009009,1,195,0.8783783783783784
4785,1,0,0.0,1,175,0.7882882882882883
4786,1,181,0.8153153153153153,1,155,0.6981981981981982
4787,1,161,0.7252252252252253,1,135,0.6081081081081081
4788,1,141,0.6351351351351351,1,115,0.5180180180180181
4789,1,121,0.545045045045045,1,95,0.42792792792792794
4790,1,101,0.45495495495495497,1,75,0.33783783783783783
4791,1,81,0.36486486486486486,1,55,0.24774774774774774
4792,1,61,0.2747747747747748,1,35,0.15765765765765766
4793,1,41,0.18468468468468469,1,15,0.06756756756756757
4794,1,21,0.0945945945945946,0,-1,-1.0
4795,1,1,0.0045045045045045045,0,-1,-1.0
4796,0,-1,-1.0,1,215,0.9684684684684685
4797,0,-1,-1.0,1,195,0.8783783783783784
4798,1,78,0.35135135135135137,0,-1,-1.0
4799,1,58,0.26126126126126126,0,-1,-1.0
4800,1,38,0.17117117117117117,0,-1,-1.0
4801,1,18,0.08108108108108109,0,-1,-1.0
4802,0,-1,-1.0,1,210,0.9459459459459459
4803,0,-1,-1.0,1,190,0.8558558558558559
4804,1,210,0.9459459459459459,1,170,0.7657657657657657
4805,1,190,0.8558558558558559,1,150,0.6756756756756757
4806,1,170,0.7657657657657657,1,130,0.5855855855855856
4807,1,150,0.6756756756756757,1,110,0.4954954954954955
4808,1,130,0.5855855855855856,1,90,0.40540540540540543
4809,1,110,0.4954954954954955,1,70,0.3153153153153153
4810,1,90,0.40540540540540543,1,50,0.22522522522522523
4811,1,70,0.3153153153153153,1,30,0.13513513513513514
4812,1,50,0.22522522522522523,1,10,0.04504504504504504
4813,1,30,0.13513513513513514,0,-1,-1.0
4814,1,10,0.04504504504504504,0,-1,-1.0
4815,0,-1,-1.0,0,-1,-1.0
4816,0,-1,-1.0,0,-1,-1.0
4817,0,-1,-1.0,0,-1,-1.0
4818,0,-1,-1.0,0,-1,-1.0
4819,0,-1,-1.0,1,206,0.9279279279279279
4820,0,-1,-1.0,1,186,0.8378378378378378
4821,1,206,0.9279279279279279,1,166,0.7477477477477478
4822,1,186,0.8378378378378378,1,146,0.6576576576576577
4823,1,166,0.7477477477477478,1,126,0.5675675675675675
4824,1,146,0.6576576576576577,1,106,0.4774774774774775
4825,1,126,0.5675675675675675,1,86,0.38738738738738737
4826,1,106,0.4774774774774775,1,66,0.2972972972972973
4827,1,86,0.38738738738738737,1,46,0.2072072072072072
4828,1,66,0.2972972972972973,1,26,0.11711711711711711
4829,1,46,0.2072072072072072,1,6,0.02702702702702703
4830,1,26,0.11711711711711711,0,-1,-1.0
4831,1,6,0.02702702702702703,0,-1,-1.0
4832,0,-1,-1.0,1,209,0.9414414414414415
4833,1,24,0.10810810810810811,0,-1,-1.0
4834,1,4,0.018018018018018018,0,-1,-1.0
4835,0,-1,-1.0,1,215,0.9684684684684685
4836,1,208,0.9369369369369369,1,195,0.8783783783783784
4837,1,188,0.8468468468468469,1,175,0.7882882882882883
4838,1,168,0.7567567567567568,1,155,0.6981981981981982
4839,1,148,0.6666666666666666,1,135,0.6081081081081081
4840,1,128,0.5765765765765766,1,115,0.5180180180180181
4841,1,108,0.4864864864864865,1,95,0.42792792792792794
4842,1,88,0.3963963963963964,1,75,0.33783783783783783
4843,1,68,0.3063063063063063,1,55,0.24774774774774774
4844,1,48,0.21621621621621623,1,35,0.15765765765765766
4845,1,28,0.12612612612612611,1,15,0.06756756756756757
4846,1,8,0.036036036036036036,0,-1,-1.0
4847,0,-1,-1.0,0,-1,-1.0
4848,0,-1,-1.0,0,-1,-1.0
4849,0,-1,-1.0,1,212,0.954954954954955
4850,1,205,0.9234234234234234,1,192,0.8648648648648649
4851,1,185,0.8333333333333334,1,172,0.7747747747747747
4852,1,165,0.7432432432432432,1,152,0.6846846846846847
4853,1,145,0.6531531531531531,1,132,0.5945945945945946
4854,1,125,0.5630630630630631,1,112,0.5045045045045045
4855,1,105,0.47297297297297297,1,92,0.4144144144144144
4856,1,85,0.38288288288288286,1,72,0.32432432432432434
4857,1,65,0.2927927927927928,1,52,0.23423423423423423
4858,1,45,0.20270270270270271,1,32,0.14414414414414414
4859,1,25,0.11261261261261261,1,12,0.05405405405405406
4860,1,5,0.02252252252252252,0,-1,-1.0
4861,0,-1,-1.0,0,-1,-1.0
4862,0,-1,-1.0,0,-1,-1.0
4863,1,82,0.36936936936936937,0,-1,-1.0
4864,1,62,0.27927927927927926,1,222,1.0
4865,1,42,0.1891891891891892,1,202,0.9099099099099099
4866,1,22,0.0990990990990991,1,182,0.8198198198198198
4867,1,2,0.009009009009009009,1,162,0.7297297297297297
4868,1,184,0.8288288288288288,1,142,0.6396396396396397
4869,1,164,0.7387387387387387,1,122,0.5495495495495496
4870,1,144,0.6486486486486487,1,102,0.4594594594594595
4871,1,124,0.5585585585585585,1,82,0.36936936936936937
4872,1,104,0.46846846846846846,1,62,0.27927927927927926
4873,1,84,0.3783783783783784,1,42,0.1891891891891892
4874,1,64,0.2882882882882883,1,22,0.0990990990990991
4875,1,44,0.1981981981981982,1,2,0.009009009009009009
4876,1,24,0.10810810810810811,1,186,0.8378378378378378
4877,1,4,0.018018018018018018,1,166,0.7477477477477478
4878,1,188,0.8468468468468469,1,146,0.6576576576576577
4879,1,168,0.7567567567567568,1,126,0.5675675675675675
4880,1,148,0.6666666666666666,1,106,0.4774774774774775
4881,1,128,0.5765765765765766,1,86,0.38738738738738737
4882,1,108,0.4864864864864865,1,66,0.2972972972972973
4883,1,88,0.3963963963963964,1,46,0.2072072072072072
4884,1,68,0.3063063063063063,1,26,0.11711711711711711
4885,1,48,0.21621621621621623,1,6,0.02702702702702703
4886,1,28,0.12612612612612611,0,-1,-1.0
4887,1,8,0.036036036036036036,0,-1,-1.0
4888,0,-1,-1.0,0,-1,-1.0
4889,0,-1,-1.0,0,-1,-1.0
4890,0,-1,-1.0,1,213,0.9594594594594594
4891,0,-1,-1.0,1,193,0.8693693693693694
4892,1,20,0.09009009009009009,0,-1,-1.0
4893,1,0,0.0,0,-1,-1.0
4894,1,217,0.9774774774774775,1,206,0.9279279279279279
4895,1,197,0.8873873873873874,1,186,0.8378378378378378
4896,1,177,0.7972972972972973,1,166,0.7477477477477478
4897,1,157,0.7072072072072072,1,146,0.6576576576576577
4898,1,137,0.6171171171171171,1,126,0.5675675675675675
4899,1,117,0.527027027027027,1,106,0.4774774774774775
4900,1,97,0.4369369369369369,1,86,0.38738738738738737
4901,1,77,0.34684684684684686,1,66,0.2972972972972973
4902,1,57,0.25675675675675674,1,46,0.2072072072072072
4903,1,37,0.16666666666666666,1,26,0.11711711711711711
4904,1,17,0.07657657657657657,1,6,0.02702702702702703
4905,1,213,0.9594594594594594,1,202,0.9099099099099099
4906,1,193,0.8693693693693694,1,182,0.8198198198198198
4907,1,173,0.7792792792792793,1,162,0.7297297297297297
4908,1,153,0.6891891891891891,1,142,0.6396396396396397
4909,1,133,0.5990990990990991,1,122,0.5495495495495496
4910,1,113,0.509009009009009,1,102,0.4594594594594595
4911,1,93,0.4189189189189189,1,82,0.36936936936936937
4912,1,73,0.32882882882882886,1,62,0.27927927927927926
4913,1,53,0.23873873873873874,1,42,0.1891891891891892
4914,1,33,0.14864864864864866,1,22,0.0990990990990991
4915,1,13,0.05855855855855856,1,2,0.009009009009009009
4916,0,-1,-1.0,1,200,0.9009009009009009
4917,1,68,0.3063063063063063,0,-1,-1.0
4918,1,48,0.21621621621621623,0,-1,-1.0
4919,1,28,0.12612612612612611,0,-1,-1.0
4920,1,8,0.036036036036036036,0,-1,-1.0
4921,0,-1,-1.0,0,-1,-1.0
4922,0,-1,-1.0,0,-1,-1.0
4923,0,-1,-1.0,0,-1,-1.0
4924,0,-1,-1.0,1,209,0.9414414414414415
4925,0,-1,-1.0,1,189,0.8513513513513513
4926,1,204,0.918918918918919,1,169,0.7612612612612613
4927,1,184,0.8288288288288288,1,149,0.6711711711711712
4928,1,164,0.7387387387387387,1,129,0.581081081081081
4929,1,144,0.6486486486486487,1,109,0.49099099099099097
4930,1,124,0.5585585585585585,1,89,0.4009009009009009
4931,1,104,0.46846846846846846,1,69,0.3108108108108108
4932,1,84,0.3783783783783784,1,49,0.22072072072072071
4933,1,64,0.2882882882882883,1,29,0.13063063063063063
4934,1,44,0.1981981981981982,1,9,0.04054054054054054
4935,1,24,0.10810810810810811,0,-1,-1.0
4936,1,4,0.018018018018018018,0,-1,-1.0
4937,0,-1,-1.0,0,-1,-1.0
4938,0,-1,-1.0,0,-1,-1.0
4939,0,-1,-1.0,0,-1,-1.0
4940,0,-1,-1.0,0,-1,-1.0
4941,0,-1,-1.0,1,216,0.972972972972973
4942,0,-1,-1.0,1,196,0.8828828828828829
4943,1,211,0.9504504504504504,1,176,0.7927927927927928
4944,1,191,0.8603603603603603,1,156,0.7027027027027027
4945,1,171,0.7702702702702703,1,136,0.6126126126126126
4946,1,151,0.6801801801801802,1,116,0.5225225225225225
4947,1,131,0.5900900900900901,1,96,0.43243243243243246
4948,1,111,0.5,1,76,0.34234234234234234
4949,1,91,0.4099099099099099,1,56,0.25225225225225223
4950,1,71,0.31981981981981983,1,36,0.16216216216216217
4951,1,51,0.22972972972972974,1,16,0.07207207207207207
4952,1,31,0.13963963963963963,1,203,0.9144144144144144
4953,1,11,0.04954954954954955,1,183,0.8243243243243243
4954,1,198,0.8918918918918919,1,163,0.7342342342342343
4955,1,178,0.8018018018018018,1,143,0.6441441441441441
4956,1,158,0.7117117117117117,1,123,0.5540540540540541
4957,1,138,0.6216216216216216,1,103,0.46396396396396394
4958,1,118,0.5315315315315315,1,83,0.3738738738738739
4959,1,98,0.44144144144144143,1,63,0.28378378378378377
4960,1,78,0.35135135135135137,1,43,0.19369369369369369
4961,1,58,0.26126126126126126,1,23,0.1036036036036036
4962,1,38,0.17117117117117117,1,3,0.013513513513513514
4963,1,18,0.08108108108108109,1,206,0.9279279279279279
4964,1,40,0.18018018018018017,0,-1,-1.0
4965,1,20,0.09009009009009009,0,-1,-1.0
4966,1,0,0.0,0,-1,-1.0
4967,0,-1,-1.0,0,-1,-1.0
4968,0,-1,-1.0,1,221,0.9954954954954955
4969,1,222,1.0,1,201,0.9054054054054054
4970,1,202,0.9099099099099099,1,181,0.8153153153153153
4971,1,182,0.8198198198198198,1,161,0.7252252252252253
4972,1,162,0.7297297297297297,1,141,0.6351351351351351
4973,1,142,0.6396396396396397,1,121,0.545045045045045
4974,1,122,0.5495495495495496,1,101,0.45495495495495497
4975,1,102,0.4594594594594595,1,81,0.36486486486486486
4976,1,82,0.36936936936936937,1,61,0.2747747747747748
4977,1,62,0.27927927927927926,1,41,0.18468468468468469
4978,1,42,0.1891891891891892,1,21,0.0945945945945946
4979,1,22,0.0990990990990991,1,1,0.0045045045045045045
4980,1,2,0.009009009009009009,1,185,0.8333333333333334
4981,1,186,0.8378378378378378,1,165,0.7432432432432432
4982,1,166,0.7477477477477478,1,145,0.6531531531531531
4983,1,146,0.6576576576576577,1,125,0.5630630630630631
4984,1,126,0.5675675675675675,1,105,0.47297297297297297
4985,1,106,0.4774774774774775,1,85,0.38288288288288286
4986,1,86,0.38738738738738737,1,65,0.2927927927927928
4987,1,66,0.2972972972972973,1,45,0.20270270270270271
4988,1,46,0.2072072072072072,1,25,0.11261261261261261
4989,1,26,0.11711711711711711,1,5,0.02252252252252252
4990,1,6,0.02702702702702703,1,218,0.9819819819819819
4991,0,-1,-1.0,1,198,0.8918918918918919
4992,1,50,0.22522522522522523,0,-1,-1.0
4993,1,30,0.13513513513513514,0,-1,-1.0
4994,1,10,0.04504504504504504,0,-1,-1.0
4995,0,-1,-1.0,1,215,0.9684684684684685
4996,1,221,0.9954954954954955,1,195,0.8783783783783784
4997,1,201,0.9054054054054054,1,175,0.7882882882882883
4998,1,181,0.8153153153153153,1,155,0.6981981981981982
4999,1,161,0.7252252252252253,1,135,0.6081081081081081
5000,1,141,0.6351351351351351,1,115,0.5180180180180181
5001,1,121,0.545045045045045,1,95,0.42792792792792794
5002,1,101,0.45495495495495497,1,75,0.33783783783783783
5003,1,81,0.36486486486486486,1,55,0.24774774774774774
5004,1,61,0.2747747747747748,1,35,0.15765765765765766
5005,1,41,0.18468468468468469,1,15,0.06756756756756757
5006,1,21,0.0945945945945946,0,-1,-1.0
5007,1,1,0.0045045045045045045,0,-1,-1.0
5008,0,-1,-1.0,0,-1,-1.0
5009,0,-1,-1.0,1,216,0.972972972972973
5010,1,222,1.0,1,196,0.8828828828828829
5011,1,202,0.9099099099099099,1,176,0.7927927927927928
5012,1,182,0.8198198198198198,1,156,0.7027027027027027
5013,1,162,0.7297297297297297,1,136,0.6126126126126126
5014,1,142,0.6396396396396397,1,116,0.5225225225225225
5015,1,122,0.5495495495495496,1,96,0.43243243243243246
5016,1,102,0.4594594594594595,1,76,0.34234234234234234
5017,1,82,0.36936936936936937,1,56,0.25225225225225223
5018,1,62,0.27927927927927926,1,36,0.16216216216216217
5019,1,42,0.1891891891891892,1,16,0.07207207207207207
5020,1,44,0.1981981981981982,0,-1,-1.0
5021,1,24,0.10810810810810811,1,213,0.9594594594594594
5022,1,4,0.018018018018018018,1,193,0.8693693693693694
5023,1,196,0.8828828828828829,1,173,0.7792792792792793
5024,1,176,0.7927927927927928,1,153,0.6891891891891891
5025,1,156,0.7027027027027027,1,133,0.5990990990990991
5026,1,136,0.6126126126126126,1,113,0.509009009009009
5027,1,116,0.5225225225225225,1,93,0.4189189189189189
5028,1,96,0.43243243243243246,1,73,0.32882882882882886
5029,1,76,0.34234234234234234,1,53,0.23873873873873874
5030,1,56,0.25225225225225223,1,33,0.14864864864864866
5031,1,36,0.16216216216216217,1,13,0.05855855855855856
5032,1,16,0.07207207207207207,1,178,0.8018018018018018
5033,1,181,0.8153153153153153,1,158,0.7117117117117117
5034,1,161,0.7252252252252253,1,138,0.6216216216216216
5035,1,141,0.6351351351351351,1,118,0.5315315315315315
5036,1,121,0.545045045045045,1,98,0.44144144144144143
5037,1,101,0.45495495495495497,1,78,0.35135135135135137
5038,1,81,0.36486486486486486,1,58,0.26126126126126126
5039,1,61,0.2747747747747748,1,38,0.17117117117117117
5040,1,41,0.18468468468468469,1,18,0.08108108108108109
5041,1,21,0.0945945945945946,0,-1,-1.0
5042,1,1,0.0045045045045045045,0,-1,-1.0
5043,0,-1,-1.0,1,210,0.9459459459459459
5044,1,48,0.21621621621621623,0,-1,-1.0
5045,1,28,0.12612612612612611,0,-1,-1.0
5046,1,8,0.036036036036036036,0,-1,-1.0
5047,0,-1,-1.0,0,-1,-1.0
5048,0,-1,-1.0,0,-1,-1.0
5049,0,-1,-1.0,0,-1,-1.0
5050,0,-1,-1.0,0,-1,-1.0
5051,0,-1,-1.0,1,219,0.9864864864864865
5052,0,-1,-1.0,1,199,0.8963963963963963
5053,1,204,0.918918918918919,1,179,0.8063063063063063
5054,1,184,0.8288288288288288,1,159,0.7162162162162162
5055,1,164,0.7387387387387387,1,139,0.6261261261261262
5056,1,144,0.6486486486486487,1,119,0.536036036036036
5057,1,124,0.5585585585585585,1,99,0.44594594594594594
5058,1,104,0.46846846846846846,1,79,0.35585585585585583
5059,1,84,0.3783783783783784,1,59,0.26576576576576577
5060,1,64,0.2882882882882883,1,39,0.17567567567567569
5061,1,44,0.1981981981981982,1,19,0.08558558558558559
5062,1,24,0.10810810810810811,1,214,0.963963963963964
5063,1,4,0.018018018018018018,1,194,0.8738738738738738
5064,1,199,0.8963963963963963,1,174,0.7837837837837838
5065,1,179,0.8063063063063063,1,154,0.6936936936936937
5066,1,159,0.7162162162162162,1,134,0.6036036036036037
5067,1,139,0.6261261261261262,1,114,0.5135135135135135
5068,1,119,0.536036036036036,1,94,0.42342342342342343
5069,1,99,0.44594594594594594,1,74,0.3333333333333333
5070,1,79,0.35585585585585583,1,54,0.24324324324324326
5071,1,59,0.26576576576576577,1,34,0.15315315315315314
5072,1,39,0.17567567567567569,1,14,0.06306306306306306
5073,1,50,0.22522522522522523,0,-1,-1.0
5074,1,30,0.13513513513513514,1,217,0.9774774774774775
5075,1,10,0.04504504504504504,1,197,0.8873873873873874
5076,1,203,0.9144144144144144,1,177,0.7972972972972973
5077,1,183,0.8243243243243243,1,157,0.7072072072072072
5078,1,163,0.7342342342342343,1,137,0.6171171171171171
5079,1,143,0.6441441441441441,1,117,0.527027027027027
5080,1,123,0.5540540540540541,1,97,0.4369369369369369
5081,1,103,0.46396396396396394,1,77,0.34684684684684686
5082,1,83,0.3738738738738739,1,57,0.25675675675675674
5083,1,63,0.28378378378378377,1,37,0.16666666666666666
5084,1,43,0.19369369369369369,1,17,0.07657657657657657
5085,1,23,0.1036036036036036,1,205,0.9234234234234234
5086,1,3,0.013513513513513514,1,185,0.8333333333333334
5087,1,191,0.8603603603603603,1,165,0.7432432432432432
5088,1,171,0.7702702702702703,1,145,0.6531531531531531
5089,1,151,0.6801801801801802,1,125,0.5630630630630631
5090,1,131,0.5900900900900901,1,105,0.47297297297297297
5091,1,111,0.5,1,85,0.38288288288288286
5092,1,91,0.4099099099099099,1,65,0.2927927927927928
5093,1,71,0.31981981981981983,1,45,0.20270270270270271
5094,1,51,0.22972972972972974,1,25,0.11261261261261261
5095,1,31,0.13963963963963963,1,5,0.02252252252252252
5096,1,11,0.04954954954954955,0,-1,-1.0
5097,0,-1,-1.0,0,-1,-1.0
5098,0,-1,-1.0,0,-1,-1.0
5099,0,-1,-1.0,0,-1,-1.0
5100,0,-1,-1.0,0,-1,-1.0
5101,0,-1,-1.0,1,206,0.9279279279279279
5102,1,212,0.954954954954955,1,186,0.8378378378378378
5103,1,192,0.8648648648648649,1,166,0.7477477477477478
5104,1,172,0.7747747747747747,1,146,0.6576576576576577
5105,1,152,0.6846846846846847,1,126,0.5675675675675675
5106,1,132,0.5945945945945946,1,106,0.4774774774774775
5107,1,112,0.5045045045045045,1,86,0.38738738738738737
5108,1,92,0.4144144144144144,1,66,0.2972972972972973
5109,1,72,0.32432432432432434,1,46,0.2072072072072072
5110,1,52,0.23423423423423423,1,26,0.11711711711711711
5111,1,32,0.14414414414414414,1,6,0.02702702702702703
5112,1,12,0.05405405405405406,0,-1,-1.0
5113,0,-1,-1.0,0,-1,-1.0
5114,0,-1,-1.0,0,-1,-1.0
5115,0,-1,-1.0,1,206,0.9279279279279279
5116,0,-1,-1.0,1,186,0.8378378378378378
5117,1,28,0.12612612612612611,1,221,0.9954954954954955
5118,1,8,0.036036036036036036,1,201,0.9054054054054054
5119,1,196,0.8828828828828829,1,181,0.8153153153153153
5120,1,176,0.7927927927927928,1,161,0.7252252252252253
5121,1,156,0.7027027027027027,1,141,0.6351351351351351
5122,1,136,0.6126126126126126,1,121,0.545045045045045
5123,1,116,0.5225225225225225,1,101,0.45495495495495497
5124,1,96,0.43243243243243246,1,81,0.36486486486486486
5125,1,76,0.34234234234234234,1,61,0.2747747747747748
5126,1,56,0.25225225225225223,1,41,0.18468468468468469
5127,1,36,0.16216216216216217,1,21,0.0945945945945946
5128,1,16,0.07207207207207207,1,1,0.0045045045045045045
5129,1,183,0.8243243243243243,1,168,0.7567567567567568
5130,1,163,0.7342342342342343,1,148,0.6666666666666666
5131,1,143,0.6441441441441441,1,128,0.5765765765765766
5132,1,123,0.5540540540540541,1,108,0.4864864864864865
5133,1,103,0.46396396396396394,1,88,0.3963963963963964
5134,1,83,0.3738738738738739,1,68,0.3063063063063063
5135,1,63,0.28378378378378377,1,48,0.21621621621621623
5136,1,43,0.19369369369369369,1,28,0.12612612612612611
5137,1,23,0.1036036036036036,1,8,0.036036036036036036
5138,1,50,0.22522522522522523,0,-1,-1.0
5139,1,30,0.13513513513513514,0,-1,-1.0
5140,1,10,0.04504504504504504,0,-1,-1.0
5141,0,-1,-1.0,0,-1,-1.0
5142,0,-1,-1.0,0,-1,-1.0
5143,0,-1,-1.0,1,215,0.9684684684684685
5144,1,221,0.9954954954954955,1,195,0.8783783783783784
5145,1,201,0.9054054054054054,1,175,0.7882882882882883
5146,1,181,0.8153153153153153,1,155,0.6981981981981982
5147,1,161,0.7252252252252253,1,135,0.6081081081081081
5148,1,141,0.6351351351351351,1,115,0.5180180180180181
5149,1,121,0.545045045045045,1,95,0.42792792792792794
5150,1,101,0.45495495495495497,1,75,0.33783783783783783
5151,1,81,0.36486486486486486,1,55,0.24774774774774774
5152,1,61,0.2747747747747748,1,35,0.15765765765765766
5153,1,41,0.18468468468468469,1,15,0.06756756756756757
5154,1,21,0.0945945945945946,1,172,0.7747747747747747
5155,1,1,0.0045045045045045045,1,152,0.6846846846846847
5156,1,158,0.7117117117117117,1,132,0.5945945945945946
5157,1,138,0.6216216216216216,1,112,0.5045045045045045
5158,1,118,0.5315315315315315,1,92,0.4144144144144144
5159,1,98,0.44144144144144143,1,72,0.32432432432432434
5160,1,78,0.35135135135135137,1,52,0.23423423423423423
5161,1,58,0.26126126126126126,1,32,0.14414414414414414
5162,1,38,0.17117117117117117,1,12,0.05405405405405406
5163,1,18,0.08108108108108109,1,208,0.9369369369369369
5164,1,72,0.32432432432432434,0,-1,-1.0
5165,1,52,0.23423423423423423,1,222,1.0
5166,1,32,0.14414414414414414,1,202,0.9099099099099099
5167,1,12,0.05405405405405406,1,182,0.8198198198198198
5168,1,199,0.8963963963963963,1,162,0.7297297297297297
5169,1,179,0.8063063063063063,1,142,0.6396396396396397
5170,1,159,0.7162162162162162,1,122,0.5495495495495496
5171,1,139,0.6261261261261262,1,102,0.4594594594594595
5172,1,119,0.536036036036036,1,82,0.36936936936936937
5173,1,99,0.44594594594594594,1,62,0.27927927927927926
5174,1,79,0.35585585585585583,1,42,0.1891891891891892
5175,1,59,0.26576576576576577,1,22,0.0990990990990991
5176,1,39,0.17567567567567569,1,2,0.009009009009009009
5177,1,19,0.08558558558558559,0,-1,-1.0
5178,0,-1,-1.0,0,-1,-1.0
5179,0,-1,-1.0,0,-1,-1.0
5180,0,-1,-1.0,0,-1,-1.0
5181,0,-1,-1.0,1,205,0.9234234234234234
5182,1,222,1.0,1,185,0.8333333333333334
5183,1,202,0.9099099099099099,1,165,0.7432432432432432
5184,1,182,0.8198198198198198,1,145,0.6531531531531531
5185,1,162,0.7297297297297297,1,125,0.5630630630630631
5186,1,142,0.6396396396396397,1,105,0.47297297297297297
5187,1,122,0.5495495495495496,1,85,0.38288288288288286
5188,1,102,0.4594594594594595,1,65,0.2927927927927928
5189,1,82,0.36936936936936937,1,45,0.20270270270270271
5190,1,62,0.27927927927927926,1,25,0.11261261261261261
5191,1,42,0.1891891891891892,1,5,0.02252252252252252
5192,1,22,0.0990990990990991,0,-1,-1.0
5193,1,2,0.009009009009009009,1,203,0.9144144144144144
5194,1,220,0.990990990990991,1,183,0.8243243243243243
5195,1,200,0.9009009009009009,1,163,0.7342342342342343
5196,1,180,0.8108108108108109,1,143,0.6441441441441441
5197,1,160,0.7207207207207207,1,123,0.5540540540540541
5198,1,140,0.6306306306306306,1,103,0.46396396396396394
5199,1,120,0.5405405405405406,1,83,0.3738738738738739
5200,1,100,0.45045045045045046,1,63,0.28378378378378377
5201,1,80,0.36036036036036034,1,43,0.19369369369369369
5202,1,60,0.2702702702702703,1,23,0.1036036036036036
5203,1,40,0.18018018018018017,1,3,0.013513513513513514
5204,1,26,0.11711711711711711,0,-1,-1.0
5205,1,6,0.02702702702702703,0,-1,-1.0
5206,1,218,0.9819819819819819,1,204,0.918918918918919
5207,1,198,0.8918918918918919,1,184,0.8288288288288288
5208,1,178,0.8018018018018018,1,164,0.7387387387387387
5209,1,158,0.7117117117117117,1,144,0.6486486486486487
5210,1,138,0.6216216216216216,1,124,0.5585585585585585
5211,1,118,0.5315315315315315,1,104,0.46846846846846846
5212,1,98,0.44144144144144143,1,84,0.3783783783783784
5213,1,78,0.35135135135135137,1,64,0.2882882882882883
5214,1,58,0.26126126126126126,1,44,0.1981981981981982
5215,1,38,0.17117117117117117,1,24,0.10810810810810811
5216,1,18,0.08108108108108109,1,4,0.018018018018018018
5217,1,165,0.7432432432432432,1,151,0.6801801801801802
5218,1,145,0.6531531531531531,1,131,0.5900900900900901
5219,1,125,0.5630630630630631,1,111,0.5
5220,1,105,0.47297297297297297,1,91,0.4099099099099099
5221,1,85,0.38288288288288286,1,71,0.31981981981981983
5222,1,65,0.2927927927927928,1,51,0.22972972972972974
5223,1,45,0.20270270270270271,1,31,0.13963963963963963
5224,1,25,0.11261261261261261,1,11,0.04954954954954955
5225,1,42,0.1891891891891892,0,-1,-1.0
5226,1,22,0.0990990990990991,0,-1,-1.0
5227,1,2,0.009009009009009009,0,-1,-1.0
5228,0,-1,-1.0,0,-1,-1.0
5229,0,-1,-1.0,1,218,0.9819819819819819
5230,1,220,0.990990990990991,1,198,0.8918918918918919
5231,1,200,0.9009009009009009,1,178,0.8018018018018018
5232,1,180,0.8108108108108109,1,158,0.7117117117117117
5233,1,160,0.7207207207207207,1,138,0.6216216216216216
5234,1,140,0.6306306306306306,1,118,0.5315315315315315
5235,1,120,0.5405405405405406,1,98,0.44144144144144143
5236,1,100,0.45045045045045046,1,78,0.35135135135135137
5237,1,80,0.36036036036036034,1,58,0.26126126126126126
5238,1,60,0.2702702702702703,1,38,0.17117117117117117
5239,1,40,0.18018018018018017,1,18,0.08108108108108109
5240,1,20,0.09009009009009009,0,-1,-1.0
5241,1,0,0.0,1,220,0.990990990990991
5242,1,222,1.0,1,200,0.9009009009009009
5243,1,202,0.9099099099099099,1,180,0.8108108108108109
5244,1,182,0.8198198198198198,1,160,0.7207207207207207
5245,1,162,0.7297297297297297,1,140,0.6306306306306306
5246,1,142,0.6396396396396397,1,120,0.5405405405405406
5247,1,122,0.5495495495495496,1,100,0.45045045045045046
5248,1,102,0.4594594594594595,1,80,0.36036036036036034
5249,1,82,0.36936936936936937,1,60,0.2702702702702703
5250,1,62,0.27927927927927926,1,40,0.18018018018018017
5251,1,42,0.1891891891891892,1,20,0.09009009009009009
5252,1,22,0.0990990990990991,1,0,0.0
5253,1,2,0.009009009009009009,0,-1,-1.0
5254,0,-1,-1.0,1,205,0.9234234234234234
5255,1,207,0.9324324324324325,1,185,0.8333333333333334
5256,1,187,0.8423423423423423,1,165,0.7432432432432432
5257,1,167,0.7522522522522522,1,145,0.6531531531531531
5258,1,147,0.6621621621621622,1,125,0.5630630630630631
5259,1,127,0.5720720720720721,1,105,0.47297297297297297
5260,1,107,0.481981981981982,1,85,0.38288288288288286
5261,1,87,0.3918918918918919,1,65,0.2927927927927928
5262,1,67,0.30180180180180183,1,45,0.20270270270270271
5263,1,47,0.21171171171171171,1,25,0.11261261261261261
5264,1,27,0.12162162162162163,1,5,0.02252252252252252
5265,1,7,0.03153153153153153,0,-1,-1.0
5266,0,-1,-1.0,0,-1,-1.0
5267,0,-1,-1.0,0,-1,-1.0
5268,0,-1,-1.0,1,212,0.954954954954955
5269,1,20,0.09009009009009009,0,-1,-1.0
5270,1,0,0.0,0,-1,-1.0
5271,0,-1,-1.0,0,-1,-1.0
5272,0,-1,-1.0,0,-1,-1.0
5273,1,215,0.9684684684684685,1,204,0.918918918918919
5274,1,195,0.8783783783783784,1,184,0.8288288288288288
5275,1,175,0.7882882882882883,1,164,0.7387387387387387
5276,1,155,0.6981981981981982,1,144,0.6486486486486487
5277,1,135,0.6081081081081081,1,124,0.5585585585585585
5278,1,115,0.5180180180180181,1,104,0.46846846846846846
5279,1,95,0.42792792792792794,1,84,0.3783783783783784
5280,1,75,0.33783783783783783,1,64,0.2882882882882883
5281,1,55,0.24774774774774774,1,44,0.1981981981981982
5282,1,35,0.15765765765765766,1,24,0.10810810810810811
5283,1,15,0.06756756756756757,1,4,0.018018018018018018
5284,0,-1,-1.0,0,-1,-1.0
5285,0,-1,-1.0,1,222,1.0
5286,1,213,0.9594594594594594,1,202,0.9099099099099099
5287,1,193,0.8693693693693694,1,182,0.8198198198198198
5288,1,173,0.7792792792792793,1,162,0.7297297297297297
5289,1,153,0.6891891891891891,1,142,0.6396396396396397
5290,1,133,0.5990990990990991,1,122,0.5495495495495496
5291,1,113,0.509009009009009,1,102,0.4594594594594595
5292,1,93,0.4189189189189189,1,82,0.36936936936936937
5293,1,73,0.32882882882882886,1,62,0.27927927927927926
5294,1,53,0.23873873873873874,1,42,0.1891891891891892
5295,1,33,0.14864864864864866,1,22,0.0990990990990991
5296,1,13,0.05855855855855856,1,2,0.009009009009009009
5297,1,74,0.3333333333333333,0,-1,-1.0
5298,1,54,0.24324324324324326,1,207,0.9324324324324325
5299,1,34,0.15315315315315314,1,187,0.8423423423423423
5300,1,14,0.06306306306306306,1,167,0.7522522522522522
5301,1,185,0.8333333333333334,1,147,0.6621621621621622
5302,1,165,0.7432432432432432,1,127,0.5720720720720721
5303,1,145,0.6531531531531531,1,107,0.481981981981982
5304,1,125,0.5630630630630631,1,87,0.3918918918918919
5305,1,105,0.47297297297297297,1,67,0.30180180180180183
5306,1,85,0.38288288288288286,1,47,0.21171171171171171
5307,1,65,0.2927927927927928,1,27,0.12162162162162163
5308,1,45,0.20270270270270271,1,7,0.03153153153153153
5309,1,25,0.11261261261261261,1,183,0.8243243243243243
5310,1,5,0.02252252252252252,1,163,0.7342342342342343
5311,1,181,0.8153153153153153,1,143,0.6441441441441441
5312,1,161,0.7252252252252253,1,123,0.5540540540540541
5313,1,141,0.6351351351351351,1,103,0.46396396396396394
5314,1,121,0.545045045045045,1,83,0.3738738738738739
5315,1,101,0.45495495495495497,1,63,0.28378378378378377
5316,1,81,0.36486486486486486,1,43,0.19369369369369369
5317,1,61,0.2747747747747748,1,23,0.1036036036036036
5318,1,41,0.18468468468468469,1,3,0.013513513513513514
5319,1,21,0.0945945945945946,0,-1,-1.0
5320,1,1,0.0045045045045045045,1,215,0.9684684684684685
5321,0,-1,-1.0,1,195,0.8783783783783784
5322,1,42,0.1891891891891892,0,-1,-1.0
5323,1,22,0.0990990990990991,0,-1,-1.0
5324,1,2,0.009009009009009009,0,-1,-1.0
5325,0,-1,-1.0,1,205,0.9234234234234234
5326,1,207,0.9324324324324325,1,185,0.8333333333333334
5327,1,187,0.8423423423423423,1,165,0.7432432432432432
5328,1,167,0.7522522522522522,1,145,0.6531531531531531
5329,1,147,0.6621621621621622,1,125,0.5630630630630631
5330,1,127,0.5720720720720721,1,105,0.47297297297297297
5331,1,107,0.481981981981982,1,85,0.38288288288288286
5332,1,87,0.3918918918918919,1,65,0.2927927927927928
5333,1,67,0.30180180180180183,1,45,0.20270270270270271
5334,1,47,0.21171171171171171,1,25,0.11261261261261261
5335,1,27,0.12162162162162163,1,5,0.02252252252252252
5336,1,7,0.03153153153153153,1,194,0.8738738738738738
5337,1,196,0.8828828828828829,1,174,0.7837837837837838
5338,1,176,0.7927927927927928,1,154,0.6936936936936937
5339,1,156,0.7027027027027027,1,134,0.6036036036036037
5340,1,136,0.6126126126126126,1,114,0.5135135135135135
5341,1,116,0.5225225225225225,1,94,0.42342342342342343
5342,1,96,0.43243243243243246,1,74,0.3333333333333333
5343,1,76,0.34234234234234234,1,54,0.24324324324324326
5344,1,56,0.25225225225225223,1,34,0.15315315315315314
5345,1,36,0.16216216216216217,1,14,0.06306306306306306
5346,1,16,0.07207207207207207,0,-1,-1.0
5347,0,-1,-1.0,0,-1,-1.0
5348,0,-1,-1.0,1,207,0.9324324324324325
5349,1,209,0.9414414414414415,1,187,0.8423423423423423
5350,1,189,0.8513513513513513,1,167,0.7522522522522522
5351,1,169,0.7612612612612613,1,147,0.6621621621621622
5352,1,149,0.6711711711711712,1,127,0.5720720720720721
5353,1,129,0.581081081081081,1,107,0.481981981981982
5354,1,109,0.49099099099099097,1,87,0.3918918918918919
5355,1,89,0.4009009009009009,1,67,0.30180180180180183
5356,1,69,0.3108108108108108,1,47,0.21171171171171171
5357,1,49,0.22072072072072071,1,27,0.12162162162162163
5358,1,29,0.13063063063063063,1,7,0.03153153153153153
5359,1,50,0.22522522522522523,0,-1,-1.0
5360,1,30,0.13513513513513514,0,-1,-1.0
5361,1,10,0.04504504504504504,0,-1,-1.0
5362,0,-1,-1.0,0,-1,-1.0
5363,0,-1,-1.0,0,-1,-1.0
5364,0,-1,-1.0,0,-1,-1.0
5365,0,-1,-1.0,0,-1,-1.0
5366,0,-1,-1.0,1,217,0.9774774774774775
5367,0,-1,-1.0,1,197,0.8873873873873874
5368,1,203,0.9144144144144144,1,177,0.7972972972972973
5369,1,183,0.8243243243243243,1,157,0.7072072072072072
5370,1,163,0.7342342342342343,1,137,0.6171171171171171
5371,1,143,0.6441441441441441,1,117,0.527027027027027
5372,1,123,0.5540540540540541,1,97,0.4369369369369369
5373,1,103,0.46396396396396394,1,77,0.34684684684684686
5374,1,83,0.3738738738738739,1,57,0.25675675675675674
5375,1,63,0.28378378378378377,1,37,0.16666666666666666
5376,1,43,0.19369369369369369,1,17,0.07657657657657657
5377,1,23,0.1036036036036036,1,212,0.954954954954955
5378,1,3,0.013513513513513514,1,192,0.8648648648648649
5379,1,198,0.8918918918918919,1,172,0.7747747747747747
5380,1,178,0.8018018018018018,1,152,0.6846846846846847
5381,1,158,0.7117117117117117,1,132,0.5945945945945946
5382,1,138,0.6216216216216216,1,112,0.5045045045045045
5383,1,118,0.5315315315315315,1,92,0.4144144144144144
5384,1,98,0.44144144144144143,1,72,0.32432432432432434
5385,1,78,0.35135135135135137,1,52,0.23423423423423423
5386,1,58,0.26126126126126126,1,32,0.14414414414414414
5387,1,38,0.17117117117117117,1,12,0.05405405405405406
5388,1,24,0.10810810810810811,1,218,0.9819819819819819
5389,1,4,0.018018018018018018,1,198,0.8918918918918919
5390,1,191,0.8603603603603603,1,178,0.8018018018018018
5391,1,171,0.7702702702702703,1,158,0.7117117117117117
5392,1,151,0.6801801801801802,1,138,0.6216216216216216
5393,1,131,0.5900900900900901,1,118,0.5315315315315315
5394,1,111,0.5,1,98,0.44144144144144143
5395,1,91,0.4099099099099099,1,78,0.35135135135135137
5396,1,71,0.31981981981981983,1,58,0.26126126126126126
5397,1,51,0.22972972972972974,1,38,0.17117117117117117
5398,1,31,0.13963963963963963,1,18,0.08108108108108109
5399,1,11,0.04954954954954955,1,212,0.954954954954955
5400,1,205,0.9234234234234234,1,192,0.8648648648648649
5401,1,185,0.8333333333333334,1,172,0.7747747747747747
5402,1,165,0.7432432432432432,1,152,0.6846846846846847
5403,1,145,0.6531531531531531,1,132,0.5945945945945946
5404,1,125,0.5630630630630631,1,112,0.5045045045045045
5405,1,105,0.47297297297297297,1,92,0.4144144144144144
5406,1,85,0.38288288288288286,1,72,0.32432432432432434
5407,1,65,0.2927927927927928,1,52,0.23423423423423423
5408,1,45,0.20270270270270271,1,32,0.14414414414414414
5409,1,25,0.11261261261261261,1,12,0.05405405405405406
5410,1,78,0.35135135135135137,0,-1,-1.0
5411,1,58,0.26126126126126126,0,-1,-1.0
5412,1,38,0.17117117117117117,1,217,0.9774774774774775
5413,1,18,0.08108108108108109,1,197,0.8873873873873874
5414,1,217,0.9774774774774775,1,177,0.7972972972972973
5415,1,197,0.8873873873873874,1,157,0.7072072072072072
5416,1,177,0.7972972972972973,1,137,0.6171171171171171
5417,1,157,0.7072072072072072,1,117,0.527027027027027
5418,1,137,0.6171171171171171,1,97,0.4369369369369369
5419,1,117,0.527027027027027,1,77,0.34684684684684686
5420,1,97,0.4369369369369369,1,57,0.25675675675675674
5421,1,77,0.34684684684684686,1,37,0.16666666666666666
5422,1,57,0.25675675675675674,1,17,0.07657657657657657
5423,1,37,0.16666666666666666,1,216,0.972972972972973
5424,1,17,0.07657657657657657,1,196,0.8828828828828829
5425,1,216,0.972972972972973,1,176,0.7927927927927928
5426,1,196,0.8828828828828829,1,156,0.7027027027027027
5427,1,176,0.7927927927927928,1,136,0.6126126126126126
5428,1,156,0.7027027027027027,1,116,0.5225225225225225
5429,1,136,0.6126126126126126,1,96,0.43243243243243246
5430,1,116,0.5225225225225225,1,76,0.34234234234234234
5431,1,96,0.43243243243243246,1,56,0.25225225225225223
5432,1,76,0.34234234234234234,1,36,0.16216216216216217
5433,1,56,0.25225225225225223,1,16,0.07207207207207207
5434,1,36,0.16216216216216217,0,-1,-1.0
5435,1,16,0.07207207207207207,0,-1,-1.0
5436,0,-1,-1.0,0,-1,-1.0
5437,0,-1,-1.0,1,206,0.9279279279279279
5438,0,-1,-1.0,1,186,0.8378378378378378
5439,1,206,0.9279279279279279,1,166,0.7477477477477478
5440,1,186,0.8378378378378378,1,146,0.6576576576576577
5441,1,166,0.7477477477477478,1,126,0.5675675675675675
5442,1,146,0.6576576576576577,1,106,0.4774774774774775
5443,1,126,0.5675675675675675,1,86,0.38738738738738737
5444,1,106,0.4774774774774775,1,66,0.2972972972972973
5445,1,86,0.38738738738738737,1,46,0.2072072072072072
5446,1,66,0.2972972972972973,1,26,0.11711711711711711
5447,1,46,0.2072072072072072,1,6,0.02702702702702703
5448,1,26,0.11711711711711711,0,-1,-1.0
5449,1,6,0.02702702702702703,0,-1,-1.0
5450,0,-1,-1.0,1,214,0.963963963963964
5451,1,20,0.09009009009009009,0,-1,-1.0
5452,1,0,0.0,0,-1,-1.0
5453,0,-1,-1.0,0,-1,-1.0
5454,0,-1,-1.0,0,-1,-1.0
5455,1,221,0.9954954954954955,1,210,0.9459459459459459
5456,1,201,0.9054054054054054,1,190,0.8558558558558559
5457,1,181,0.8153153153153153,1,170,0.7657657657657657
5458,1,161,0.7252252252252253,1,150,0.6756756756756757
5459,1,141,0.6351351351351351,1,130,0.5855855855855856
5460,1,121,0.545045045045045,1,110,0.4954954954954955
5461,1,101,0.45495495495495497,1,90,0.40540540540540543
5462,1,81,0.36486486486486486,1,70,0.3153153153153153
5463,1,61,0.2747747747747748,1,50,0.22522522522522523
5464,1,41,0.18468468468468469,1,30,0.13513513513513514
5465,1,21,0.0945945945945946,1,10,0.04504504504504504
5466,1,1,0.0045045045045045045,0,-1,-1.0
5467,1,214,0.963963963963964,1,203,0.9144144144144144
5468,1,194,0.8738738738738738,1,183,0.8243243243243243
5469,1,174,0.7837837837837838,1,163,0.7342342342342343
5470,1,154,0.6936936936936937,1,143,0.6441441441441441
5471,1,134,0.6036036036036037,1,123,0.5540540540540541
5472,1,114,0.5135135135135135,1,103,0.46396396396396394
5473,1,94,0.42342342342342343,1,83,0.3738738738738739
5474,1,74,0.3333333333333333,1,63,0.28378378378378377
5475,1,54,0.24324324324324326,1,43,0.19369369369369369
5476,1,34,0.15315315315315314,1,23,0.1036036036036036
5477,1,14,0.06306306306306306,1,3,0.013513513513513514
5478,0,-1,-1.0,0,-1,-1.0
5479,0,-1,-1.0,0,-1,-1.0
5480,0,-1,-1.0,0,-1,-1.0
5481,1,84,0.3783783783783784,0,-1,-1.0
5482,1,64,0.2882882882882883,1,206,0.9279279279279279
5483,1,44,0.1981981981981982,1,186,0.8378378378378378
5484,1,24,0.10810810810810811,1,166,0.7477477477477478
5485,1,4,0.018018018018018018,1,146,0.6576576576576577
5486,1,169,0.7612612612612613,1,126,0.5675675675675675
5487,1,149,0.6711711711711712,1,106,0.4774774774774775
5488,1,129,0.581081081081081,1,86,0.38738738738738737
5489,1,109,0.49099099099099097,1,66,0.2972972972972973
5490,1,89,0.4009009009009009,1,46,0.2072072072072072
5491,1,69,0.3108108108108108,1,26,0.11711711711711711
5492,1,49,0.22072072072072071,1,6,0.02702702702702703
5493,1,29,0.13063063063063063,1,209,0.9414414414414415
5494,1,9,0.04054054054054054,1,189,0.8513513513513513
5495,1,212,0.954954954954955,1,169,0.7612612612612613
5496,1,192,0.8648648648648649,1,149,0.6711711711711712
5497,1,172,0.7747747747747747,1,129,0.581081081081081
5498,1,152,0.6846846846846847,1,109,0.49099099099099097
5499,1,132,0.5945945945945946,1,89,0.4009009009009009
5500,1,112,0.5045045045045045,1,69,0.3108108108108108
5501,1,92,0.4144144144144144,1,49,0.22072072072072071
5502,1,72,0.32432432432432434,1,29,0.13063063063063063
5503,1,52,0.23423423423423423,1,9,0.04054054054054054
5504,1,32,0.14414414414414414,0,-1,-1.0
5505,1,12,0.05405405405405406,1,205,0.9234234234234234
5506,0,-1,-1.0,1,185,0.8333333333333334
5507,1,208,0.9369369369369369,1,165,0.7432432432432432
5508,1,188,0.8468468468468469,1,145,0.6531531531531531
5509,1,168,0.7567567567567568,1,125,0.5630630630630631
5510,1,148,0.6666666666666666,1,105,0.47297297297297297
5511,1,128,0.5765765765765766,1,85,0.38288288288288286
5512,1,108,0.4864864864864865,1,65,0.2927927927927928
5513,1,88,0.3963963963963964,1,45,0.20270270270270271
5514,1,68,0.3063063063063063,1,25,0.11261261261261261
5515,1,48,0.21621621621621623,1,5,0.02252252252252252
5516,1,28,0.12612612612612611,0,-1,-1.0
5517,1,8,0.036036036036036036,0,-1,-1.0
5518,0,-1,-1.0,0,-1,-1.0
5519,0,-1,-1.0,0,-1,-1.0
5520,0,-1,-1.0,0,-1,-1.0
5521,0,-1,-1.0,0,-1,-1.0
5522,0,-1,-1.0,1,215,0.9684684684684685
5523,0,-1,-1.0,1,195,0.8783783783783784
5524,1,24,0.10810810810810811,1,198,0.8918918918918919
5525,1,4,0.018018018018018018,1,178,0.8018018018018018
5526,1,171,0.7702702702702703,1,158,0.7117117117117117
5527,1,151,0.6801801801801802,1,138,0.6216216216216216
5528,1,131,0.5900900900900901,1,118,0.5315315315315315
5529,1,111,0.5,1,98,0.44144144144144143
5530,1,91,0.4099099099099099,1,78,0.35135135135135137
5531,1,71,0.31981981981981983,1,58,0.26126126126126126
5532,1,51,0.22972972972972974,1,38,0.17117117117117117
5533,1,31,0.13963963963963963,1,18,0.08108108108108109
5534,1,11,0.04954954954954955,0,-1,-1.0
5535,1,218,0.9819819819819819,1,205,0.9234234234234234
5536,1,198,0.8918918918918919,1,185,0.8333333333333334
5537,1,178,0.8018018018018018,1,165,0.7432432432432432
5538,1,158,0.7117117117117117,1,145,0.6531531531531531
5539,1,138,0.6216216216216216,1,125,0.5630630630630631
5540,1,118,0.5315315315315315,1,105,0.47297297297297297
5541,1,98,0.44144144144144143,1,85,0.38288288288288286
5542,1,78,0.35135135135135137,1,65,0.2927927927927928
5543,1,58,0.26126126126126126,1,45,0.20270270270270271
5544,1,38,0.17117117117117117,1,25,0.11261261261261261
5545,1,18,0.08108108108108109,1,5,0.02252252252252252
5546,1,200,0.9009009009009009,1,187,0.8423423423423423
5547,1,180,0.8108108108108109,1,167,0.7522522522522522
5548,1,160,0.7207207207207207,1,147,0.6621621621621622
5549,1,140,0.6306306306306306,1,127,0.5720720720720721
5550,1,120,0.5405405405405406,1,107,0.481981981981982
5551,1,100,0.45045045045045046,1,87,0.3918918918918919
5552,1,80,0.36036036036036034,1,67,0.30180180180180183
5553,1,60,0.2702702702702703,1,47,0.21171171171171171
5554,1,40,0.18018018018018017,1,27,0.12162162162162163
5555,1,30,0.13513513513513514,1,218,0.9819819819819819
5556,1,10,0.04504504504504504,1,198,0.8918918918918919
5557,1,194,0.8738738738738738,1,178,0.8018018018018018
5558,1,174,0.7837837837837838,1,158,0.7117117117117117
5559,1,154,0.6936936936936937,1,138,0.6216216216216216
5560,1,134,0.6036036036036037,1,118,0.5315315315315315
5561,1,114,0.5135135135135135,1,98,0.44144144144144143
5562,1,94,0.42342342342342343,1,78,0.35135135135135137
5563,1,74,0.3333333333333333,1,58,0.26126126126126126
5564,1,54,0.24324324324324326,1,38,0.17117117117117117
5565,1,34,0.15315315315315314,1,18,0.08108108108108109
5566,1,14,0.06306306306306306,1,207,0.9324324324324325
5567,1,203,0.9144144144144144,1,187,0.8423423423423423
5568,1,183,0.8243243243243243,1,167,0.7522522522522522
5569,1,163,0.7342342342342343,1,147,0.6621621621621622
5570,1,143,0.6441441441441441,1,127,0.5720720720720721
5571,1,123,0.5540540540540541,1,107,0.481981981981982
5572,1,103,0.46396396396396394,1,87,0.3918918918918919
5573,1,83,0.3738738738738739,1,67,0.30180180180180183
5574,1,63,0.28378378378378377,1,47,0.21171171171171171
5575,1,43,0.19369369369369369,1,27,0.12162162162162163
5576,1,23,0.1036036036036036,1,7,0.03153153153153153
5577,1,3,0.013513513513513514,0,-1,-1.0
5578,0,-1,-1.0,0,-1,-1.0
5579,0,-1,-1.0,0,-1,-1.0
5580,0,-1,-1.0,0,-1,-1.0
5581,0,-1,-1.0,1,220,0.990990990990991
5582,1,48,0.21621621621621623,0,-1,-1.0
5583,1,28,0.12612612612612611,1,211,0.9504504504504504
5584,1,8,0.036036036036036036,1,191,0.8603603603603603
5585,1,196,0.8828828828828829,1,171,0.7702702702702703
5586,1,176,0.7927927927927928,1,151,0.6801801801801802
5587,1,156,0.7027027027027027,1,131,0.5900900900900901
5588,1,136,0.6126126126126126,1,111,0.5
5589,1,116,0.5225225225225225,1,91,0.4099099099099099
5590,1,96,0.43243243243243246,1,71,0.31981981981981983
5591,1,76,0.34234234234234234,1,51,0.22972972972972974
5592,1,56,0.25225225225225223,1,31,0.13963963963963963
5593,1,36,0.16216216216216217,1,11,0.04954954954954955
5594,1,16,0.07207207207207207,0,-1,-1.0
5595,0,-1,-1.0,0,-1,-1.0
5596,0,-1,-1.0,0,-1,-1.0
5597,0,-1,-1.0,0,-1,-1.0
5598,0,-1,-1.0,1,206,0.9279279279279279
5599,1,211,0.9504504504504504,1,186,0.8378378378378378
5600,1,191,0.8603603603603603,1,166,0.7477477477477478
5601,1,171,0.7702702702702703,1,146,0.6576576576576577
5602,1,151,0.6801801801801802,1,126,0.5675675675675675
5603,1,131,0.5900900900900901,1,106,0.4774774774774775
5604,1,111,0.5,1,86,0.38738738738738737
5605,1,91,0.4099099099099099,1,66,0.2972972972972973
5606,1,71,0.31981981981981983,1,46,0.2072072072072072
5607,1,51,0.22972972972972974,1,26,0.11711711711711711
5608,1,31,0.13963963963963963,1,6,0.02702702702702703
5609,1,11,0.04954954954954955,0,-1,-1.0
5610,0,-1,-1.0,0,-1,-1.0
5611,0,-1,-1.0,1,204,0.918918918918919
5612,1,209,0.9414414414414415,1,184,0.8288288288288288
5613,1,189,0.8513513513513513,1,164,0.7387387387387387
5614,1,169,0.7612612612612613,1,144,0.6486486486486487
5615,1,149,0.6711711711711712,1,124,0.5585585585585585
5616,1,129,0.581081081081081,1,104,0.46846846846846846
5617,1,109,0.49099099099099097,1,84,0.3783783783783784
5618,1,89,0.4009009009009009,1,64,0.2882882882882883
5619,1,69,0.3108108108108108,1,44,0.1981981981981982
5620,1,49,0.22072072072072071,1,24,0.10810810810810811
5621,1,29,0.13063063063063063,1,4,0.018018018018018018
5622,1,9,0.04054054054054054,0,-1,-1.0
5623,0,-1,-1.0,0,-1,-1.0
5624,0,-1,-1.0,1,220,0.990990990990991
5625,1,42,0.1891891891891892,0,-1,-1.0
5626,1,22,0.0990990990990991,0,-1,-1.0
5627,1,2,0.009009009009009009,0,-1,-1.0
5628,0,-1,-1.0,1,213,0.9594594594594594
5629,1,215,0.9684684684684685,1,193,0.8693693693693694
5630,1,195,0.8783783783783784,1,173,0.7792792792792793
5631,1,175,0.7882882882882883,1,153,0.6891891891891891
5632,1,155,0.6981981981981982,1,133,0.5990990990990991
5633,1,135,0.6081081081081081,1,113,0.509009009009009
5634,1,115,0.5180180180180181,1,93,0.4189189189189189
5635,1,95,0.42792792792792794,1,73,0.32882882882882886
5636,1,75,0.33783783783783783,1,53,0.23873873873873874
5637,1,55,0.24774774774774774,1,33,0.14864864864864866
5638,1,35,0.15765765765765766,1,13,0.05855855855855856
5639,1,15,0.06756756756756757,1,203,0.9144144144144144
5640,1,205,0.9234234234234234,1,183,0.8243243243243243
5641,1,185,0.8333333333333334,1,163,0.7342342342342343
5642,1,165,0.7432432432432432,1,143,0.6441441441441441
5643,1,145,0.6531531531531531,1,123,0.5540540540540541
5644,1,125,0.5630630630630631,1,103,0.46396396396396394
5645,1,105,0.47297297297297297,1,83,0.3738738738738739
5646,1,85,0.38288288288288286,1,63,0.28378378378378377
5647,1,65,0.2927927927927928,1,43,0.19369369369369369
5648,1,45,0.20270270270270271,1,23,0.1036036036036036
5649,1,25,0.11261261261261261,1,3,0.013513513513513514
5650,1,5,0.02252252252252252,1,214,0.963963963963964
5651,1,216,0.972972972972973,1,194,0.8738738738738738
5652,1,196,0.8828828828828829,1,174,0.7837837837837838
5653,1,176,0.7927927927927928,1,154,0.6936936936936937
5654,1,156,0.7027027027027027,1,134,0.6036036036036037
5655,1,136,0.6126126126126126,1,114,0.5135135135135135
5656,1,116,0.5225225225225225,1,94,0.42342342342342343
5657,1,96,0.43243243243243246,1,74,0.3333333333333333
5658,1,76,0.34234234234234234,1,54,0.24324324324324326
5659,1,56,0.25225225225225223,1,34,0.15315315315315314
5660,1,52,0.23423423423423423,1,210,0.9459459459459459
5661,1,32,0.14414414414414414,1,190,0.8558558558558559
5662,1,12,0.05405405405405406,1,170,0.7657657657657657
5663,1,177,0.7972972972972973,1,150,0.6756756756756757
5664,1,157,0.7072072072072072,1,130,0.5855855855855856
5665,1,137,0.6171171171171171,1,110,0.4954954954954955
5666,1,117,0.527027027027027,1,90,0.40540540540540543
5667,1,97,0.4369369369369369,1,70,0.3153153153153153
5668,1,77,0.34684684684684686,1,50,0.22522522522522523
5669,1,57,0.25675675675675674,1,30,0.13513513513513514
5670,1,37,0.16666666666666666,1,10,0.04504504504504504
5671,1,17,0.07657657657657657,0,-1,-1.0
5672,0,-1,-1.0,0,-1,-1.0
5673,0,-1,-1.0,1,203,0.9144144144144144
5674,1,210,0.9459459459459459,1,183,0.8243243243243243
5675,1,190,0.8558558558558559,1,163,0.7342342342342343
5676,1,170,0.7657657657657657,1,143,0.6441441441441441
5677,1,150,0.6756756756756757,1,123,0.5540540540540541
5678,1,130,0.5855855855855856,1,103,0.46396396396396394
5679,1,110,0.4954954954954955,1,83,0.3738738738738739
5680,1,90,0.40540540540540543,1,63,0.28378378378378377
5681,1,70,0.3153153153153153,1,43,0.19369369369369369
5682,1,50,0.22522522522522523,1,23,0.1036036036036036
5683,1,30,0.13513513513513514,1,3,0.013513513513513514
5684,1,10,0.04504504504504504,0,-1,-1.0
5685,0,-1,-1.0,0,-1,-1.0
5686,0,-1,-1.0,1,211,0.9504504504504504
5687,1,74,0.3333333333333333,0,-1,-1.0
5688,1,54,0.24324324324324326,0,-1,-1.0
5689,1,34,0.15315315315315314,0,-1,-1.0
5690,1,14,0.06306306306306306,1,211,0.9504504504504504
5691,0,-1,-1.0,1,191,0.8603603603603603
5692,1,209,0.9414414414414415,1,171,0.7702702702702703
5693,1,189,0.8513513513513513,1,151,0.6801801801801802
5694,1,169,0.7612612612612613,1,131,0.5900900900900901
5695,1,149,0.6711711711711712,1,111,0.5
5696,1,129,0.581081081081081,1,91,0.4099099099099099
5697,1,109,0.49099099099099097,1,71,0.31981981981981983
5698,1,89,0.4009009009009009,1,51,0.22972972972972974
5699,1,69,0.3108108108108108,1,31,0.13963963963963963
5700,1,49,0.22072072072072071,1,11,0.04954954954954955
5701,1,29,0.13063063063063063,0,-1,-1.0
5702,1,9,0.04054054054054054,0,-1,-1.0
5703,0,-1,-1.0,0,-1,-1.0
5704,0,-1,-1.0,1,216,0.972972972972973
5705,0,-1,-1.0,1,196,0.8828828828828829
5706,1,214,0.963963963963964,1,176,0.7927927927927928
5707,1,194,0.8738738738738738,1,156,0.7027027027027027
5708,1,174,0.7837837837837838,1,136,0.6126126126126126
5709,1,154,0.6936936936936937,1,116,0.5225225225225225
5710,1,134,0.6036036036036037,1,96,0.43243243243243246
5711,1,114,0.5135135135135135,1,76,0.34234234234234234
5712,1,94,0.42342342342342343,1,56,0.25225225225225223
5713,1,74,0.3333333333333333,1,36,0.16216216216216217
5714,1,54,0.24324324324324326,1,16,0.07207207207207207
5715,1,34,0.15315315315315314,1,206,0.9279279279279279
5716,1,14,0.06306306306306306,1,186,0.8378378378378378
5717,1,204,0.918918918918919,1,166,0.7477477477477478
5718,1,184,0.8288288288288288,1,146,0.6576576576576577
5719,1,164,0.7387387387387387,1,126,0.5675675675675675
5720,1,144,0.6486486486486487,1,106,0.4774774774774775
5721,1,124,0.5585585585585585,1,86,0.38738738738738737
5722,1,104,0.46846846846846846,1,66,0.2972972972972973
5723,1,84,0.3783783783783784,1,46,0.2072072072072072
5724,1,64,0.2882882882882883,1,26,0.11711711711711711
5725,1,44,0.1981981981981982,1,6,0.02702702702702703
5726,1,24,0.10810810810810811,0,-1,-1.0
5727,1,4,0.018018018018018018,0,-1,-1.0
5728,0,-1,-1.0,0,-1,-1.0
5729,1,74,0.3333333333333333,0,-1,-1.0
5730,1,54,0.24324324324324326,0,-1,-1.0
5731,1,34,0.15315315315315314,0,-1,-1.0
5732,1,14,0.06306306306306306,0,-1,-1.0
5733,0,-1,-1.0,0,-1,-1.0
5734,0,-1,-1.0,1,221,0.9954954954954955
5735,0,-1,-1.0,1,201,0.9054054054054054
5736,1,219,0.9864864864864865,1,181,0.8153153153153153
5737,1,199,0.8963963963963963,1,161,0.7252252252252253
5738,1,179,0.8063063063063063,1,141,0.6351351351351351
5739,1,159,0.7162162162162162,1,121,0.545045045045045
5740,1,139,0.6261261261261262,1,101,0.45495495495495497
5741,1,119,0.536036036036036,1,81,0.36486486486486486
5742,1,99,0.44594594594594594,1,61,0.2747747747747748
5743,1,79,0.35585585585585583,1,41,0.18468468468468469
5744,1,59,0.26576576576576577,1,21,0.0945945945945946
5745,1,39,0.17567567567567569,1,1,0.0045045045045045045
5746,1,19,0.08558558558558559,1,180,0.8108108108108109
5747,1,198,0.8918918918918919,1,160,0.7207207207207207
5748,1,178,0.8018018018018018,1,140,0.6306306306306306
5749,1,158,0.7117117117117117,1,120,0.5405405405405406
5750,1,138,0.6216216216216216,1,100,0.45045045045045046
5751,1,118,0.5315315315315315,1,80,0.36036036036036034
5752,1,98,0.44144144144144143,1,60,0.2702702702702703
5753,1,78,0.35135135135135137,1,40,0.18018018018018017
5754,1,58,0.26126126126126126,1,20,0.09009009009009009
5755,1,38,0.17117117117117117,1,0,0.0
5756,1,18,0.08108108108108109,0,-1,-1.0
5757,0,-1,-1.0,1,216,0.972972972972973
5758,0,-1,-1.0,1,196,0.8828828828828829
5759,1,214,0.963963963963964,1,176,0.7927927927927928
5760,1,194,0.8738738738738738,1,156,0.7027027027027027
5761,1,174,0.7837837837837838,1,136,0.6126126126126126
5762,1,154,0.6936936936936937,1,116,0.5225225225225225
5763,1,134,0.6036036036036037,1,96,0.43243243243243246
5764,1,114,0.5135135135135135,1,76,0.34234234234234234
5765,1,94,0.42342342342342343,1,56,0.25225225225225223
5766,1,74,0.3333333333333333,1,36,0.16216216216216217
5767,1,54,0.24324324324324326,1,16,0.07207207207207207
5768,1,34,0.15315315315315314,0,-1,-1.0
5769,1,14,0.06306306306306306,0,-1,-1.0
5770,0,-1,-1.0,0,-1,-1.0
5771,0,-1,-1.0,0,-1,-1.0
5772,0,-1,-1.0,1,205,0.9234234234234234
5773,1,46,0.2072072072072072,0,-1,-1.0
5774,1,26,0.11711711711711711,0,-1,-1.0
5775,1,6,0.02702702702702703,0,-1,-1.0
5776,0,-1,-1.0,1,204,0.918918918918919
5777,1,208,0.9369369369369369,1,184,0.8288288288288288
5778,1,188,0.8468468468468469,1,164,0.7387387387387387
5779,1,168,0.7567567567567568,1,144,0.6486486486486487
5780,1,148,0.6666666666666666,1,124,0.5585585585585585
5781,1,128,0.5765765765765766,1,104,0.46846846846846846
5782,1,108,0.4864864864864865,1,84,0.3783783783783784
5783,1,88,0.3963963963963964,1,64,0.2882882882882883
5784,1,68,0.3063063063063063,1,44,0.1981981981981982
5785,1,48,0.21621621621621623,1,24,0.10810810810810811
5786,1,28,0.12612612612612611,1,4,0.018018018018018018
5787,1,8,0.036036036036036036,1,197,0.8873873873873874
5788,1,201,0.9054054054054054,1,177,0.7972972972972973
5789,1,181,0.8153153153153153,1,157,0.7072072072072072
5790,1,161,0.7252252252252253,1,137,0.6171171171171171
5791,1,141,0.6351351351351351,1,117,0.527027027027027
5792,1,121,0.545045045045045,1,97,0.4369369369369369
5793,1,101,0.45495495495495497,1,77,0.34684684684684686
5794,1,81,0.36486486486486486,1,57,0.25675675675675674
5795,1,61,0.2747747747747748,1,37,0.16666666666666666
5796,1,41,0.18468468468468469,1,17,0.07657657657657657
5797,1,21,0.0945945945945946,0,-1,-1.0
5798,1,1,0.0045045045045045045,0,-1,-1.0
5799,0,-1,-1.0,1,219,0.9864864864864865
5800,1,20,0.09009009009009009,1,162,0.7297297297297297
5801,1,0,0.0,1,142,0.6396396396396397
5802,1,133,0.5990990990990991,1,122,0.5495495495495496
5803,1,113,0.509009009009009,1,102,0.4594594594594595
5804,1,93,0.4189189189189189,1,82,0.36936936936936937
5805,1,73,0.32882882882882886,1,62,0.27927927927927926
5806,1,53,0.23873873873873874,1,42,0.1891891891891892
5807,1,33,0.14864864864864866,1,22,0.0990990990990991
5808,1,13,0.05855855855855856,1,2,0.009009009009009009
5809,1,153,0.6891891891891891,1,142,0.6396396396396397
5810,1,133,0.5990990990990991,1,122,0.5495495495495496
5811,1,113,0.509009009009009,1,102,0.4594594594594595
5812,1,93,0.4189189189189189,1,82,0.36936936936936937
5813,1,73,0.32882882882882886,1,62,0.27927927927927926
5814,1,53,0.23873873873873874,1,42,0.1891891891891892
5815,1,33,0.14864864864864866,1,22,0.0990990990990991
5816,1,13,0.05855855855855856,1,2,0.009009009009009009
5817,1,153,0.6891891891891891,1,142,0.6396396396396397
5818,1,133,0.5990990990990991,1,122,0.5495495495495496
5819,1,113,0.509009009009009,1,102,0.4594594594594595
5820,1,93,0.4189189189189189,1,82,0.36936936936936937
5821,1,73,0.32882882882882886,1,62,0.27927927927927926
5822,1,53,0.23873873873873874,1,42,0.1891891891891892
5823,1,33,0.14864864864864866,1,22,0.0990990990990991
5824,1,13,0.05855855855855856,1,2,0.009009009009009009
5825,0,-1,-1.0,1,201,0.9054054054054054
5826,0,-1,-1.0,1,181,0.8153153153153153
5827,1,54,0.24324324324324326,0,-1,-1.0
5828,1,34,0.15315315315315314,0,-1,-1.0
5829,1,14,0.06306306306306306,0,-1,-1.0
5830,0,-1,-1.0,0,-1,-1.0
5831,0,-1,-1.0,1,216,0.972972972972973
5832,0,-1,-1.0,1,196,0.8828828828828829
5833,1,204,0.918918918918919,1,176,0.7927927927927928
5834,1,184,0.8288288288288288,1,156,0.7027027027027027
5835,1,164,0.7387387387387387,1,136,0.6126126126126126
5836,1,144,0.6486486486486487,1,116,0.5225225225225225
5837,1,124,0.5585585585585585,1,96,0.43243243243243246
5838,1,104,0.46846846846846846,1,76,0.34234234234234234
5839,1,84,0.3783783783783784,1,56,0.25225225225225223
5840,1,64,0.2882882882882883,1,36,0.16216216216216217
5841,1,44,0.1981981981981982,1,16,0.07207207207207207
5842,1,24,0.10810810810810811,1,173,0.7792792792792793
5843,1,4,0.018018018018018018,1,153,0.6891891891891891
5844,1,161,0.7252252252252253,1,133,0.5990990990990991
5845,1,141,0.6351351351351351,1,113,0.509009009009009
5846,1,121,0.545045045045045,1,93,0.4189189189189189
5847,1,101,0.45495495495495497,1,73,0.32882882882882886
5848,1,81,0.36486486486486486,1,53,0.23873873873873874
5849,1,61,0.2747747747747748,1,33,0.14864864864864866
5850,1,41,0.18468468468468469,1,13,0.05855855855855856
5851,1,21,0.0945945945945946,1,210,0.9459459459459459
5852,1,50,0.22522522522522523,0,-1,-1.0
5853,1,30,0.13513513513513514,1,220,0.990990990990991
5854,1,10,0.04504504504504504,1,200,0.9009009009009009
5855,1,206,0.9279279279279279,1,180,0.8108108108108109
5856,1,186,0.8378378378378378,1,160,0.7207207207207207
5857,1,166,0.7477477477477478,1,140,0.6306306306306306
5858,1,146,0.6576576576576577,1,120,0.5405405405405406
5859,1,126,0.5675675675675675,1,100,0.45045045045045046
5860,1,106,0.4774774774774775,1,80,0.36036036036036034
5861,1,86,0.38738738738738737,1,60,0.2702702702702703
5862,1,66,0.2972972972972973,1,40,0.18018018018018017
5863,1,46,0.2072072072072072,1,20,0.09009009009009009
5864,1,26,0.11711711711711711,1,0,0.0
5865,1,6,0.02702702702702703,0,-1,-1.0
5866,0,-1,-1.0,0,-1,-1.0
5867,0,-1,-1.0,0,-1,-1.0
5868,0,-1,-1.0,1,216,0.972972972972973
5869,1,222,1.0,1,196,0.8828828828828829
5870,1,202,0.9099099099099099,1,176,0.7927927927927928
5871,1,182,0.8198198198198198,1,156,0.7027027027027027
5872,1,162,0.7297297297297297,1,136,0.6126126126126126
5873,1,142,0.6396396396396397,1,116,0.5225225225225225
5874,1,122,0.5495495495495496,1,96,0.43243243243243246
5875,1,102,0.4594594594594595,1,76,0.34234234234234234
5876,1,82,0.36936936936936937,1,56,0.25225225225225223
5877,1,62,0.27927927927927926,1,36,0.16216216216216217
5878,1,42,0.1891891891891892,1,16,0.07207207207207207
5879,1,22,0.0990990990990991,0,-1,-1.0
5880,1,2,0.009009009009009009,0,-1,-1.0
5881,0,-1,-1.0,1,218,0.9819819819819819
5882,0,-1,-1.0,1,198,0.8918918918918919
5883,1,204,0.918918918918919,1,178,0.8018018018018018
5884,1,184,0.8288288288288288,1,158,0.7117117117117117
5885,1,164,0.7387387387387387,1,138,0.6216216216216216
5886,1,144,0.6486486486486487,1,118,0.5315315315315315
5887,1,124,0.5585585585585585,1,98,0.44144144144144143
5888,1,104,0.46846846846846846,1,78,0.35135135135135137
5889,1,84,0.3783783783783784,1,58,0.26126126126126126
5890,1,64,0.2882882882882883,1,38,0.17117117117117117
5891,1,44,0.1981981981981982,1,18,0.08108108108108109
5892,1,24,0.10810810810810811,0,-1,-1.0
5893,1,4,0.018018018018018018,1,205,0.9234234234234234
5894,1,76,0.34234234234234234,0,-1,-1.0
5895,1,56,0.25225225225225223,0,-1,-1.0
5896,1,36,0.16216216216216217,0,-1,-1.0
5897,1,16,0.07207207207207207,0,-1,-1.0
5898,0,-1,-1.0,1,205,0.9234234234234234
5899,0,-1,-1.0,1,185,0.8333333333333334
5900,1,204,0.918918918918919,1,165,0.7432432432432432
5901,1,184,0.8288288288288288,1,145,0.6531531531531531
5902,1,164,0.7387387387387387,1,125,0.5630630630630631
5903,1,144,0.6486486486486487,1,105,0.47297297297297297
5904,1,124,0.5585585585585585,1,85,0.38288288288288286
5905,1,104,0.46846846846846846,1,65,0.2927927927927928
5906,1,84,0.3783783783783784,1,45,0.20270270270270271
5907,1,64,0.2882882882882883,1,25,0.11261261261261261
5908,1,44,0.1981981981981982,1,5,0.02252252252252252
5909,1,24,0.10810810810810811,1,207,0.9324324324324325
5910,1,4,0.018018018018018018,1,187,0.8423423423423423
5911,1,206,0.9279279279279279,1,167,0.7522522522522522
5912,1,186,0.8378378378378378,1,147,0.6621621621621622
5913,1,166,0.7477477477477478,1,127,0.5720720720720721
5914,1,146,0.6576576576576577,1,107,0.481981981981982
5915,1,126,0.5675675675675675,1,87,0.3918918918918919
5916,1,106,0.4774774774774775,1,67,0.30180180180180183
5917,1,86,0.38738738738738737,1,47,0.21171171171171171
5918,1,66,0.2972972972972973,1,27,0.12162162162162163
5919,1,46,0.2072072072072072,1,7,0.03153153153153153
5920,1,26,0.11711711711711711,0,-1,-1.0
5921,1,6,0.02702702702702703,1,215,0.9684684684684685
5922,1,50,0.22522522522522523,0,-1,-1.0
5923,1,30,0.13513513513513514,0,-1,-1.0
5924,1,10,0.04504504504504504,0,-1,-1.0
5925,0,-1,-1.0,1,213,0.9594594594594594
5926,1,219,0.9864864864864865,1,193,0.8693693693693694
5927,1,199,0.8963963963963963,1,173,0.7792792792792793
5928,1,179,0.8063063063063063,1,153,0.6891891891891891
5929,1,159,0.7162162162162162,1,133,0.5990990990990991
5930,1,139,0.6261261261261262,1,113,0.509009009009009
5931,1,119,0.536036036036036,1,93,0.4189189189189189
5932,1,99,0.44594594594594594,1,73,0.32882882882882886
5933,1,79,0.35585585585585583,1,53,0.23873873873873874
5934,1,59,0.26576576576576577,1,33,0.14864864864864866
5935,1,39,0.17567567567567569,1,13,0.05855855855855856
5936,1,19,0.08558558558558559,0,-1,-1.0
5937,0,-1,-1.0,0,-1,-1.0
5938,0,-1,-1.0,0,-1,-1.0
5939,0,-1,-1.0,1,215,0.9684684684684685
5940,1,221,0.9954954954954955,1,195,0.8783783783783784
5941,1,201,0.9054054054054054,1,175,0.7882882882882883
5942,1,181,0.8153153153153153,1,155,0.6981981981981982
5943,1,161,0.7252252252252253,1,135,0.6081081081081081
5944,1,141,0.6351351351351351,1,115,0.5180180180180181
5945,1,121,0.545045045045045,1,95,0.42792792792792794
5946,1,101,0.45495495495495497,1,75,0.33783783783783783
5947,1,81,0.36486486486486486,1,55,0.24774774774774774
5948,1,61,0.2747747747747748,1,35,0.15765765765765766
5949,1,41,0.18468468468468469,1,15,0.06756756756756757
5950,1,21,0.0945945945945946,0,-1,-1.0
5951,1,1,0.0045045045045045045,0,-1,-1.0
5952,0,-1,-1.0,0,-1,-1.0
5953,0,-1,-1.0,1,213,0.9594594594594594
5954,0,-1,-1.0,1,193,0.8693693693693694
5955,1,28,0.12612612612612611,0,-1,-1.0
5956,1,8,0.036036036036036036,1,212,0.954954954954955
5957,1,207,0.9324324324324325,1,192,0.8648648648648649
5958,1,187,0.8423423423423423,1,172,0.7747747747747747
5959,1,167,0.7522522522522522,1,152,0.6846846846846847
5960,1,147,0.6621621621621622,1,132,0.5945945945945946
5961,1,127,0.5720720720720721,1,112,0.5045045045045045
5962,1,107,0.481981981981982,1,92,0.4144144144144144
5963,1,87,0.3918918918918919,1,72,0.32432432432432434
5964,1,67,0.30180180180180183,1,52,0.23423423423423423
5965,1,47,0.21171171171171171,1,32,0.14414414414414414
5966,1,27,0.12162162162162163,1,12,0.05405405405405406
5967,1,7,0.03153153153153153,1,189,0.8513513513513513
5968,1,184,0.8288288288288288,1,169,0.7612612612612613
5969,1,164,0.7387387387387387,1,149,0.6711711711711712
5970,1,144,0.6486486486486487,1,129,0.581081081081081
5971,1,124,0.5585585585585585,1,109,0.49099099099099097
5972,1,104,0.46846846846846846,1,89,0.4009009009009009
5973,1,84,0.3783783783783784,1,69,0.3108108108108108
5974,1,64,0.2882882882882883,1,49,0.22072072072072071
5975,1,44,0.1981981981981982,1,29,0.13063063063063063
5976,1,24,0.10810810810810811,1,9,0.04054054054054054
5977,1,4,0.018018018018018018,0,-1,-1.0
5978,0,-1,-1.0,1,222,1.0
5979,1,217,0.9774774774774775,1,202,0.9099099099099099
5980,1,197,0.8873873873873874,1,182,0.8198198198198198
5981,1,177,0.7972972972972973,1,162,0.7297297297297297
5982,1,157,0.7072072072072072,1,142,0.6396396396396397
5983,1,137,0.6171171171171171,1,122,0.5495495495495496
5984,1,117,0.527027027027027,1,102,0.4594594594594595
5985,1,97,0.4369369369369369,1,82,0.36936936936936937
5986,1,77,0.34684684684684686,1,62,0.27927927927927926
5987,1,57,0.25675675675675674,1,42,0.1891891891891892
5988,1,37,0.16666666666666666,1,22,0.0990990990990991
5989,1,17,0.07657657657657657,1,2,0.009009009009009009
5990,0,-1,-1.0,0,-1,-1.0
5991,0,-1,-1.0,1,204,0.918918918918919
5992,1,30,0.13513513513513514,0,-1,-1.0
5993,1,10,0.04504504504504504,0,-1,-1.0
5994,0,-1,-1.0,1,220,0.990990990990991
5995,1,216,0.972972972972973,1,200,0.9009009009009009
5996,1,196,0.8828828828828829,1,180,0.8108108108108109
5997,1,176,0.7927927927927928,1,160,0.7207207207207207
5998,1,156,0.7027027027027027,1,140,0.6306306306306306
5999,1,136,0.6126126126126126,1,120,0.5405405405405406
6000,1,116,0.5225225225225225,1,100,0.45045045045045046
6001,1,96,0.43243243243243246,1,80,0.36036036036036034
6002,1,76,0.34234234234234234,1,60,0.2702702702702703
6003,1,56,0.25225225225225223,1,40,0.18018018018018017
6004,1,36,0.16216216216216217,1,20,0.09009009009009009
6005,1,16,0.07207207207207207,1,0,0.0
6006,1,158,0.7117117117117117,1,142,0.6396396396396397
6007,1,138,0.6216216216216216,1,122,0.5495495495495496
6008,1,118,0.5315315315315315,1,102,0.4594594594594595
6009,1,98,0.44144144144144143,1,82,0.36936936936936937
6010,1,78,0.35135135135135137,1,62,0.27927927927927926
6011,1,58,0.26126126126126126,1,42,0.1891891891891892
6012,1,38,0.17117117117117117,1,22,0.0990990990990991
6013,1,18,0.08108108108108109,1,2,0.009009009009009009
6014,0,-1,-1.0,0,-1,-1.0
6015,0,-1,-1.0,1,222,1.0
6016,0,-1,-1.0,1,202,0.9099099099099099
6017,1,30,0.13513513513513514,0,-1,-1.0
6018,1,10,0.04504504504504504,0,-1,-1.0
6019,0,-1,-1.0,0,-1,-1.0
6020,0,-1,-1.0,0,-1,-1.0
6021,0,-1,-1.0,1,210,0.9459459459459459
6022,1,206,0.9279279279279279,1,190,0.8558558558558559
6023,1,186,0.8378378378378378,1,170,0.7657657657657657
6024,1,166,0.7477477477477478,1,150,0.6756756756756757
6025,1,146,0.6576576576576577,1,130,0.5855855855855856
6026,1,126,0.5675675675675675,1,110,0.4954954954954955
6027,1,106,0.4774774774774775,1,90,0.40540540540540543
6028,1,86,0.38738738738738737,1,70,0.3153153153153153
6029,1,66,0.2972972972972973,1,50,0.22522522522522523
6030,1,46,0.2072072072072072,1,30,0.13513513513513514
6031,1,26,0.11711711711711711,1,10,0.04504504504504504
6032,1,6,0.02702702702702703,0,-1,-1.0
6033,0,-1,-1.0,0,-1,-1.0
6034,0,-1,-1.0,0,-1,-1.0
6035,0,-1,-1.0,0,-1,-1.0
6036,0,-1,-1.0,1,217,0.9774774774774775
6037,1,213,0.9594594594594594,1,197,0.8873873873873874
6038,1,193,0.8693693693693694,1,177,0.7972972972972973
6039,1,173,0.7792792792792793,1,157,0.7072072072072072
6040,1,153,0.6891891891891891,1,137,0.6171171171171171
6041,1,133,0.5990990990990991,1,117,0.527027027027027
6042,1,113,0.509009009009009,1,97,0.4369369369369369
6043,1,93,0.4189189189189189,1,77,0.34684684684684686
6044,1,73,0.32882882882882886,1,57,0.25675675675675674
6045,1,53,0.23873873873873874,1,37,0.16666666666666666
6046,1,33,0.14864864864864866,1,17,0.07657657657657657
6047,1,13,0.05855855855855856,0,-1,-1.0
6048,0,-1,-1.0,0,-1,-1.0
6049,0,-1,-1.0,0,-1,-1.0
6050,0,-1,-1.0,1,209,0.9414414414414415
6051,1,205,0.9234234234234234,1,189,0.8513513513513513
6052,1,185,0.8333333333333334,1,169,0.7612612612612613
6053,1,165,0.7432432432432432,1,149,0.6711711711711712
6054,1,145,0.6531531531531531,1,129,0.581081081081081
6055,1,125,0.5630630630630631,1,109,0.49099099099099097
6056,1,105,0.47297297297297297,1,89,0.4009009009009009
6057,1,85,0.38288288288288286,1,69,0.3108108108108108
6058,1,65,0.2927927927927928,1,49,0.22072072072072071
6059,1,45,0.20270270270270271,1,29,0.13063063063063063
6060,1,25,0.11261261261261261,1,9,0.04054054054054054
6061,1,5,0.02252252252252252,0,-1,-1.0
6062,0,-1,-1.0,1,215,0.9684684684684685
6063,1,80,0.36036036036036034,0,-1,-1.0
6064,1,60,0.2702702702702703,0,-1,-1.0
6065,1,40,0.18018018018018017,0,-1,-1.0
6066,1,20,0.09009009009009009,1,208,0.9369369369369369
6067,1,0,0.0,1,188,0.8468468468468469
6068,1,209,0.9414414414414415,1,168,0.7567567567567568
6069,1,189,0.8513513513513513,1,148,0.6666666666666666
6070,1,169,0.7612612612612613,1,128,0.5765765765765766
6071,1,149,0.6711711711711712,1,108,0.4864864864864865
6072,1,129,0.581081081081081,1,88,0.3963963963963964
6073,1,109,0.49099099099099097,1,68,0.3063063063063063
6074,1,89,0.4009009009009009,1,48,0.21621621621621623
6075,1,69,0.3108108108108108,1,28,0.12612612612612611
6076,1,49,0.22072072072072071,1,8,0.036036036036036036
6077,1,29,0.13063063063063063,0,-1,-1.0
6078,1,9,0.04054054054054054,0,-1,-1.0
6079,0,-1,-1.0,1,219,0.9864864864864865
6080,0,-1,-1.0,1,199,0.8963963963963963
6081,1,220,0.990990990990991,1,179,0.8063063063063063
6082,1,200,0.9009009009009009,1,159,0.7162162162162162
6083,1,180,0.8108108108108109,1,139,0.6261261261261262
6084,1,160,0.7207207207207207,1,119,0.536036036036036
6085,1,140,0.6306306306306306,1,99,0.44594594594594594
6086,1,120,0.5405405405405406,1,79,0.35585585585585583
6087,1,100,0.45045045045045046,1,59,0.26576576576576577
6088,1,80,0.36036036036036034,1,39,0.17567567567567569
6089,1,60,0.2702702702702703,1,19,0.08558558558558559
6090,1,74,0.3333333333333333,0,-1,-1.0
6091,1,54,0.24324324324324326,0,-1,-1.0
6092,1,34,0.15315315315315314,0,-1,-1.0
6093,1,14,0.06306306306306306,0,-1,-1.0
6094,0,-1,-1.0,0,-1,-1.0
6095,0,-1,-1.0,0,-1,-1.0
6096,0,-1,-1.0,0,-1,-1.0
6097,0,-1,-1.0,0,-1,-1.0
6098,0,-1,-1.0,1,211,0.9504504504504504
6099,0,-1,-1.0,1,191,0.8603603603603603
6100,1,209,0.9414414414414415,1,171,0.7702702702702703
6101,1,189,0.8513513513513513,1,151,0.6801801801801802
6102,1,169,0.7612612612612613,1,131,0.5900900900900901
6103,1,149,0.6711711711711712,1,111,0.5
6104,1,129,0.581081081081081,1,91,0.4099099099099099
6105,1,109,0.49099099099099097,1,71,0.31981981981981983
6106,1,89,0.4009009009009009,1,51,0.22972972972972974
6107,1,69,0.3108108108108108,1,31,0.13963963963963963
6108,1,49,0.22072072072072071,1,11,0.04954954954954955
6109,1,29,0.13063063063063063,1,166,0.7477477477477478
6110,1,9,0.04054054054054054,1,146,0.6576576576576577
6111,1,164,0.7387387387387387,1,126,0.5675675675675675
6112,1,144,0.6486486486486487,1,106,0.4774774774774775
6113,1,124,0.5585585585585585,1,86,0.38738738738738737
6114,1,104,0.46846846846846846,1,66,0.2972972972972973
6115,1,84,0.3783783783783784,1,46,0.2072072072072072
6116,1,64,0.2882882882882883,1,26,0.11711711711711711
6117,1,44,0.1981981981981982,1,6,0.02702702702702703
6118,1,24,0.10810810810810811,0,-1,-1.0
6119,1,4,0.018018018018018018,0,-1,-1.0
6120,0,-1,-1.0,0,-1,-1.0
6121,0,-1,-1.0,0,-1,-1.0
6122,0,-1,-1.0,1,211,0.9504504504504504
6123,1,42,0.1891891891891892,0,-1,-1.0
6124,1,22,0.0990990990990991,0,-1,-1.0
6125,1,2,0.009009009009009009,1,219,0.9864864864864865
6126,1,221,0.9954954954954955,1,199,0.8963963963963963
6127,1,201,0.9054054054054054,1,179,0.8063063063063063
6128,1,181,0.8153153153153153,1,159,0.7162162162162162
6129,1,161,0.7252252252252253,1,139,0.6261261261261262
6130,1,141,0.6351351351351351,1,119,0.536036036036036
6131,1,121,0.545045045045045,1,99,0.44594594594594594
6132,1,101,0.45495495495495497,1,79,0.35585585585585583
6133,1,81,0.36486486486486486,1,59,0.26576576576576577
6134,1,61,0.2747747747747748,1,39,0.17567567567567569
6135,1,41,0.18468468468468469,1,19,0.08558558558558559
6136,1,21,0.0945945945945946,0,-1,-1.0
6137,1,1,0.0045045045045045045,1,219,0.9864864864864865
6138,1,221,0.9954954954954955,1,199,0.8963963963963963
6139,1,201,0.9054054054054054,1,179,0.8063063063063063
6140,1,181,0.8153153153153153,1,159,0.7162162162162162
6141,1,161,0.7252252252252253,1,139,0.6261261261261262
6142,1,141,0.6351351351351351,1,119,0.536036036036036
6143,1,121,0.545045045045045,1,99,0.44594594594594594
6144,1,101,0.45495495495495497,1,79,0.35585585585585583
6145,1,81,0.36486486486486486,1,59,0.26576576576576577
6146,1,61,0.2747747747747748,1,39,0.17567567567567569
6147,1,41,0.18468468468468469,1,19,0.08558558558558559
6148,1,21,0.0945945945945946,0,-1,-1.0
6149,1,1,0.0045045045045045045,0,-1,-1.0
6150,0,-1,-1.0,0,-1,-1.0
6151,0,-1,-1.0,0,-1,-1.0
6152,0,-1,-1.0,1,214,0.963963963963964
6153,0,-1,-1.0,1,194,0.8738738738738738
6154,1,40,0.18018018018018017,1,212,0.954954954954955
6155,1,20,0.09009009009009009,1,192,0.8648648648648649
6156,1,0,0.0,1,172,0.7747747747747747
6157,1,173,0.7792792792792793,1,152,0.6846846846846847
6158,1,153,0.6891891891891891,1,132,0.5945945945945946
6159,1,133,0.5990990990990991,1,112,0.5045045045045045
6160,1,113,0.509009009009009,1,92,0.4144144144144144
6161,1,93,0.4189189189189189,1,72,0.32432432432432434
6162,1,73,0.32882882882882886,1,52,0.23423423423423423
6163,1,53,0.23873873873873874,1,32,0.14414414414414414
6164,1,33,0.14864864864864866,1,12,0.05405405405405406
6165,1,13,0.05855855855855856,0,-1,-1.0
6166,0,-1,-1.0,1,216,0.972972972972973
6167,1,217,0.9774774774774775,1,196,0.8828828828828829
6168,1,197,0.8873873873873874,1,176,0.7927927927927928
6169,1,177,0.7972972972972973,1,156,0.7027027027027027
6170,1,157,0.7072072072072072,1,136,0.6126126126126126
6171,1,137,0.6171171171171171,1,116,0.5225225225225225
6172,1,117,0.527027027027027,1,96,0.43243243243243246
6173,1,97,0.4369369369369369,1,76,0.34234234234234234
6174,1,77,0.34684684684684686,1,56,0.25225225225225223
6175,1,57,0.25675675675675674,1,36,0.16216216216216217
6176,1,37,0.16666666666666666,1,16,0.07207207207207207
6177,1,17,0.07657657657657657,0,-1,-1.0
6178,0,-1,-1.0,0,-1,-1.0
6179,0,-1,-1.0,0,-1,-1.0
6180,0,-1,-1.0,1,209,0.9414414414414415
6181,1,210,0.9459459459459459,1,189,0.8513513513513513
6182,1,190,0.8558558558558559,1,169,0.7612612612612613
6183,1,170,0.7657657657657657,1,149,0.6711711711711712
6184,1,150,0.6756756756756757,1,129,0.581081081081081
6185,1,130,0.5855855855855856,1,109,0.49099099099099097
6186,1,110,0.4954954954954955,1,89,0.4009009009009009
6187,1,90,0.40540540540540543,1,69,0.3108108108108108
6188,1,70,0.3153153153153153,1,49,0.22072072072072071
6189,1,50,0.22522522522522523,1,29,0.13063063063063063
6190,1,30,0.13513513513513514,1,9,0.04054054054054054
6191,1,10,0.04504504504504504,1,221,0.9954954954954955
6192,0,-1,-1.0,1,201,0.9054054054054054
6193,1,50,0.22522522522522523,0,-1,-1.0
6194,1,30,0.13513513513513514,0,-1,-1.0
6195,1,10,0.04504504504504504,0,-1,-1.0
6196,0,-1,-1.0,0,-1,-1.0
6197,0,-1,-1.0,0,-1,-1.0
6198,0,-1,-1.0,0,-1,-1.0
6199,0,-1,-1.0,1,214,0.963963963963964
6200,1,220,0.990990990990991,1,194,0.8738738738738738
6201,1,200,0.9009009009009009,1,174,0.7837837837837838
6202,1,180,0.8108108108108109,1,154,0.6936936936936937
6203,1,160,0.7207207207207207,1,134,0.6036036036036037
6204,1,140,0.6306306306306306,1,114,0.5135135135135135
6205,1,120,0.5405405405405406,1,94,0.42342342342342343
6206,1,100,0.45045045045045046,1,74,0.3333333333333333
6207,1,80,0.36036036036036034,1,54,0.24324324324324326
6208,1,60,0.2702702702702703,1,34,0.15315315315315314
6209,1,40,0.18018018018018017,1,14,0.06306306306306306
6210,1,20,0.09009009009009009,0,-1,-1.0
6211,1,0,0.0,0,-1,-1.0
6212,0,-1,-1.0,0,-1,-1.0
6213,0,-1,-1.0,0,-1,-1.0
6214,0,-1,-1.0,0,-1,-1.0
6215,0,-1,-1.0,0,-1,-1.0
6216,0,-1,-1.0,1,212,0.954954954954955
6217,1,218,0.9819819819819819,1,192,0.8648648648648649
6218,1,198,0.8918918918918919,1,172,0.7747747747747747
6219,1,178,0.8018018018018018,1,152,0.6846846846846847
6220,1,158,0.7117117117117117,1,132,0.5945945945945946
6221,1,138,0.6216216216216216,1,112,0.5045045045045045
6222,1,118,0.5315315315315315,1,92,0.4144144144144144
6223,1,98,0.44144144144144143,1,72,0.32432432432432434
6224,1,78,0.35135135135135137,1,52,0.23423423423423423
6225,1,58,0.26126126126126126,1,32,0.14414414414414414
6226,1,38,0.17117117117117117,1,12,0.05405405405405406
6227,1,18,0.08108108108108109,0,-1,-1.0
6228,0,-1,-1.0,0,-1,-1.0
6229,0,-1,-1.0,0,-1,-1.0
6230,0,-1,-1.0,1,209,0.9414414414414415
6231,1,215,0.9684684684684685,1,189,0.8513513513513513
6232,1,195,0.8783783783783784,1,169,0.7612612612612613
6233,1,175,0.7882882882882883,1,149,0.6711711711711712
6234,1,155,0.6981981981981982,1,129,0.581081081081081
6235,1,135,0.6081081081081081,1,109,0.49099099099099097
6236,1,115,0.5180180180180181,1,89,0.4009009009009009
6237,1,95,0.42792792792792794,1,69,0.3108108108108108
6238,1,75,0.33783783783783783,1,49,0.22072072072072071
6239,1,55,0.24774774774774774,1,29,0.13063063063063063
6240,1,22,0.0990990990990991,0,-1,-1.0
6241,1,2,0.009009009009009009,0,-1,-1.0
6242,0,-1,-1.0,0,-1,-1.0
6243,0,-1,-1.0,1,216,0.972972972972973
6244,1,208,0.9369369369369369,1,196,0.8828828828828829
6245,1,188,0.8468468468468469,1,176,0.7927927927927928
6246,1,168,0.7567567567567568,1,156,0.7027027027027027
6247,1,148,0.6666666666666666,1,136,0.6126126126126126
6248,1,128,0.5765765765765766,1,116,0.5225225225225225
6249,1,108,0.4864864864864865,1,96,0.43243243243243246
6250,1,88,0.3963963963963964,1,76,0.34234234234234234
6251,1,68,0.3063063063063063,1,56,0.25225225225225223
6252,1,48,0.21621621621621623,1,36,0.16216216216216217
6253,1,28,0.12612612612612611,1,16,0.07207207207207207
6254,1,8,0.036036036036036036,0,-1,-1.0
6255,0,-1,-1.0,0,-1,-1.0
6256,0,-1,-1.0,1,216,0.972972972972973
6257,1,208,0.9369369369369369,1,196,0.8828828828828829
6258,1,188,0.8468468468468469,1,176,0.7927927927927928
6259,1,168,0.7567567567567568,1,156,0.7027027027027027
6260,1,148,0.6666666666666666,1,136,0.6126126126126126
6261,1,128,0.5765765765765766,1,116,0.5225225225225225
6262,1,108,0.4864864864864865,1,96,0.43243243243243246
6263,1,88,0.3963963963963964,1,76,0.34234234234234234
6264,1,68,0.3063063063063063,1,56,0.25225225225225223
6265,1,48,0.21621621621621623,1,36,0.16216216216216217
6266,1,28,0.12612612612612611,1,16,0.07207207207207207
6267,1,8,0.036036036036036036,0,-1,-1.0
6268,0,-1,-1.0,0,-1,-1.0
6269,1,219,0.9864864864864865,1,207,0.9324324324324325
6270,1,199,0.8963963963963963,1,187,0.8423423423423423
6271,1,179,0.8063063063063063,1,167,0.7522522522522522
6272,1,159,0.7162162162162162,1,147,0.6621621621621622
6273,1,139,0.6261261261261262,1,127,0.5720720720720721
6274,1,119,0.536036036036036,1,107,0.481981981981982
6275,1,99,0.44594594594594594,1,87,0.3918918918918919
6276,1,79,0.35585585585585583,1,67,0.30180180180180183
6277,1,59,0.26576576576576577,1,47,0.21171171171171171
6278,1,39,0.17567567567567569,1,27,0.12162162162162163
6279,1,19,0.08558558558558559,1,7,0.03153153153153153
6280,0,-1,-1.0,0,-1,-1.0
6281,0,-1,-1.0,0,-1,-1.0
6282,0,-1,-1.0,0,-1,-1.0
6283,0,-1,-1.0,0,-1,-1.0
6284,0,-1,-1.0,0,-1,-1.0
6285,0,-1,-1.0,1,210,0.9459459459459459
6286,0,-1,-1.0,1,190,0.8558558558558559
6287,1,76,0.34234234234234234,1,222,1.0
6288,1,56,0.25225225225225223,1,202,0.9099099099099099
6289,1,36,0.16216216216216217,1,182,0.8198198198198198
6290,1,16,0.07207207207207207,1,162,0.7297297297297297
6291,1,181,0.8153153153153153,1,142,0.6396396396396397
6292,1,161,0.7252252252252253,1,122,0.5495495495495496
6293,1,141,0.6351351351351351,1,102,0.4594594594594595
6294,1,121,0.545045045045045,1,82,0.36936936936936937
6295,1,101,0.45495495495495497,1,62,0.27927927927927926
6296,1,81,0.36486486486486486,1,42,0.1891891891891892
6297,1,61,0.2747747747747748,1,22,0.0990990990990991
6298,1,41,0.18468468468468469,1,2,0.009009009009009009
6299,1,21,0.0945945945945946,0,-1,-1.0
6300,1,1,0.0045045045045045045,1,205,0.9234234234234234
6301,0,-1,-1.0,1,185,0.8333333333333334
6302,1,204,0.918918918918919,1,165,0.7432432432432432
6303,1,184,0.8288288288288288,1,145,0.6531531531531531
6304,1,164,0.7387387387387387,1,125,0.5630630630630631
6305,1,144,0.6486486486486487,1,105,0.47297297297297297
6306,1,124,0.5585585585585585,1,85,0.38288288288288286
6307,1,104,0.46846846846846846,1,65,0.2927927927927928
6308,1,84,0.3783783783783784,1,45,0.20270270270270271
6309,1,64,0.2882882882882883,1,25,0.11261261261261261
6310,1,44,0.1981981981981982,1,5,0.02252252252252252
6311,1,24,0.10810810810810811,1,206,0.9279279279279279
6312,1,4,0.018018018018018018,1,186,0.8378378378378378
6313,1,205,0.9234234234234234,1,166,0.7477477477477478
6314,1,185,0.8333333333333334,1,146,0.6576576576576577
6315,1,165,0.7432432432432432,1,126,0.5675675675675675
6316,1,145,0.6531531531531531,1,106,0.4774774774774775
6317,1,125,0.5630630630630631,1,86,0.38738738738738737
6318,1,105,0.47297297297297297,1,66,0.2972972972972973
6319,1,85,0.38288288288288286,1,46,0.2072072072072072
6320,1,65,0.2927927927927928,1,26,0.11711711711711711
6321,1,45,0.20270270270270271,1,6,0.02702702702702703
6322,1,25,0.11261261261261261,1,222,1.0
6323,1,5,0.02252252252252252,1,202,0.9099099099099099
6324,1,54,0.24324324324324326,0,-1,-1.0
6325,1,34,0.15315315315315314,0,-1,-1.0
6326,1,14,0.06306306306306306,0,-1,-1.0
6327,0,-1,-1.0,1,220,0.990990990990991
6328,0,-1,-1.0,1,200,0.9009009009009009
6329,1,208,0.9369369369369369,1,180,0.8108108108108109
6330,1,188,0.8468468468468469,1,160,0.7207207207207207
6331,1,168,0.7567567567567568,1,140,0.6306306306306306
6332,1,148,0.6666666666666666,1,120,0.5405405405405406
6333,1,128,0.5765765765765766,1,100,0.45045045045045046
6334,1,108,0.4864864864864865,1,80,0.36036036036036034
6335,1,88,0.3963963963963964,1,60,0.2702702702702703
6336,1,68,0.3063063063063063,1,40,0.18018018018018017
6337,1,48,0.21621621621621623,1,20,0.09009009009009009
6338,1,28,0.12612612612612611,1,0,0.0
6339,1,8,0.036036036036036036,1,194,0.8738738738738738
6340,1,202,0.9099099099099099,1,174,0.7837837837837838
6341,1,182,0.8198198198198198,1,154,0.6936936936936937
6342,1,162,0.7297297297297297,1,134,0.6036036036036037
6343,1,142,0.6396396396396397,1,114,0.5135135135135135
6344,1,122,0.5495495495495496,1,94,0.42342342342342343
6345,1,102,0.4594594594594595,1,74,0.3333333333333333
6346,1,82,0.36936936936936937,1,54,0.24324324324324326
6347,1,62,0.27927927927927926,1,34,0.15315315315315314
6348,1,42,0.1891891891891892,1,14,0.06306306306306306
6349,1,22,0.0990990990990991,1,210,0.9459459459459459
6350,1,2,0.009009009009009009,1,190,0.8558558558558559
6351,1,198,0.8918918918918919,1,170,0.7657657657657657
6352,1,178,0.8018018018018018,1,150,0.6756756756756757
6353,1,158,0.7117117117117117,1,130,0.5855855855855856
6354,1,138,0.6216216216216216,1,110,0.4954954954954955
6355,1,118,0.5315315315315315,1,90,0.40540540540540543
6356,1,98,0.44144144144144143,1,70,0.3153153153153153
6357,1,78,0.35135135135135137,1,50,0.22522522522522523
6358,1,58,0.26126126126126126,1,30,0.13513513513513514
6359,1,38,0.17117117117117117,1,10,0.04504504504504504
6360,1,56,0.25225225225225223,0,-1,-1.0
6361,1,36,0.16216216216216217,0,-1,-1.0
6362,1,16,0.07207207207207207,0,-1,-1.0
6363,0,-1,-1.0,0,-1,-1.0
6364,0,-1,-1.0,1,209,0.9414414414414415
6365,1,218,0.9819819819819819,1,189,0.8513513513513513
6366,1,198,0.8918918918918919,1,169,0.7612612612612613
6367,1,178,0.8018018018018018,1,149,0.6711711711711712
6368,1,158,0.7117117117117117,1,129,0.581081081081081
6369,1,138,0.6216216216216216,1,109,0.49099099099099097
6370,1,118,0.5315315315315315,1,89,0.4009009009009009
6371,1,98,0.44144144144144143,1,69,0.3108108108108108
6372,1,78,0.35135135135135137,1,49,0.22072072072072071
6373,1,58,0.26126126126126126,1,29,0.13063063063063063
6374,1,38,0.17117117117117117,1,9,0.04054054054054054
6375,1,18,0.08108108108108109,1,219,0.9864864864864865
6376,0,-1,-1.0,1,199,0.8963963963963963
6377,1,208,0.9369369369369369,1,179,0.8063063063063063
6378,1,188,0.8468468468468469,1,159,0.7162162162162162
6379,1,168,0.7567567567567568,1,139,0.6261261261261262
6380,1,148,0.6666666666666666,1,119,0.536036036036036
6381,1,128,0.5765765765765766,1,99,0.44594594594594594
6382,1,108,0.4864864864864865,1,79,0.35585585585585583
6383,1,88,0.3963963963963964,1,59,0.26576576576576577
6384,1,68,0.3063063063063063,1,39,0.17567567567567569
6385,1,48,0.21621621621621623,1,19,0.08558558558558559
6386,1,78,0.35135135135135137,0,-1,-1.0
6387,1,58,0.26126126126126126,0,-1,-1.0
6388,1,38,0.17117117117117117,0,-1,-1.0
6389,1,18,0.08108108108108109,0,-1,-1.0
6390,0,-1,-1.0,0,-1,-1.0
6391,0,-1,-1.0,1,204,0.918918918918919
6392,0,-1,-1.0,1,184,0.8288288288288288
6393,1,204,0.918918918918919,1,164,0.7387387387387387
6394,1,184,0.8288288288288288,1,144,0.6486486486486487
6395,1,164,0.7387387387387387,1,124,0.5585585585585585
6396,1,144,0.6486486486486487,1,104,0.46846846846846846
6397,1,124,0.5585585585585585,1,84,0.3783783783783784
6398,1,104,0.46846846846846846,1,64,0.2882882882882883
6399,1,84,0.3783783783783784,1,44,0.1981981981981982
6400,1,64,0.2882882882882883,1,24,0.10810810810810811
6401,1,44,0.1981981981981982,1,4,0.018018018018018018
6402,1,24,0.10810810810810811,0,-1,-1.0
6403,1,4,0.018018018018018018,0,-1,-1.0
6404,0,-1,-1.0,0,-1,-1.0
6405,0,-1,-1.0,0,-1,-1.0
6406,0,-1,-1.0,0,-1,-1.0
6407,0,-1,-1.0,1,208,0.9369369369369369
6408,0,-1,-1.0,1,188,0.8468468468468469
6409,1,208,0.9369369369369369,1,168,0.7567567567567568
6410,1,188,0.8468468468468469,1,148,0.6666666666666666
6411,1,168,0.7567567567567568,1,128,0.5765765765765766
6412,1,148,0.6666666666666666,1,108,0.4864864864864865
6413,1,128,0.5765765765765766,1,88,0.3963963963963964
6414,1,108,0.4864864864864865,1,68,0.3063063063063063
6415,1,88,0.3963963963963964,1,48,0.21621621621621623
6416,1,68,0.3063063063063063,1,28,0.12612612612612611
6417,1,48,0.21621621621621623,1,8,0.036036036036036036
6418,1,28,0.12612612612612611,0,-1,-1.0
6419,1,8,0.036036036036036036,0,-1,-1.0
6420,0,-1,-1.0,0,-1,-1.0
6421,0,-1,-1.0,0,-1,-1.0
6422,0,-1,-1.0,0,-1,-1.0
6423,0,-1,-1.0,1,203,0.9144144144144144
6424,0,-1,-1.0,1,183,0.8243243243243243
6425,1,203,0.9144144144144144,1,163,0.7342342342342343
6426,1,183,0.8243243243243243,1,143,0.6441441441441441
6427,1,163,0.7342342342342343,1,123,0.5540540540540541
6428,1,143,0.6441441441441441,1,103,0.46396396396396394
6429,1,123,0.5540540540540541,1,83,0.3738738738738739
6430,1,103,0.46396396396396394,1,63,0.28378378378378377
6431,1,83,0.3738738738738739,1,43,0.19369369369369369
6432,1,63,0.28378378378378377,1,23,0.1036036036036036
6433,1,43,0.19369369369369369,1,3,0.013513513513513514
6434,1,23,0.1036036036036036,0,-1,-1.0
6435,1,3,0.013513513513513514,0,-1,-1.0
6436,0,-1,-1.0,1,203,0.9144144144144144
6437,1,20,0.09009009009009009,0,-1,-1.0
6438,1,0,0.0,1,214,0.963963963963964
6439,1,205,0.9234234234234234,1,194,0.8738738738738738
6440,1,185,0.8333333333333334,1,174,0.7837837837837838
6441,1,165,0.7432432432432432,1,154,0.6936936936936937
6442,1,145,0.6531531531531531,1,134,0.6036036036036037
6443,1,125,0.5630630630630631,1,114,0.5135135135135135
6444,1,105,0.47297297297297297,1,94,0.42342342342342343
6445,1,85,0.38288288288288286,1,74,0.3333333333333333
6446,1,65,0.2927927927927928,1,54,0.24324324324324326
6447,1,45,0.20270270270270271,1,34,0.15315315315315314
6448,1,25,0.11261261261261261,1,14,0.06306306306306306
6449,1,5,0.02252252252252252,1,194,0.8738738738738738
6450,1,185,0.8333333333333334,1,174,0.7837837837837838
6451,1,165,0.7432432432432432,1,154,0.6936936936936937
6452,1,145,0.6531531531531531,1,134,0.6036036036036037
6453,1,125,0.5630630630630631,1,114,0.5135135135135135
6454,1,105,0.47297297297297297,1,94,0.42342342342342343
6455,1,85,0.38288288288288286,1,74,0.3333333333333333
6456,1,65,0.2927927927927928,1,54,0.24324324324324326
6457,1,45,0.20270270270270271,1,34,0.15315315315315314
6458,1,25,0.11261261261261261,1,14,0.06306306306306306
6459,1,5,0.02252252252252252,0,-1,-1.0
6460,0,-1,-1.0,1,219,0.9864864864864865
6461,1,210,0.9459459459459459,1,199,0.8963963963963963
6462,1,190,0.8558558558558559,1,179,0.8063063063063063
6463,1,170,0.7657657657657657,1,159,0.7162162162162162
6464,1,150,0.6756756756756757,1,139,0.6261261261261262
6465,1,130,0.5855855855855856,1,119,0.536036036036036
6466,1,110,0.4954954954954955,1,99,0.44594594594594594
6467,1,90,0.40540540540540543,1,79,0.35585585585585583
6468,1,70,0.3153153153153153,1,59,0.26576576576576577
6469,1,50,0.22522522522522523,1,39,0.17567567567567569
6470,1,30,0.13513513513513514,1,19,0.08558558558558559
6471,1,10,0.04504504504504504,0,-1,-1.0
6472,0,-1,-1.0,0,-1,-1.0
6473,0,-1,-1.0,0,-1,-1.0
6474,0,-1,-1.0,1,221,0.9954954954954955
6475,1,46,0.2072072072072072,0,-1,-1.0
6476,1,26,0.11711711711711711,0,-1,-1.0
6477,1,6,0.02702702702702703,0,-1,-1.0
6478,0,-1,-1.0,1,212,0.954954954954955
6479,1,216,0.972972972972973,1,192,0.8648648648648649
6480,1,196,0.8828828828828829,1,172,0.7747747747747747
6481,1,176,0.7927927927927928,1,152,0.6846846846846847
6482,1,156,0.7027027027027027,1,132,0.5945945945945946
6483,1,136,0.6126126126126126,1,112,0.5045045045045045
6484,1,116,0.5225225225225225,1,92,0.4144144144144144
6485,1,96,0.43243243243243246,1,72,0.32432432432432434
6486,1,76,0.34234234234234234,1,52,0.23423423423423423
6487,1,56,0.25225225225225223,1,32,0.14414414414414414
6488,1,36,0.16216216216216217,1,12,0.05405405405405406
6489,1,16,0.07207207207207207,0,-1,-1.0
6490,0,-1,-1.0,0,-1,-1.0
6491,0,-1,-1.0,0,-1,-1.0
6492,0,-1,-1.0,1,220,0.990990990990991
6493,0,-1,-1.0,1,200,0.9009009009009009
6494,1,204,0.918918918918919,1,180,0.8108108108108109
6495,1,184,0.8288288288288288,1,160,0.7207207207207207
6496,1,164,0.7387387387387387,1,140,0.6306306306306306
6497,1,144,0.6486486486486487,1,120,0.5405405405405406
6498,1,124,0.5585585585585585,1,100,0.45045045045045046
6499,1,104,0.46846846846846846,1,80,0.36036036036036034
6500,1,84,0.3783783783783784,1,60,0.2702702702702703
6501,1,64,0.2882882882882883,1,40,0.18018018018018017
6502,1,44,0.1981981981981982,1,20,0.09009009009009009
6503,1,24,0.10810810810810811,1,0,0.0
6504,1,4,0.018018018018018018,0,-1,-1.0
6505,0,-1,-1.0,1,214,0.963963963963964
6506,0,-1,-1.0,1,194,0.8738738738738738
6507,1,50,0.22522522522522523,0,-1,-1.0
6508,1,30,0.13513513513513514,0,-1,-1.0
6509,1,10,0.04504504504504504,0,-1,-1.0
6510,0,-1,-1.0,1,217,0.9774774774774775
6511,0,-1,-1.0,1,197,0.8873873873873874
6512,1,203,0.9144144144144144,1,177,0.7972972972972973
6513,1,183,0.8243243243243243,1,157,0.7072072072072072
6514,1,163,0.7342342342342343,1,137,0.6171171171171171
6515,1,143,0.6441441441441441,1,117,0.527027027027027
6516,1,123,0.5540540540540541,1,97,0.4369369369369369
6517,1,103,0.46396396396396394,1,77,0.34684684684684686
6518,1,83,0.3738738738738739,1,57,0.25675675675675674
6519,1,63,0.28378378378378377,1,37,0.16666666666666666
6520,1,43,0.19369369369369369,1,17,0.07657657657657657
6521,1,23,0.1036036036036036,0,-1,-1.0
6522,1,3,0.013513513513513514,0,-1,-1.0
6523,0,-1,-1.0,0,-1,-1.0
6524,0,-1,-1.0,1,218,0.9819819819819819
6525,0,-1,-1.0,1,198,0.8918918918918919
6526,1,204,0.918918918918919,1,178,0.8018018018018018
6527,1,184,0.8288288288288288,1,158,0.7117117117117117
6528,1,164,0.7387387387387387,1,138,0.6216216216216216
6529,1,144,0.6486486486486487,1,118,0.5315315315315315
6530,1,124,0.5585585585585585,1,98,0.44144144144144143
6531,1,104,0.46846846846846846,1,78,0.35135135135135137
6532,1,84,0.3783783783783784,1,58,0.26126126126126126
6533,1,64,0.2882882882882883,1,38,0.17117117117117117
6534,1,44,0.1981981981981982,1,18,0.08108108108108109
6535,1,24,0.10810810810810811,0,-1,-1.0
6536,1,4,0.018018018018018018,1,213,0.9594594594594594
6537,1,219,0.9864864864864865,1,193,0.8693693693693694
6538,1,199,0.8963963963963963,1,173,0.7792792792792793
6539,1,179,0.8063063063063063,1,153,0.6891891891891891
6540,1,159,0.7162162162162162,1,133,0.5990990990990991
6541,1,139,0.6261261261261262,1,113,0.509009009009009
6542,1,119,0.536036036036036,1,93,0.4189189189189189
6543,1,99,0.44594594594594594,1,73,0.32882882882882886
6544,1,79,0.35585585585585583,1,53,0.23873873873873874
6545,1,59,0.26576576576576577,1,33,0.14864864864864866
6546,1,39,0.17567567567567569,1,13,0.05855855855855856
6547,1,76,0.34234234234234234,0,-1,-1.0
6548,1,56,0.25225225225225223,0,-1,-1.0
6549,1,36,0.16216216216216217,0,-1,-1.0
6550,1,16,0.07207207207207207,0,-1,-1.0
6551,0,-1,-1.0,0,-1,-1.0
6552,0,-1,-1.0,1,220,0.990990990990991
6553,0,-1,-1.0,1,200,0.9009009009009009
6554,1,219,0.9864864864864865,1,180,0.8108108108108109
6555,1,199,0.8963963963963963,1,160,0.7207207207207207
6556,1,179,0.8063063063063063,1,140,0.6306306306306306
6557,1,159,0.7162162162162162,1,120,0.5405405405405406
6558,1,139,0.6261261261261262,1,100,0.45045045045045046
6559,1,119,0.536036036036036,1,80,0.36036036036036034
6560,1,99,0.44594594594594594,1,60,0.2702702702702703
6561,1,79,0.35585585585585583,1,40,0.18018018018018017
6562,1,59,0.26576576576576577,1,20,0.09009009009009009
6563,1,39,0.17567567567567569,1,0,0.0
6564,1,19,0.08558558558558559,0,-1,-1.0
6565,0,-1,-1.0,1,203,0.9144144144144144
6566,1,222,1.0,1,183,0.8243243243243243
6567,1,202,0.9099099099099099,1,163,0.7342342342342343
6568,1,182,0.8198198198198198,1,143,0.6441441441441441
6569,1,162,0.7297297297297297,1,123,0.5540540540540541
6570,1,142,0.6396396396396397,1,103,0.46396396396396394
6571,1,122,0.5495495495495496,1,83,0.3738738738738739
6572,1,102,0.4594594594594595,1,63,0.28378378378378377
6573,1,82,0.36936936936936937,1,43,0.19369369369369369
6574,1,62,0.27927927927927926,1,23,0.1036036036036036
6575,1,42,0.1891891891891892,1,3,0.013513513513513514
6576,1,22,0.0990990990990991,0,-1,-1.0
6577,1,2,0.009009009009009009,0,-1,-1.0
6578,0,-1,-1.0,1,204,0.918918918918919
6579,1,44,0.1981981981981982,0,-1,-1.0
6580,1,24,0.10810810810810811,1,203,0.9144144144144144
6581,1,4,0.018018018018018018,1,183,0.8243243243243243
6582,1,186,0.8378378378378378,1,163,0.7342342342342343
6583,1,166,0.7477477477477478,1,143,0.6441441441441441
6584,1,146,0.6576576576576577,1,123,0.5540540540540541
6585,1,126,0.5675675675675675,1,103,0.46396396396396394
6586,1,106,0.4774774774774775,1,83,0.3738738738738739
6587,1,86,0.38738738738738737,1,63,0.28378378378378377
6588,1,66,0.2972972972972973,1,43,0.19369369369369369
6589,1,46,0.2072072072072072,1,23,0.1036036036036036
6590,1,26,0.11711711711711711,1,3,0.013513513513513514
6591,1,6,0.02702702702702703,1,154,0.6936936936936937
6592,1,157,0.7072072072072072,1,134,0.6036036036036037
6593,1,137,0.6171171171171171,1,114,0.5135135135135135
6594,1,117,0.527027027027027,1,94,0.42342342342342343
6595,1,97,0.4369369369369369,1,74,0.3333333333333333
6596,1,77,0.34684684684684686,1,54,0.24324324324324326
6597,1,57,0.25675675675675674,1,34,0.15315315315315314
6598,1,37,0.16666666666666666,1,14,0.06306306306306306
6599,1,17,0.07657657657657657,0,-1,-1.0
6600,0,-1,-1.0,0,-1,-1.0
6601,0,-1,-1.0,0,-1,-1.0
6602,0,-1,-1.0,1,213,0.9594594594594594
6603,1,216,0.972972972972973,1,193,0.8693693693693694
6604,1,196,0.8828828828828829,1,173,0.7792792792792793
6605,1,176,0.7927927927927928,1,153,0.6891891891891891
6606,1,156,0.7027027027027027,1,133,0.5990990990990991
6607,1,136,0.6126126126126126,1,113,0.509009009009009
6608,1,116,0.5225225225225225,1,93,0.4189189189189189
6609,1,96,0.43243243243243246,1,73,0.32882882882882886
6610,1,76,0.34234234234234234,1,53,0.23873873873873874
6611,1,56,0.25225225225225223,1,33,0.14864864864864866
6612,1,30,0.13513513513513514,1,206,0.9279279279279279
6613,1,10,0.04504504504504504,1,186,0.8378378378378378
6614,1,182,0.8198198198198198,1,166,0.7477477477477478
6615,1,162,0.7297297297297297,1,146,0.6576576576576577
6616,1,142,0.6396396396396397,1,126,0.5675675675675675
6617,1,122,0.5495495495495496,1,106,0.4774774774774775
6618,1,102,0.4594594594594595,1,86,0.38738738738738737
6619,1,82,0.36936936936936937,1,66,0.2972972972972973
6620,1,62,0.27927927927927926,1,46,0.2072072072072072
6621,1,42,0.1891891891891892,1,26,0.11711711711711711
6622,1,22,0.0990990990990991,1,6,0.02702702702702703
6623,1,2,0.009009009009009009,0,-1,-1.0
6624,1,222,1.0,1,206,0.9279279279279279
6625,1,202,0.9099099099099099,1,186,0.8378378378378378
6626,1,182,0.8198198198198198,1,166,0.7477477477477478
6627,1,162,0.7297297297297297,1,146,0.6576576576576577
6628,1,142,0.6396396396396397,1,126,0.5675675675675675
6629,1,122,0.5495495495495496,1,106,0.4774774774774775
6630,1,102,0.4594594594594595,1,86,0.38738738738738737
6631,1,82,0.36936936936936937,1,66,0.2972972972972973
6632,1,62,0.27927927927927926,1,46,0.2072072072072072
6633,1,42,0.1891891891891892,1,26,0.11711711711711711
6634,1,22,0.0990990990990991,1,6,0.02702702702702703
6635,1,2,0.009009009009009009,0,-1,-1.0
6636,0,-1,-1.0,1,210,0.9459459459459459
6637,1,76,0.34234234234234234,0,-1,-1.0
6638,1,56,0.25225225225225223,1,217,0.9774774774774775
6639,1,36,0.16216216216216217,1,197,0.8873873873873874
6640,1,16,0.07207207207207207,1,177,0.7972972972972973
6641,1,196,0.8828828828828829,1,157,0.7072072072072072
6642,1,176,0.7927927927927928,1,137,0.6171171171171171
6643,1,156,0.7027027027027027,1,117,0.527027027027027
6644,1,136,0.6126126126126126,1,97,0.4369369369369369
6645,1,116,0.5225225225225225,1,77,0.34684684684684686
6646,1,96,0.43243243243243246,1,57,0.25675675675675674
6647,1,76,0.34234234234234234,1,37,0.16666666666666666
6648,1,56,0.25225225225225223,1,17,0.07657657657657657
6649,1,36,0.16216216216216217,0,-1,-1.0
6650,1,16,0.07207207207207207,0,-1,-1.0
6651,0,-1,-1.0,0,-1,-1.0
6652,0,-1,-1.0,0,-1,-1.0
6653,0,-1,-1.0,1,207,0.9324324324324325
6654,0,-1,-1.0,1,187,0.8423423423423423
6655,1,206,0.9279279279279279,1,167,0.7522522522522522
6656,1,186,0.8378378378378378,1,147,0.6621621621621622
6657,1,166,0.7477477477477478,1,127,0.5720720720720721
6658,1,146,0.6576576576576577,1,107,0.481981981981982
6659,1,126,0.5675675675675675,1,87,0.3918918918918919
6660,1,106,0.4774774774774775,1,67,0.30180180180180183
6661,1,86,0.38738738738738737,1,47,0.21171171171171171
6662,1,66,0.2972972972972973,1,27,0.12162162162162163
6663,1,46,0.2072072072072072,1,7,0.03153153153153153
6664,1,26,0.11711711711711711,0,-1,-1.0
6665,1,6,0.02702702702702703,0,-1,-1.0
6666,1,86,0.38738738738738737,0,-1,-1.0
6667,1,66,0.2972972972972973,0,-1,-1.0
6668,1,46,0.2072072072072072,0,-1,-1.0
6669,1,26,0.11711711711711711,0,-1,-1.0
6670,1,6,0.02702702702702703,0,-1,-1.0
6671,0,-1,-1.0,0,-1,-1.0
6672,0,-1,-1.0,1,221,0.9954954954954955
6673,0,-1,-1.0,1,201,0.9054054054054054
6674,0,-1,-1.0,1,181,0.8153153153153153
6675,1,205,0.9234234234234234,1,161,0.7252252252252253
6676,1,185,0.8333333333333334,1,141,0.6351351351351351
6677,1,165,0.7432432432432432,1,121,0.545045045045045
6678,1,145,0.6531531531531531,1,101,0.45495495495495497
6679,1,125,0.5630630630630631,1,81,0.36486486486486486
6680,1,105,0.47297297297297297,1,61,0.2747747747747748
6681,1,85,0.38288288288288286,1,41,0.18468468468468469
6682,1,65,0.2927927927927928,1,21,0.0945945945945946
6683,1,45,0.20270270270270271,1,1,0.0045045045045045045
6684,1,25,0.11261261261261261,1,208,0.9369369369369369
6685,1,5,0.02252252252252252,1,188,0.8468468468468469
6686,1,212,0.954954954954955,1,168,0.7567567567567568
6687,1,192,0.8648648648648649,1,148,0.6666666666666666
6688,1,172,0.7747747747747747,1,128,0.5765765765765766
6689,1,152,0.6846846846846847,1,108,0.4864864864864865
6690,1,132,0.5945945945945946,1,88,0.3963963963963964
6691,1,112,0.5045045045045045,1,68,0.3063063063063063
6692,1,92,0.4144144144144144,1,48,0.21621621621621623
6693,1,72,0.32432432432432434,1,28,0.12612612612612611
6694,1,52,0.23423423423423423,1,8,0.036036036036036036
6695,1,32,0.14414414414414414,0,-1,-1.0
6696,1,12,0.05405405405405406,0,-1,-1.0
6697,0,-1,-1.0,0,-1,-1.0
6698,0,-1,-1.0,1,213,0.9594594594594594
6699,1,56,0.25225225225225223,1,198,0.8918918918918919
6700,1,36,0.16216216216216217,1,178,0.8018018018018018
6701,1,16,0.07207207207207207,1,158,0.7117117117117117
6702,1,167,0.7522522522522522,1,138,0.6216216216216216
6703,1,147,0.6621621621621622,1,118,0.5315315315315315
6704,1,127,0.5720720720720721,1,98,0.44144144144144143
6705,1,107,0.481981981981982,1,78,0.35135135135135137
6706,1,87,0.3918918918918919,1,58,0.26126126126126126
6707,1,67,0.30180180180180183,1,38,0.17117117117117117
6708,1,47,0.21171171171171171,1,18,0.08108108108108109
6709,1,27,0.12162162162162163,0,-1,-1.0
6710,1,7,0.03153153153153153,0,-1,-1.0
6711,0,-1,-1.0,1,205,0.9234234234234234
6712,1,214,0.963963963963964,1,185,0.8333333333333334
6713,1,194,0.8738738738738738,1,165,0.7432432432432432
6714,1,174,0.7837837837837838,1,145,0.6531531531531531
6715,1,154,0.6936936936936937,1,125,0.5630630630630631
6716,1,134,0.6036036036036037,1,105,0.47297297297297297
6717,1,114,0.5135135135135135,1,85,0.38288288288288286
6718,1,94,0.42342342342342343,1,65,0.2927927927927928
6719,1,74,0.3333333333333333,1,45,0.20270270270270271
6720,1,54,0.24324324324324326,1,25,0.11261261261261261
6721,1,34,0.15315315315315314,1,5,0.02252252252252252
6722,1,14,0.06306306306306306,1,180,0.8108108108108109
6723,1,189,0.8513513513513513,1,160,0.7207207207207207
6724,1,169,0.7612612612612613,1,140,0.6306306306306306
6725,1,149,0.6711711711711712,1,120,0.5405405405405406
6726,1,129,0.581081081081081,1,100,0.45045045045045046
6727,1,109,0.49099099099099097,1,80,0.36036036036036034
6728,1,89,0.4009009009009009,1,60,0.2702702702702703
6729,1,69,0.3108108108108108,1,40,0.18018018018018017
6730,1,49,0.22072072072072071,1,20,0.09009009009009009
6731,1,29,0.13063063063063063,1,0,0.0
6732,1,20,0.09009009009009009,1,192,0.8648648648648649
6733,1,0,0.0,1,172,0.7747747747747747
6734,1,163,0.7342342342342343,1,152,0.6846846846846847
6735,1,143,0.6441441441441441,1,132,0.5945945945945946
6736,1,123,0.5540540540540541,1,112,0.5045045045045045
6737,1,103,0.46396396396396394,1,92,0.4144144144144144
6738,1,83,0.3738738738738739,1,72,0.32432432432432434
6739,1,63,0.28378378378378377,1,52,0.23423423423423423
6740,1,43,0.19369369369369369,1,32,0.14414414414414414
6741,1,23,0.1036036036036036,1,12,0.05405405405405406
6742,1,3,0.013513513513513514,0,-1,-1.0
6743,0,-1,-1.0,0,-1,-1.0
6744,0,-1,-1.0,0,-1,-1.0
6745,0,-1,-1.0,0,-1,-1.0
6746,0,-1,-1.0,1,220,0.990990990990991
6747,1,211,0.9504504504504504,1,200,0.9009009009009009
6748,1,191,0.8603603603603603,1,180,0.8108108108108109
6749,1,171,0.7702702702702703,1,160,0.7207207207207207
6750,1,151,0.6801801801801802,1,140,0.6306306306306306
6751,1,131,0.5900900900900901,1,120,0.5405405405405406
6752,1,111,0.5,1,100,0.45045045045045046
6753,1,91,0.4099099099099099,1,80,0.36036036036036034
6754,1,71,0.31981981981981983,1,60,0.2702702702702703
6755,1,51,0.22972972972972974,1,40,0.18018018018018017
6756,1,31,0.13963963963963963,1,20,0.09009009009009009
6757,1,11,0.04954954954954955,1,0,0.0
6758,1,163,0.7342342342342343,1,152,0.6846846846846847
6759,1,143,0.6441441441441441,1,132,0.5945945945945946
6760,1,123,0.5540540540540541,1,112,0.5045045045045045
6761,1,103,0.46396396396396394,1,92,0.4144144144144144
6762,1,83,0.3738738738738739,1,72,0.32432432432432434
6763,1,63,0.28378378378378377,1,52,0.23423423423423423
6764,1,43,0.19369369369369369,1,32,0.14414414414414414
6765,1,23,0.1036036036036036,1,12,0.05405405405405406
6766,1,3,0.013513513513513514,0,-1,-1.0
6767,0,-1,-1.0,0,-1,-1.0
6768,0,-1,-1.0,1,218,0.9819819819819819
6769,0,-1,-1.0,1,198,0.8918918918918919
6770,1,42,0.1891891891891892,1,197,0.8873873873873874
6771,1,22,0.0990990990990991,1,177,0.7972972972972973
6772,1,2,0.009009009009009009,1,157,0.7072072072072072
6773,1,159,0.7162162162162162,1,137,0.6171171171171171
6774,1,139,0.6261261261261262,1,117,0.527027027027027
6775,1,119,0.536036036036036,1,97,0.4369369369369369
6776,1,99,0.44594594594594594,1,77,0.34684684684684686
6777,1,79,0.35585585585585583,1,57,0.25675675675675674
6778,1,59,0.26576576576576577,1,37,0.16666666666666666
6779,1,39,0.17567567567567569,1,17,0.07657657657657657
6780,1,19,0.08558558558558559,1,168,0.7567567567567568
6781,1,170,0.7657657657657657,1,148,0.6666666666666666
6782,1,150,0.6756756756756757,1,128,0.5765765765765766
6783,1,130,0.5855855855855856,1,108,0.4864864864864865
6784,1,110,0.4954954954954955,1,88,0.3963963963963964
6785,1,90,0.40540540540540543,1,68,0.3063063063063063
6786,1,70,0.3153153153153153,1,48,0.21621621621621623
6787,1,50,0.22522522522522523,1,28,0.12612612612612611
6788,1,30,0.13513513513513514,1,8,0.036036036036036036
6789,1,10,0.04504504504504504,0,-1,-1.0
6790,0,-1,-1.0,0,-1,-1.0
6791,0,-1,-1.0,0,-1,-1.0
6792,0,-1,-1.0,1,206,0.9279279279279279
6793,0,-1,-1.0,1,186,0.8378378378378378
6794,1,54,0.24324324324324326,1,213,0.9594594594594594
6795,1,34,0.15315315315315314,1,193,0.8693693693693694
6796,1,14,0.06306306306306306,1,173,0.7792792792792793
6797,1,181,0.8153153153153153,1,153,0.6891891891891891
6798,1,161,0.7252252252252253,1,133,0.5990990990990991
6799,1,141,0.6351351351351351,1,113,0.509009009009009
6800,1,121,0.545045045045045,1,93,0.4189189189189189
6801,1,101,0.45495495495495497,1,73,0.32882882882882886
6802,1,81,0.36486486486486486,1,53,0.23873873873873874
6803,1,61,0.2747747747747748,1,33,0.14864864864864866
6804,1,41,0.18468468468468469,1,13,0.05855855855855856
6805,1,21,0.0945945945945946,0,-1,-1.0
6806,1,1,0.0045045045045045045,0,-1,-1.0
6807,0,-1,-1.0,1,210,0.9459459459459459
6808,1,218,0.9819819819819819,1,190,0.8558558558558559
6809,1,198,0.8918918918918919,1,170,0.7657657657657657
6810,1,178,0.8018018018018018,1,150,0.6756756756756757
6811,1,158,0.7117117117117117,1,130,0.5855855855855856
6812,1,138,0.6216216216216216,1,110,0.4954954954954955
6813,1,118,0.5315315315315315,1,90,0.40540540540540543
6814,1,98,0.44144144144144143,1,70,0.3153153153153153
6815,1,78,0.35135135135135137,1,50,0.22522522522522523
6816,1,58,0.26126126126126126,1,30,0.13513513513513514
6817,1,38,0.17117117117117117,1,10,0.04504504504504504
6818,1,18,0.08108108108108109,1,193,0.8693693693693694
6819,1,201,0.9054054054054054,1,173,0.7792792792792793
6820,1,181,0.8153153153153153,1,153,0.6891891891891891
6821,1,161,0.7252252252252253,1,133,0.5990990990990991
6822,1,141,0.6351351351351351,1,113,0.509009009009009
6823,1,121,0.545045045045045,1,93,0.4189189189189189
6824,1,101,0.45495495495495497,1,73,0.32882882882882886
6825,1,81,0.36486486486486486,1,53,0.23873873873873874
6826,1,61,0.2747747747747748,1,33,0.14864864864864866
6827,1,41,0.18468468468468469,1,13,0.05855855855855856
6828,1,21,0.0945945945945946,0,-1,-1.0
6829,1,1,0.0045045045045045045,1,213,0.9594594594594594
6830,0,-1,-1.0,1,193,0.8693693693693694
6831,1,22,0.0990990990990991,1,171,0.7702702702702703
6832,1,2,0.009009009009009009,1,151,0.6801801801801802
6833,1,143,0.6441441441441441,1,131,0.5900900900900901
6834,1,123,0.5540540540540541,1,111,0.5
6835,1,103,0.46396396396396394,1,91,0.4099099099099099
6836,1,83,0.3738738738738739,1,71,0.31981981981981983
6837,1,63,0.28378378378378377,1,51,0.22972972972972974
6838,1,43,0.19369369369369369,1,31,0.13963963963963963
6839,1,23,0.1036036036036036,1,11,0.04954954954954955
6840,1,3,0.013513513513513514,1,186,0.8378378378378378
6841,1,178,0.8018018018018018,1,166,0.7477477477477478
6842,1,158,0.7117117117117117,1,146,0.6576576576576577
6843,1,138,0.6216216216216216,1,126,0.5675675675675675
6844,1,118,0.5315315315315315,1,106,0.4774774774774775
6845,1,98,0.44144144144144143,1,86,0.38738738738738737
6846,1,78,0.35135135135135137,1,66,0.2972972972972973
6847,1,58,0.26126126126126126,1,46,0.2072072072072072
6848,1,38,0.17117117117117117,1,26,0.11711711711711711
6849,1,18,0.08108108108108109,1,6,0.02702702702702703
6850,1,50,0.22522522522522523,0,-1,-1.0
6851,1,30,0.13513513513513514,0,-1,-1.0
6852,1,10,0.04504504504504504,1,204,0.918918918918919
6853,1,210,0.9459459459459459,1,184,0.8288288288288288
6854,1,190,0.8558558558558559,1,164,0.7387387387387387
6855,1,170,0.7657657657657657,1,144,0.6486486486486487
6856,1,150,0.6756756756756757,1,124,0.5585585585585585
6857,1,130,0.5855855855855856,1,104,0.46846846846846846
6858,1,110,0.4954954954954955,1,84,0.3783783783783784
6859,1,90,0.40540540540540543,1,64,0.2882882882882883
6860,1,70,0.3153153153153153,1,44,0.1981981981981982
6861,1,50,0.22522522522522523,1,24,0.10810810810810811
6862,1,30,0.13513513513513514,1,4,0.018018018018018018
6863,1,10,0.04504504504504504,0,-1,-1.0
6864,0,-1,-1.0,0,-1,-1.0
6865,0,-1,-1.0,0,-1,-1.0
6866,0,-1,-1.0,1,221,0.9954954954954955
6867,0,-1,-1.0,1,201,0.9054054054054054
6868,1,207,0.9324324324324325,1,181,0.8153153153153153
6869,1,187,0.8423423423423423,1,161,0.7252252252252253
6870,1,167,0.7522522522522522,1,141,0.6351351351351351
6871,1,147,0.6621621621621622,1,121,0.545045045045045
6872,1,127,0.5720720720720721,1,101,0.45495495495495497
6873,1,107,0.481981981981982,1,81,0.36486486486486486
6874,1,87,0.3918918918918919,1,61,0.2747747747747748
6875,1,67,0.30180180180180183,1,41,0.18468468468468469
6876,1,47,0.21171171171171171,1,21,0.0945945945945946
6877,1,27,0.12162162162162163,1,1,0.0045045045045045045
6878,1,7,0.03153153153153153,0,-1,-1.0
6879,0,-1,-1.0,0,-1,-1.0
6880,1,30,0.13513513513513514,1,209,0.9414414414414415
6881,1,10,0.04504504504504504,1,189,0.8513513513513513
6882,1,185,0.8333333333333334,1,169,0.7612612612612613
6883,1,165,0.7432432432432432,1,149,0.6711711711711712
6884,1,145,0.6531531531531531,1,129,0.581081081081081
6885,1,125,0.5630630630630631,1,109,0.49099099099099097
6886,1,105,0.47297297297297297,1,89,0.4009009009009009
6887,1,85,0.38288288288288286,1,69,0.3108108108108108
6888,1,65,0.2927927927927928,1,49,0.22072072072072071
6889,1,45,0.20270270270270271,1,29,0.13063063063063063
6890,1,25,0.11261261261261261,1,9,0.04054054054054054
6891,1,5,0.02252252252252252,0,-1,-1.0
6892,0,-1,-1.0,0,-1,-1.0
6893,0,-1,-1.0,1,207,0.9324324324324325
6894,1,203,0.9144144144144144,1,187,0.8423423423423423
6895,1,183,0.8243243243243243,1,167,0.7522522522522522
6896,1,163,0.7342342342342343,1,147,0.6621621621621622
6897,1,143,0.6441441441441441,1,127,0.5720720720720721
6898,1,123,0.5540540540540541,1,107,0.481981981981982
6899,1,103,0.46396396396396394,1,87,0.3918918918918919
6900,1,83,0.3738738738738739,1,67,0.30180180180180183
6901,1,63,0.28378378378378377,1,47,0.21171171171171171
6902,1,43,0.19369369369369369,1,27,0.12162162162162163
6903,1,23,0.1036036036036036,1,7,0.03153153153153153
6904,1,3,0.013513513513513514,0,-1,-1.0
6905,0,-1,-1.0,0,-1,-1.0
6906,0,-1,-1.0,0,-1,-1.0
6907,0,-1,-1.0,0,-1,-1.0
6908,1,219,0.9864864864864865,1,203,0.9144144144144144
6909,1,199,0.8963963963963963,1,183,0.8243243243243243
6910,1,179,0.8063063063063063,1,163,0.7342342342342343
6911,1,159,0.7162162162162162,1,143,0.6441441441441441
6912,1,139,0.6261261261261262,1,123,0.5540540540540541
6913,1,119,0.536036036036036,1,103,0.46396396396396394
6914,1,99,0.44594594594594594,1,83,0.3738738738738739
6915,1,79,0.35585585585585583,1,63,0.28378378378378377
6916,1,59,0.26576576576576577,1,43,0.19369369369369369
6917,1,39,0.17567567567567569,1,23,0.1036036036036036
6918,1,19,0.08558558558558559,1,3,0.013513513513513514
6919,0,-1,-1.0,1,188,0.8468468468468469
6920,1,20,0.09009009009009009,0,-1,-1.0
6921,1,0,0.0,0,-1,-1.0
6922,1,220,0.990990990990991,1,209,0.9414414414414415
6923,1,200,0.9009009009009009,1,189,0.8513513513513513
6924,1,180,0.8108108108108109,1,169,0.7612612612612613
6925,1,160,0.7207207207207207,1,149,0.6711711711711712
6926,1,140,0.6306306306306306,1,129,0.581081081081081
6927,1,120,0.5405405405405406,1,109,0.49099099099099097
6928,1,100,0.45045045045045046,1,89,0.4009009009009009
6929,1,80,0.36036036036036034,1,69,0.3108108108108108
6930,1,60,0.2702702702702703,1,49,0.22072072072072071
6931,1,40,0.18018018018018017,1,29,0.13063063063063063
6932,1,20,0.09009009009009009,1,9,0.04054054054054054
6933,1,0,0.0,0,-1,-1.0
6934,0,-1,-1.0,1,218,0.9819819819819819
6935,1,209,0.9414414414414415,1,198,0.8918918918918919
6936,1,189,0.8513513513513513,1,178,0.8018018018018018
6937,1,169,0.7612612612612613,1,158,0.7117117117117117
6938,1,149,0.6711711711711712,1,138,0.6216216216216216
6939,1,129,0.581081081081081,1,118,0.5315315315315315
6940,1,109,0.49099099099099097,1,98,0.44144144144144143
6941,1,89,0.4009009009009009,1,78,0.35135135135135137
6942,1,69,0.3108108108108108,1,58,0.26126126126126126
6943,1,49,0.22072072072072071,1,38,0.17117117117117117
6944,1,29,0.13063063063063063,1,18,0.08108108108108109
6945,1,9,0.04054054054054054,1,170,0.7657657657657657
6946,1,161,0.7252252252252253,1,150,0.6756756756756757
6947,1,141,0.6351351351351351,1,130,0.5855855855855856
6948,1,121,0.545045045045045,1,110,0.4954954954954955
6949,1,101,0.45495495495495497,1,90,0.40540540540540543
6950,1,81,0.36486486486486486,1,70,0.3153153153153153
6951,1,61,0.2747747747747748,1,50,0.22522522522522523
6952,1,41,0.18468468468468469,1,30,0.13513513513513514
6953,1,21,0.0945945945945946,1,10,0.04504504504504504
6954,1,1,0.0045045045045045045,1,202,0.9099099099099099
6955,1,22,0.0990990990990991,1,202,0.9099099099099099
6956,1,2,0.009009009009009009,1,182,0.8198198198198198
6957,1,174,0.7837837837837838,1,162,0.7297297297297297
6958,1,154,0.6936936936936937,1,142,0.6396396396396397
6959,1,134,0.6036036036036037,1,122,0.5495495495495496
6960,1,114,0.5135135135135135,1,102,0.4594594594594595
6961,1,94,0.42342342342342343,1,82,0.36936936936936937
6962,1,74,0.3333333333333333,1,62,0.27927927927927926
6963,1,54,0.24324324324324326,1,42,0.1891891891891892
6964,1,34,0.15315315315315314,1,22,0.0990990990990991
6965,1,14,0.06306306306306306,1,2,0.009009009009009009
6966,0,-1,-1.0,0,-1,-1.0
6967,0,-1,-1.0,1,215,0.9684684684684685
6968,1,207,0.9324324324324325,1,195,0.8783783783783784
6969,1,187,0.8423423423423423,1,175,0.7882882882882883
6970,1,167,0.7522522522522522,1,155,0.6981981981981982
6971,1,147,0.6621621621621622,1,135,0.6081081081081081
6972,1,127,0.5720720720720721,1,115,0.5180180180180181
6973,1,107,0.481981981981982,1,95,0.42792792792792794
6974,1,87,0.3918918918918919,1,75,0.33783783783783783
6975,1,67,0.30180180180180183,1,55,0.24774774774774774
6976,1,47,0.21171171171171171,1,35,0.15765765765765766
6977,1,27,0.12162162162162163,1,15,0.06756756756756757
6978,1,7,0.03153153153153153,0,-1,-1.0
6979,0,-1,-1.0,0,-1,-1.0
6980,0,-1,-1.0,1,218,0.9819819819819819
6981,1,72,0.32432432432432434,0,-1,-1.0
6982,1,52,0.23423423423423423,0,-1,-1.0
6983,1,32,0.14414414414414414,0,-1,-1.0
6984,1,12,0.05405405405405406,0,-1,-1.0
6985,0,-1,-1.0,0,-1,-1.0
6986,0,-1,-1.0,0,-1,-1.0
6987,0,-1,-1.0,1,213,0.9594594594594594
6988,0,-1,-1.0,1,193,0.8693693693693694
6989,1,210,0.9459459459459459,1,173,0.7792792792792793
6990,1,190,0.8558558558558559,1,153,0.6891891891891891
6991,1,170,0.7657657657657657,1,133,0.5990990990990991
6992,1,150,0.6756756756756757,1,113,0.509009009009009
6993,1,130,0.5855855855855856,1,93,0.4189189189189189
6994,1,110,0.4954954954954955,1,73,0.32882882882882886
6995,1,90,0.40540540540540543,1,53,0.23873873873873874
6996,1,70,0.3153153153153153,1,33,0.14864864864864866
6997,1,50,0.22522522522522523,1,13,0.05855855855855856
6998,1,30,0.13513513513513514,1,196,0.8828828828828829
6999,1,10,0.04504504504504504,1,176,0.7927927927927928
7000,1,193,0.8693693693693694,1,156,0.7027027027027027
7001,1,173,0.7792792792792793,1,136,0.6126126126126126
7002,1,153,0.6891891891891891,1,116,0.5225225225225225
7003,1,133,0.5990990990990991,1,96,0.43243243243243246
7004,1,113,0.509009009009009,1,76,0.34234234234234234
7005,1,93,0.4189189189189189,1,56,0.25225225225225223
7006,1,73,0.32882882882882886,1,36,0.16216216216216217
7007,1,53,0.23873873873873874,1,16,0.07207207207207207
7008,1,33,0.14864864864864866,0,-1,-1.0
7009,1,13,0.05855855855855856,0,-1,-1.0
7010,0,-1,-1.0,1,218,0.9819819819819819
7011,0,-1,-1.0,1,198,0.8918918918918919
7012,1,215,0.9684684684684685,1,178,0.8018018018018018
7013,1,195,0.8783783783783784,1,158,0.7117117117117117
7014,1,175,0.7882882882882883,1,138,0.6216216216216216
7015,1,155,0.6981981981981982,1,118,0.5315315315315315
7016,1,135,0.6081081081081081,1,98,0.44144144144144143
7017,1,115,0.5180180180180181,1,78,0.35135135135135137
7018,1,95,0.42792792792792794,1,58,0.26126126126126126
7019,1,75,0.33783783783783783,1,38,0.17117117117117117
7020,1,55,0.24774774774774774,1,18,0.08108108108108109
7021,1,35,0.15765765765765766,0,-1,-1.0
7022,1,15,0.06756756756756757,0,-1,-1.0
7023,0,-1,-1.0,1,206,0.9279279279279279
7024,1,20,0.09009009009009009,1,189,0.8513513513513513
7025,1,0,0.0,1,169,0.7612612612612613
7026,1,160,0.7207207207207207,1,149,0.6711711711711712
7027,1,140,0.6306306306306306,1,129,0.581081081081081
7028,1,120,0.5405405405405406,1,109,0.49099099099099097
7029,1,100,0.45045045045045046,1,89,0.4009009009009009
7030,1,80,0.36036036036036034,1,69,0.3108108108108108
7031,1,60,0.2702702702702703,1,49,0.22072072072072071
7032,1,40,0.18018018018018017,1,29,0.13063063063063063
7033,1,20,0.09009009009009009,1,9,0.04054054054054054
7034,1,0,0.0,0,-1,-1.0
7035,0,-1,-1.0,0,-1,-1.0
7036,1,215,0.9684684684684685,1,204,0.918918918918919
7037,1,195,0.8783783783783784,1,184,0.8288288288288288
7038,1,175,0.7882882882882883,1,164,0.7387387387387387
7039,1,155,0.6981981981981982,1,144,0.6486486486486487
7040,1,135,0.6081081081081081,1,124,0.5585585585585585
7041,1,115,0.5180180180180181,1,104,0.46846846846846846
7042,1,95,0.42792792792792794,1,84,0.3783783783783784
7043,1,75,0.33783783783783783,1,64,0.2882882882882883
7044,1,55,0.24774774774774774,1,44,0.1981981981981982
7045,1,35,0.15765765765765766,1,24,0.10810810810810811
7046,1,15,0.06756756756756757,1,4,0.018018018018018018
7047,0,-1,-1.0,0,-1,-1.0
7048,1,214,0.963963963963964,1,203,0.9144144144144144
7049,1,194,0.8738738738738738,1,183,0.8243243243243243
7050,1,174,0.7837837837837838,1,163,0.7342342342342343
7051,1,154,0.6936936936936937,1,143,0.6441441441441441
7052,1,134,0.6036036036036037,1,123,0.5540540540540541
7053,1,114,0.5135135135135135,1,103,0.46396396396396394
7054,1,94,0.42342342342342343,1,83,0.3738738738738739
7055,1,74,0.3333333333333333,1,63,0.28378378378378377
7056,1,54,0.24324324324324326,1,43,0.19369369369369369
7057,1,34,0.15315315315315314,1,23,0.1036036036036036
7058,1,74,0.3333333333333333,0,-1,-1.0
7059,1,54,0.24324324324324326,0,-1,-1.0
7060,1,34,0.15315315315315314,0,-1,-1.0
7061,1,14,0.06306306306306306,0,-1,-1.0
7062,0,-1,-1.0,0,-1,-1.0
7063,0,-1,-1.0,0,-1,-1.0
7064,0,-1,-1.0,0,-1,-1.0
7065,0,-1,-1.0,1,204,0.918918918918919
7066,1,222,1.0,1,184,0.8288288288288288
7067,1,202,0.9099099099099099,1,164,0.7387387387387387
7068,1,182,0.8198198198198198,1,144,0.6486486486486487
7069,1,162,0.7297297297297297,1,124,0.5585585585585585
7070,1,142,0.6396396396396397,1,104,0.46846846846846846
7071,1,122,0.5495495495495496,1,84,0.3783783783783784
7072,1,102,0.4594594594594595,1,64,0.2882882882882883
7073,1,82,0.36936936936936937,1,44,0.1981981981981982
7074,1,62,0.27927927927927926,1,24,0.10810810810810811
7075,1,42,0.1891891891891892,1,4,0.018018018018018018
7076,1,22,0.0990990990990991,0,-1,-1.0
7077,1,2,0.009009009009009009,1,222,1.0
7078,0,-1,-1.0,1,202,0.9099099099099099
7079,1,220,0.990990990990991,1,182,0.8198198198198198
7080,1,200,0.9009009009009009,1,162,0.7297297297297297
7081,1,180,0.8108108108108109,1,142,0.6396396396396397
7082,1,160,0.7207207207207207,1,122,0.5495495495495496
7083,1,140,0.6306306306306306,1,102,0.4594594594594595
7084,1,120,0.5405405405405406,1,82,0.36936936936936937
7085,1,100,0.45045045045045046,1,62,0.27927927927927926
7086,1,80,0.36036036036036034,1,42,0.1891891891891892
7087,1,60,0.2702702702702703,1,22,0.0990990990990991
7088,1,40,0.18018018018018017,1,2,0.009009009009009009
7089,1,20,0.09009009009009009,0,-1,-1.0
7090,1,0,0.0,0,-1,-1.0
7091,0,-1,-1.0,0,-1,-1.0
7092,0,-1,-1.0,0,-1,-1.0
7093,0,-1,-1.0,0,-1,-1.0
7094,0,-1,-1.0,0,-1,-1.0
7095,0,-1,-1.0,1,220,0.990990990990991
7096,0,-1,-1.0,1,200,0.9009009009009009
7097,1,44,0.1981981981981982,0,-1,-1.0
7098,1,24,0.10810810810810811,0,-1,-1.0
7099,1,4,0.018018018018018018,0,-1,-1.0
7100,0,-1,-1.0,0,-1,-1.0
7101,0,-1,-1.0,0,-1,-1.0
7102,0,-1,-1.0,1,215,0.9684684684684685
7103,1,218,0.9819819819819819,1,195,0.8783783783783784
7104,1,198,0.8918918918918919,1,175,0.7882882882882883
7105,1,178,0.8018018018018018,1,155,0.6981981981981982
7106,1,158,0.7117117117117117,1,135,0.6081081081081081
7107,1,138,0.6216216216216216,1,115,0.5180180180180181
7108,1,118,0.5315315315315315,1,95,0.42792792792792794
7109,1,98,0.44144144144144143,1,75,0.33783783783783783
7110,1,78,0.35135135135135137,1,55,0.24774774774774774
7111,1,58,0.26126126126126126,1,35,0.15765765765765766
7112,1,38,0.17117117117117117,1,15,0.06756756756756757
7113,1,18,0.08108108108108109,0,-1,-1.0
7114,0,-1,-1.0,0,-1,-1.0
7115,0,-1,-1.0,0,-1,-1.0
7116,0,-1,-1.0,0,-1,-1.0
7117,0,-1,-1.0,1,219,0.9864864864864865
7118,1,222,1.0,1,199,0.8963963963963963
7119,1,202,0.9099099099099099,1,179,0.8063063063063063
7120,1,182,0.8198198198198198,1,159,0.7162162162162162
7121,1,162,0.7297297297297297,1,139,0.6261261261261262
7122,1,142,0.6396396396396397,1,119,0.536036036036036
7123,1,122,0.5495495495495496,1,99,0.44594594594594594
7124,1,102,0.4594594594594595,1,79,0.35585585585585583
7125,1,82,0.36936936936936937,1,59,0.26576576576576577
7126,1,62,0.27927927927927926,1,39,0.17567567567567569
7127,1,42,0.1891891891891892,1,19,0.08558558558558559
7128,1,22,0.0990990990990991,0,-1,-1.0
7129,1,2,0.009009009009009009,0,-1,-1.0
7130,0,-1,-1.0,0,-1,-1.0
7131,1,30,0.13513513513513514,0,-1,-1.0
7132,1,10,0.04504504504504504,0,-1,-1.0
7133,0,-1,-1.0,1,217,0.9774774774774775
7134,1,213,0.9594594594594594,1,197,0.8873873873873874
7135,1,193,0.8693693693693694,1,177,0.7972972972972973
7136,1,173,0.7792792792792793,1,157,0.7072072072072072
7137,1,153,0.6891891891891891,1,137,0.6171171171171171
7138,1,133,0.5990990990990991,1,117,0.527027027027027
7139,1,113,0.509009009009009,1,97,0.4369369369369369
7140,1,93,0.4189189189189189,1,77,0.34684684684684686
7141,1,73,0.32882882882882886,1,57,0.25675675675675674
7142,1,53,0.23873873873873874,1,37,0.16666666666666666
7143,1,33,0.14864864864864866,1,17,0.07657657657657657
7144,1,13,0.05855855855855856,1,168,0.7567567567567568
7145,1,164,0.7387387387387387,1,148,0.6666666666666666
7146,1,144,0.6486486486486487,1,128,0.5765765765765766
7147,1,124,0.5585585585585585,1,108,0.4864864864864865
7148,1,104,0.46846846846846846,1,88,0.3963963963963964
7149,1,84,0.3783783783783784,1,68,0.3063063063063063
7150,1,64,0.2882882882882883,1,48,0.21621621621621623
7151,1,44,0.1981981981981982,1,28,0.12612612612612611
7152,1,24,0.10810810810810811,1,8,0.036036036036036036
7153,1,4,0.018018018018018018,0,-1,-1.0
7154,0,-1,-1.0,0,-1,-1.0
7155,0,-1,-1.0,0,-1,-1.0
7156,0,-1,-1.0,1,211,0.9504504504504504
7157,1,44,0.1981981981981982,1,216,0.972972972972973
7158,1,24,0.10810810810810811,1,196,0.8828828828828829
7159,1,4,0.018018018018018018,1,176,0.7927927927927928
7160,1,179,0.8063063063063063,1,156,0.7027027027027027
7161,1,159,0.7162162162162162,1,136,0.6126126126126126
7162,1,139,0.6261261261261262,1,116,0.5225225225225225
7163,1,119,0.536036036036036,1,96,0.43243243243243246
7164,1,99,0.44594594594594594,1,76,0.34234234234234234
7165,1,79,0.35585585585585583,1,56,0.25225225225225223
7166,1,59,0.26576576576576577,1,36,0.16216216216216217
7167,1,39,0.17567567567567569,1,16,0.07207207207207207
7168,1,19,0.08558558558558559,0,-1,-1.0
7169,0,-1,-1.0,0,-1,-1.0
7170,0,-1,-1.0,0,-1,-1.0
7171,0,-1,-1.0,1,204,0.918918918918919
7172,1,207,0.9324324324324325,1,184,0.8288288288288288
7173,1,187,0.8423423423423423,1,164,0.7387387387387387
7174,1,167,0.7522522522522522,1,144,0.6486486486486487
7175,1,147,0.6621621621621622,1,124,0.5585585585585585
7176,1,127,0.5720720720720721,1,104,0.46846846846846846
7177,1,107,0.481981981981982,1,84,0.3783783783783784
7178,1,87,0.3918918918918919,1,64,0.2882882882882883
7179,1,67,0.30180180180180183,1,44,0.1981981981981982
7180,1,47,0.21171171171171171,1,24,0.10810810810810811
7181,1,27,0.12162162162162163,1,4,0.018018018018018018
7182,1,7,0.03153153153153153,0,-1,-1.0
7183,0,-1,-1.0,0,-1,-1.0
7184,0,-1,-1.0,0,-1,-1.0
7185,0,-1,-1.0,0,-1,-1.0
7186,0,-1,-1.0,0,-1,-1.0
7187,0,-1,-1.0,1,221,0.9954954954954955
7188,0,-1,-1.0,1,201,0.9054054054054054
7189,1,22,0.0990990990990991,1,162,0.7297297297297297
7190,1,2,0.009009009009009009,1,142,0.6396396396396397
7191,1,134,0.6036036036036037,1,122,0.5495495495495496
7192,1,114,0.5135135135135135,1,102,0.4594594594594595
7193,1,94,0.42342342342342343,1,82,0.36936936936936937
7194,1,74,0.3333333333333333,1,62,0.27927927927927926
7195,1,54,0.24324324324324326,1,42,0.1891891891891892
7196,1,34,0.15315315315315314,1,22,0.0990990990990991
7197,1,14,0.06306306306306306,1,2,0.009009009009009009
7198,0,-1,-1.0,0,-1,-1.0
7199,0,-1,-1.0,0,-1,-1.0
7200,0,-1,-1.0,0,-1,-1.0
7201,1,217,0.9774774774774775,1,205,0.9234234234234234
7202,1,197,0.8873873873873874,1,185,0.8333333333333334
7203,1,177,0.7972972972972973,1,165,0.7432432432432432
7204,1,157,0.7072072072072072,1,145,0.6531531531531531
7205,1,137,0.6171171171171171,1,125,0.5630630630630631
7206,1,117,0.527027027027027,1,105,0.47297297297297297
7207,1,97,0.4369369369369369,1,85,0.38288288288288286
7208,1,77,0.34684684684684686,1,65,0.2927927927927928
7209,1,57,0.25675675675675674,1,45,0.20270270270270271
7210,1,37,0.16666666666666666,1,25,0.11261261261261261
7211,1,17,0.07657657657657657,1,5,0.02252252252252252
7212,0,-1,-1.0,0,-1,-1.0
7213,0,-1,-1.0,0,-1,-1.0
7214,1,220,0.990990990990991,1,208,0.9369369369369369
7215,1,200,0.9009009009009009,1,188,0.8468468468468469
7216,1,180,0.8108108108108109,1,168,0.7567567567567568
7217,1,160,0.7207207207207207,1,148,0.6666666666666666
7218,1,140,0.6306306306306306,1,128,0.5765765765765766
7219,1,120,0.5405405405405406,1,108,0.4864864864864865
7220,1,100,0.45045045045045046,1,88,0.3963963963963964
7221,1,80,0.36036036036036034,1,68,0.3063063063063063
7222,1,60,0.2702702702702703,1,48,0.21621621621621623
7223,1,40,0.18018018018018017,1,28,0.12612612612612611
7224,1,20,0.09009009009009009,1,8,0.036036036036036036
7225,1,0,0.0,0,-1,-1.0
7226,0,-1,-1.0,0,-1,-1.0
7227,0,-1,-1.0,1,213,0.9594594594594594
7228,0,-1,-1.0,1,193,0.8693693693693694
7229,1,58,0.26126126126126126,0,-1,-1.0
7230,1,38,0.17117117117117117,0,-1,-1.0
7231,1,18,0.08108108108108109,0,-1,-1.0
7232,0,-1,-1.0,0,-1,-1.0
7233,0,-1,-1.0,0,-1,-1.0
7234,0,-1,-1.0,1,205,0.9234234234234234
7235,1,215,0.9684684684684685,1,185,0.8333333333333334
7236,1,195,0.8783783783783784,1,165,0.7432432432432432
7237,1,175,0.7882882882882883,1,145,0.6531531531531531
7238,1,155,0.6981981981981982,1,125,0.5630630630630631
7239,1,135,0.6081081081081081,1,105,0.47297297297297297
7240,1,115,0.5180180180180181,1,85,0.38288288288288286
7241,1,95,0.42792792792792794,1,65,0.2927927927927928
7242,1,75,0.33783783783783783,1,45,0.20270270270270271
7243,1,55,0.24774774774774774,1,25,0.11261261261261261
7244,1,35,0.15765765765765766,1,5,0.02252252252252252
7245,1,15,0.06756756756756757,1,197,0.8873873873873874
7246,1,207,0.9324324324324325,1,177,0.7972972972972973
7247,1,187,0.8423423423423423,1,157,0.7072072072072072
7248,1,167,0.7522522522522522,1,137,0.6171171171171171
7249,1,147,0.6621621621621622,1,117,0.527027027027027
7250,1,127,0.5720720720720721,1,97,0.4369369369369369
7251,1,107,0.481981981981982,1,77,0.34684684684684686
7252,1,87,0.3918918918918919,1,57,0.25675675675675674
7253,1,67,0.30180180180180183,1,37,0.16666666666666666
7254,1,47,0.21171171171171171,1,17,0.07657657657657657
7255,1,27,0.12162162162162163,1,195,0.8783783783783784
7256,1,7,0.03153153153153153,1,175,0.7882882882882883
7257,1,185,0.8333333333333334,1,155,0.6981981981981982
7258,1,165,0.7432432432432432,1,135,0.6081081081081081
7259,1,145,0.6531531531531531,1,115,0.5180180180180181
7260,1,125,0.5630630630630631,1,95,0.42792792792792794
7261,1,105,0.47297297297297297,1,75,0.33783783783783783
7262,1,85,0.38288288288288286,1,55,0.24774774774774774
7263,1,65,0.2927927927927928,1,35,0.15765765765765766
7264,1,45,0.20270270270270271,1,15,0.06756756756756757
7265,1,25,0.11261261261261261,0,-1,-1.0
7266,1,5,0.02252252252252252,0,-1,-1.0
7267,0,-1,-1.0,0,-1,-1.0
7268,0,-1,-1.0,1,207,0.9324324324324325
7269,0,-1,-1.0,1,187,0.8423423423423423
7270,1,50,0.22522522522522523,0,-1,-1.0
7271,1,30,0.13513513513513514,0,-1,-1.0
7272,1,10,0.04504504504504504,0,-1,-1.0
7273,0,-1,-1.0,0,-1,-1.0
7274,0,-1,-1.0,0,-1,-1.0
7275,0,-1,-1.0,1,203,0.9144144144144144
7276,1,209,0.9414414414414415,1,183,0.8243243243243243
7277,1,189,0.8513513513513513,1,163,0.7342342342342343
7278,1,169,0.7612612612612613,1,143,0.6441441441441441
7279,1,149,0.6711711711711712,1,123,0.5540540540540541
7280,1,129,0.581081081081081,1,103,0.46396396396396394
7281,1,109,0.49099099099099097,1,83,0.3738738738738739
7282,1,89,0.4009009009009009,1,63,0.28378378378378377
7283,1,69,0.3108108108108108,1,43,0.19369369369369369
7284,1,49,0.22072072072072071,1,23,0.1036036036036036
7285,1,29,0.13063063063063063,1,3,0.013513513513513514
7286,1,9,0.04054054054054054,1,186,0.8378378378378378
7287,1,192,0.8648648648648649,1,166,0.7477477477477478
7288,1,172,0.7747747747747747,1,146,0.6576576576576577
7289,1,152,0.6846846846846847,1,126,0.5675675675675675
7290,1,132,0.5945945945945946,1,106,0.4774774774774775
7291,1,112,0.5045045045045045,1,86,0.38738738738738737
7292,1,92,0.4144144144144144,1,66,0.2972972972972973
7293,1,72,0.32432432432432434,1,46,0.2072072072072072
7294,1,52,0.23423423423423423,1,26,0.11711711711711711
7295,1,32,0.14414414414414414,1,6,0.02702702702702703
7296,1,12,0.05405405405405406,0,-1,-1.0
7297,0,-1,-1.0,0,-1,-1.0
7298,0,-1,-1.0,0,-1,-1.0
7299,0,-1,-1.0,1,212,0.954954954954955
7300,1,218,0.9819819819819819,1,192,0.8648648648648649
7301,1,198,0.8918918918918919,1,172,0.7747747747747747
7302,1,178,0.8018018018018018,1,152,0.6846846846846847
7303,1,158,0.7117117117117117,1,132,0.5945945945945946
7304,1,138,0.6216216216216216,1,112,0.5045045045045045
7305,1,118,0.5315315315315315,1,92,0.4144144144144144
7306,1,98,0.44144144144144143,1,72,0.32432432432432434
7307,1,78,0.35135135135135137,1,52,0.23423423423423423
7308,1,58,0.26126126126126126,1,32,0.14414414414414414
7309,1,38,0.17117117117117117,1,12,0.05405405405405406
7310,1,18,0.08108108108108109,0,-1,-1.0
7311,0,-1,-1.0,0,-1,-1.0
7312,0,-1,-1.0,0,-1,-1.0
7313,0,-1,-1.0,0,-1,-1.0
7314,0,-1,-1.0,0,-1,-1.0
7315,0,-1,-1.0,1,207,0.9324324324324325
7316,1,22,0.0990990990990991,0,-1,-1.0
7317,1,2,0.009009009009009009,0,-1,-1.0
7318,0,-1,-1.0,0,-1,-1.0
7319,0,-1,-1.0,0,-1,-1.0
7320,0,-1,-1.0,1,212,0.954954954954955
7321,1,204,0.918918918918919,1,192,0.8648648648648649
7322,1,184,0.8288288288288288,1,172,0.7747747747747747
7323,1,164,0.7387387387387387,1,152,0.6846846846846847
7324,1,144,0.6486486486486487,1,132,0.5945945945945946
7325,1,124,0.5585585585585585,1,112,0.5045045045045045
7326,1,104,0.46846846846846846,1,92,0.4144144144144144
7327,1,84,0.3783783783783784,1,72,0.32432432432432434
7328,1,64,0.2882882882882883,1,52,0.23423423423423423
7329,1,44,0.1981981981981982,1,32,0.14414414414414414
7330,1,24,0.10810810810810811,1,12,0.05405405405405406
7331,1,4,0.018018018018018018,0,-1,-1.0
7332,0,-1,-1.0,0,-1,-1.0
7333,0,-1,-1.0,1,215,0.9684684684684685
7334,1,207,0.9324324324324325,1,195,0.8783783783783784
7335,1,187,0.8423423423423423,1,175,0.7882882882882883
7336,1,167,0.7522522522522522,1,155,0.6981981981981982
7337,1,147,0.6621621621621622,1,135,0.6081081081081081
7338,1,127,0.5720720720720721,1,115,0.5180180180180181
7339,1,107,0.481981981981982,1,95,0.42792792792792794
7340,1,87,0.3918918918918919,1,75,0.33783783783783783
7341,1,67,0.30180180180180183,1,55,0.24774774774774774
7342,1,47,0.21171171171171171,1,35,0.15765765765765766
7343,1,27,0.12162162162162163,1,15,0.06756756756756757
7344,1,7,0.03153153153153153,1,163,0.7342342342342343
7345,1,155,0.6981981981981982,1,143,0.6441441441441441
7346,1,135,0.6081081081081081,1,123,0.5540540540540541
7347,1,115,0.5180180180180181,1,103,0.46396396396396394
7348,1,95,0.42792792792792794,1,83,0.3738738738738739
7349,1,75,0.33783783783783783,1,63,0.28378378378378377
7350,1,55,0.24774774774774774,1,43,0.19369369369369369
7351,1,35,0.15765765765765766,1,23,0.1036036036036036
7352,1,15,0.06756756756756757,1,3,0.013513513513513514
7353,0,-1,-1.0,0,-1,-1.0
7354,0,-1,-1.0,0,-1,-1.0
7355,0,-1,-1.0,1,219,0.9864864864864865
7356,0,-1,-1.0,1,199,0.8963963963963963
7357,1,72,0.32432432432432434,0,-1,-1.0
7358,1,52,0.23423423423423423,0,-1,-1.0
7359,1,32,0.14414414414414414,0,-1,-1.0
7360,1,12,0.05405405405405406,0,-1,-1.0
7361,0,-1,-1.0,0,-1,-1.0
7362,0,-1,-1.0,1,211,0.9504504504504504
7363,0,-1,-1.0,1,191,0.8603603603603603
7364,1,208,0.9369369369369369,1,171,0.7702702702702703
7365,1,188,0.8468468468468469,1,151,0.6801801801801802
7366,1,168,0.7567567567567568,1,131,0.5900900900900901
7367,1,148,0.6666666666666666,1,111,0.5
7368,1,128,0.5765765765765766,1,91,0.4099099099099099
7369,1,108,0.4864864864864865,1,71,0.31981981981981983
7370,1,88,0.3963963963963964,1,51,0.22972972972972974
7371,1,68,0.3063063063063063,1,31,0.13963963963963963
7372,1,48,0.21621621621621623,1,11,0.04954954954954955
7373,1,28,0.12612612612612611,0,-1,-1.0
7374,1,8,0.036036036036036036,1,207,0.9324324324324325
7375,0,-1,-1.0,1,187,0.8423423423423423
7376,1,204,0.918918918918919,1,167,0.7522522522522522
7377,1,184,0.8288288288288288,1,147,0.6621621621621622
7378,1,164,0.7387387387387387,1,127,0.5720720720720721
7379,1,144,0.6486486486486487,1,107,0.481981981981982
7380,1,124,0.5585585585585585,1,87,0.3918918918918919
7381,1,104,0.46846846846846846,1,67,0.30180180180180183
7382,1,84,0.3783783783783784,1,47,0.21171171171171171
7383,1,64,0.2882882882882883,1,27,0.12162162162162163
7384,1,44,0.1981981981981982,1,7,0.03153153153153153
7385,1,24,0.10810810810810811,0,-1,-1.0
7386,1,4,0.018018018018018018,0,-1,-1.0
7387,0,-1,-1.0,0,-1,-1.0
7388,0,-1,-1.0,1,205,0.9234234234234234
7389,1,222,1.0,1,185,0.8333333333333334
7390,1,202,0.9099099099099099,1,165,0.7432432432432432
7391,1,182,0.8198198198198198,1,145,0.6531531531531531
7392,1,162,0.7297297297297297,1,125,0.5630630630630631
7393,1,142,0.6396396396396397,1,105,0.47297297297297297
7394,1,122,0.5495495495495496,1,85,0.38288288288288286
7395,1,102,0.4594594594594595,1,65,0.2927927927927928
7396,1,82,0.36936936936936937,1,45,0.20270270270270271
7397,1,62,0.27927927927927926,1,25,0.11261261261261261
7398,1,42,0.1891891891891892,1,5,0.02252252252252252
7399,1,22,0.0990990990990991,0,-1,-1.0
7400,1,2,0.009009009009009009,0,-1,-1.0
7401,0,-1,-1.0,1,213,0.9594594594594594
7402,1,68,0.3063063063063063,1,217,0.9774774774774775
7403,1,48,0.21621621621621623,1,197,0.8873873873873874
7404,1,28,0.12612612612612611,1,177,0.7972972972972973
7405,1,8,0.036036036036036036,1,157,0.7072072072072072
7406,1,172,0.7747747747747747,1,137,0.6171171171171171
7407,1,152,0.6846846846846847,1,117,0.527027027027027
7408,1,132,0.5945945945945946,1,97,0.4369369369369369
7409,1,112,0.5045045045045045,1,77,0.34684684684684686
7410,1,92,0.4144144144144144,1,57,0.25675675675675674
7411,1,72,0.32432432432432434,1,37,0.16666666666666666
7412,1,52,0.23423423423423423,1,17,0.07657657657657657
7413,1,32,0.14414414414414414,1,221,0.9954954954954955
7414,1,12,0.05405405405405406,1,201,0.9054054054054054
7415,1,216,0.972972972972973,1,181,0.8153153153153153
7416,1,196,0.8828828828828829,1,161,0.7252252252252253
7417,1,176,0.7927927927927928,1,141,0.6351351351351351
7418,1,156,0.7027027027027027,1,121,0.545045045045045
7419,1,136,0.6126126126126126,1,101,0.45495495495495497
7420,1,116,0.5225225225225225,1,81,0.36486486486486486
7421,1,96,0.43243243243243246,1,61,0.2747747747747748
7422,1,76,0.34234234234234234,1,41,0.18468468468468469
7423,1,56,0.25225225225225223,1,21,0.0945945945945946
7424,1,36,0.16216216216216217,1,1,0.0045045045045045045
7425,1,16,0.07207207207207207,0,-1,-1.0
7426,0,-1,-1.0,0,-1,-1.0
7427,1,46,0.2072072072072072,0,-1,-1.0
7428,1,26,0.11711711711711711,1,208,0.9369369369369369
7429,1,6,0.02702702702702703,1,188,0.8468468468468469
7430,1,192,0.8648648648648649,1,168,0.7567567567567568
7431,1,172,0.7747747747747747,1,148,0.6666666666666666
7432,1,152,0.6846846846846847,1,128,0.5765765765765766
7433,1,132,0.5945945945945946,1,108,0.4864864864864865
7434,1,112,0.5045045045045045,1,88,0.3963963963963964
7435,1,92,0.4144144144144144,1,68,0.3063063063063063
7436,1,72,0.32432432432432434,1,48,0.21621621621621623
7437,1,52,0.23423423423423423,1,28,0.12612612612612611
7438,1,32,0.14414414414414414,1,8,0.036036036036036036
7439,1,12,0.05405405405405406,0,-1,-1.0
7440,0,-1,-1.0,0,-1,-1.0
7441,0,-1,-1.0,0,-1,-1.0
7442,0,-1,-1.0,1,222,1.0
7443,0,-1,-1.0,1,202,0.9099099099099099
7444,1,206,0.9279279279279279,1,182,0.8198198198198198
7445,1,186,0.8378378378378378,1,162,0.7297297297297297
7446,1,166,0.7477477477477478,1,142,0.6396396396396397
7447,1,146,0.6576576576576577,1,122,0.5495495495495496
7448,1,126,0.5675675675675675,1,102,0.4594594594594595
7449,1,106,0.4774774774774775,1,82,0.36936936936936937
7450,1,86,0.38738738738738737,1,62,0.27927927927927926
7451,1,66,0.2972972972972973,1,42,0.1891891891891892
7452,1,46,0.2072072072072072,1,22,0.0990990990990991
7453,1,26,0.11711711711711711,1,2,0.009009009009009009
7454,1,6,0.02702702702702703,1,175,0.7882882882882883
7455,1,179,0.8063063063063063,1,155,0.6981981981981982
7456,1,159,0.7162162162162162,1,135,0.6081081081081081
7457,1,139,0.6261261261261262,1,115,0.5180180180180181
7458,1,119,0.536036036036036,1,95,0.42792792792792794
7459,1,99,0.44594594594594594,1,75,0.33783783783783783
7460,1,79,0.35585585585585583,1,55,0.24774774774774774
7461,1,59,0.26576576576576577,1,35,0.15765765765765766
7462,1,39,0.17567567567567569,1,15,0.06756756756756757
7463,1,19,0.08558558558558559,1,213,0.9594594594594594
7464,0,-1,-1.0,1,193,0.8693693693693694
7465,1,28,0.12612612612612611,0,-1,-1.0
7466,1,8,0.036036036036036036,0,-1,-1.0
7467,0,-1,-1.0,1,208,0.9369369369369369
7468,1,203,0.9144144144144144,1,188,0.8468468468468469
7469,1,183,0.8243243243243243,1,168,0.7567567567567568
7470,1,163,0.7342342342342343,1,148,0.6666666666666666
7471,1,143,0.6441441441441441,1,128,0.5765765765765766
7472,1,123,0.5540540540540541,1,108,0.4864864864864865
7473,1,103,0.46396396396396394,1,88,0.3963963963963964
7474,1,83,0.3738738738738739,1,68,0.3063063063063063
7475,1,63,0.28378378378378377,1,48,0.21621621621621623
7476,1,43,0.19369369369369369,1,28,0.12612612612612611
7477,1,23,0.1036036036036036,1,8,0.036036036036036036
7478,1,3,0.013513513513513514,1,200,0.9009009009009009
7479,1,195,0.8783783783783784,1,180,0.8108108108108109
7480,1,175,0.7882882882882883,1,160,0.7207207207207207
7481,1,155,0.6981981981981982,1,140,0.6306306306306306
7482,1,135,0.6081081081081081,1,120,0.5405405405405406
7483,1,115,0.5180180180180181,1,100,0.45045045045045046
7484,1,95,0.42792792792792794,1,80,0.36036036036036034
7485,1,75,0.33783783783783783,1,60,0.2702702702702703
7486,1,55,0.24774774774774774,1,40,0.18018018018018017
7487,1,35,0.15765765765765766,1,20,0.09009009009009009
7488,1,15,0.06756756756756757,1,0,0.0
7489,0,-1,-1.0,0,-1,-1.0
7490,0,-1,-1.0,0,-1,-1.0
7491,0,-1,-1.0,0,-1,-1.0
7492,0,-1,-1.0,1,219,0.9864864864864865
7493,1,214,0.963963963963964,1,199,0.8963963963963963
7494,1,194,0.8738738738738738,1,179,0.8063063063063063
7495,1,174,0.7837837837837838,1,159,0.7162162162162162
7496,1,154,0.6936936936936937,1,139,0.6261261261261262
7497,1,134,0.6036036036036037,1,119,0.536036036036036
7498,1,114,0.5135135135135135,1,99,0.44594594594594594
7499,1,94,0.42342342342342343,1,79,0.35585585585585583
7500,1,74,0.3333333333333333,1,59,0.26576576576576577
7501,1,54,0.24324324324324326,1,39,0.17567567567567569
7502,1,34,0.15315315315315314,1,19,0.08558558558558559
7503,1,14,0.06306306306306306,1,208,0.9369369369369369
7504,1,50,0.22522522522522523,0,-1,-1.0
7505,1,30,0.13513513513513514,0,-1,-1.0
7506,1,10,0.04504504504504504,0,-1,-1.0
7507,0,-1,-1.0,0,-1,-1.0
7508,0,-1,-1.0,0,-1,-1.0
7509,0,-1,-1.0,0,-1,-1.0
7510,0,-1,-1.0,1,214,0.963963963963964
7511,1,220,0.990990990990991,1,194,0.8738738738738738
7512,1,200,0.9009009009009009,1,174,0.7837837837837838
7513,1,180,0.8108108108108109,1,154,0.6936936936936937
7514,1,160,0.7207207207207207,1,134,0.6036036036036037
7515,1,140,0.6306306306306306,1,114,0.5135135135135135
7516,1,120,0.5405405405405406,1,94,0.42342342342342343
7517,1,100,0.45045045045045046,1,74,0.3333333333333333
7518,1,80,0.36036036036036034,1,54,0.24324324324324326
7519,1,60,0.2702702702702703,1,34,0.15315315315315314
7520,1,40,0.18018018018018017,1,14,0.06306306306306306
7521,1,20,0.09009009009009009,0,-1,-1.0
7522,1,0,0.0,0,-1,-1.0
7523,0,-1,-1.0,1,208,0.9369369369369369
7524,1,214,0.963963963963964,1,188,0.8468468468468469
7525,1,194,0.8738738738738738,1,168,0.7567567567567568
7526,1,174,0.7837837837837838,1,148,0.6666666666666666
7527,1,154,0.6936936936936937,1,128,0.5765765765765766
7528,1,134,0.6036036036036037,1,108,0.4864864864864865
7529,1,114,0.5135135135135135,1,88,0.3963963963963964
7530,1,94,0.42342342342342343,1,68,0.3063063063063063
7531,1,74,0.3333333333333333,1,48,0.21621621621621623
7532,1,54,0.24324324324324326,1,28,0.12612612612612611
7533,1,78,0.35135135135135137,0,-1,-1.0
7534,1,58,0.26126126126126126,0,-1,-1.0
7535,1,38,0.17117117117117117,0,-1,-1.0
7536,1,18,0.08108108108108109,0,-1,-1.0
7537,0,-1,-1.0,0,-1,-1.0
7538,0,-1,-1.0,0,-1,-1.0
7539,0,-1,-1.0,0,-1,-1.0
7540,0,-1,-1.0,1,207,0.9324324324324325
7541,0,-1,-1.0,1,187,0.8423423423423423
7542,1,207,0.9324324324324325,1,167,0.7522522522522522
7543,1,187,0.8423423423423423,1,147,0.6621621621621622
7544,1,167,0.7522522522522522,1,127,0.5720720720720721
7545,1,147,0.6621621621621622,1,107,0.481981981981982
7546,1,127,0.5720720720720721,1,87,0.3918918918918919
7547,1,107,0.481981981981982,1,67,0.30180180180180183
7548,1,87,0.3918918918918919,1,47,0.21171171171171171
7549,1,67,0.30180180180180183,1,27,0.12162162162162163
7550,1,47,0.21171171171171171,1,7,0.03153153153153153
7551,1,27,0.12162162162162163,1,201,0.9054054054054054
7552,1,7,0.03153153153153153,1,181,0.8153153153153153
7553,1,201,0.9054054054054054,1,161,0.7252252252252253
7554,1,181,0.8153153153153153,1,141,0.6351351351351351
7555,1,161,0.7252252252252253,1,121,0.545045045045045
7556,1,141,0.6351351351351351,1,101,0.45495495495495497
7557,1,121,0.545045045045045,1,81,0.36486486486486486
7558,1,101,0.45495495495495497,1,61,0.2747747747747748
7559,1,81,0.36486486486486486,1,41,0.18468468468468469
7560,1,61,0.2747747747747748,1,21,0.0945945945945946
7561,1,41,0.18468468468468469,1,1,0.0045045045045045045
7562,1,21,0.0945945945945946,0,-1,-1.0
7563,1,1,0.0045045045045045045,0,-1,-1.0
7564,0,-1,-1.0,1,206,0.9279279279279279
7565,1,74,0.3333333333333333,0,-1,-1.0
7566,1,54,0.24324324324324326,0,-1,-1.0
7567,1,34,0.15315315315315314,1,208,0.9369369369369369
7568,1,14,0.06306306306306306,1,188,0.8468468468468469
7569,1,206,0.9279279279279279,1,168,0.7567567567567568
7570,1,186,0.8378378378378378,1,148,0.6666666666666666
7571,1,166,0.7477477477477478,1,128,0.5765765765765766
7572,1,146,0.6576576576576577,1,108,0.4864864864864865
7573,1,126,0.5675675675675675,1,88,0.3963963963963964
7574,1,106,0.4774774774774775,1,68,0.3063063063063063
7575,1,86,0.38738738738738737,1,48,0.21621621621621623
7576,1,66,0.2972972972972973,1,28,0.12612612612612611
7577,1,46,0.2072072072072072,1,8,0.036036036036036036
7578,1,26,0.11711711711711711,1,205,0.9234234234234234
7579,1,6,0.02702702702702703,1,185,0.8333333333333334
7580,1,203,0.9144144144144144,1,165,0.7432432432432432
7581,1,183,0.8243243243243243,1,145,0.6531531531531531
7582,1,163,0.7342342342342343,1,125,0.5630630630630631
7583,1,143,0.6441441441441441,1,105,0.47297297297297297
7584,1,123,0.5540540540540541,1,85,0.38288288288288286
7585,1,103,0.46396396396396394,1,65,0.2927927927927928
7586,1,83,0.3738738738738739,1,45,0.20270270270270271
7587,1,63,0.28378378378378377,1,25,0.11261261261261261
7588,1,43,0.19369369369369369,1,5,0.02252252252252252
7589,1,23,0.1036036036036036,1,213,0.9594594594594594
7590,1,3,0.013513513513513514,1,193,0.8693693693693694
7591,1,211,0.9504504504504504,1,173,0.7792792792792793
7592,1,191,0.8603603603603603,1,153,0.6891891891891891
7593,1,171,0.7702702702702703,1,133,0.5990990990990991
7594,1,151,0.6801801801801802,1,113,0.509009009009009
7595,1,131,0.5900900900900901,1,93,0.4189189189189189
7596,1,111,0.5,1,73,0.32882882882882886
7597,1,91,0.4099099099099099,1,53,0.23873873873873874
7598,1,71,0.31981981981981983,1,33,0.14864864864864866
7599,1,51,0.22972972972972974,1,13,0.05855855855855856
7600,1,31,0.13963963963963963,0,-1,-1.0
7601,1,11,0.04954954954954955,0,-1,-1.0
7602,0,-1,-1.0,1,221,0.9954954954954955
7603,0,-1,-1.0,1,201,0.9054054054054054
7604,1,74,0.3333333333333333,0,-1,-1.0
7605,1,54,0.24324324324324326,0,-1,-1.0
7606,1,34,0.15315315315315314,1,213,0.9594594594594594
7607,1,14,0.06306306306306306,1,193,0.8693693693693694
7608,1,211,0.9504504504504504,1,173,0.7792792792792793
7609,1,191,0.8603603603603603,1,153,0.6891891891891891
7610,1,171,0.7702702702702703,1,133,0.5990990990990991
7611,1,151,0.6801801801801802,1,113,0.509009009009009
7612,1,131,0.5900900900900901,1,93,0.4189189189189189
7613,1,111,0.5,1,73,0.32882882882882886
7614,1,91,0.4099099099099099,1,53,0.23873873873873874
7615,1,71,0.31981981981981983,1,33,0.14864864864864866
7616,1,51,0.22972972972972974,1,13,0.05855855855855856
7617,1,31,0.13963963963963963,1,211,0.9504504504504504
7618,1,11,0.04954954954954955,1,191,0.8603603603603603
7619,1,209,0.9414414414414415,1,171,0.7702702702702703
7620,1,189,0.8513513513513513,1,151,0.6801801801801802
7621,1,169,0.7612612612612613,1,131,0.5900900900900901
7622,1,149,0.6711711711711712,1,111,0.5
7623,1,129,0.581081081081081,1,91,0.4099099099099099
7624,1,109,0.49099099099099097,1,71,0.31981981981981983
7625,1,89,0.4009009009009009,1,51,0.22972972972972974
7626,1,69,0.3108108108108108,1,31,0.13963963963963963
7627,1,49,0.22072072072072071,1,11,0.04954954954954955
7628,1,29,0.13063063063063063,0,-1,-1.0
7629,1,9,0.04054054054054054,0,-1,-1.0
7630,0,-1,-1.0,0,-1,-1.0
7631,0,-1,-1.0,0,-1,-1.0
7632,0,-1,-1.0,1,219,0.9864864864864865
7633,1,54,0.24324324324324326,0,-1,-1.0
7634,1,34,0.15315315315315314,0,-1,-1.0
7635,1,14,0.06306306306306306,0,-1,-1.0
7636,0,-1,-1.0,0,-1,-1.0
7637,0,-1,-1.0,0,-1,-1.0
7638,0,-1,-1.0,0,-1,-1.0
7639,0,-1,-1.0,1,204,0.918918918918919
7640,1,212,0.954954954954955,1,184,0.8288288288288288
7641,1,192,0.8648648648648649,1,164,0.7387387387387387
7642,1,172,0.7747747747747747,1,144,0.6486486486486487
7643,1,152,0.6846846846846847,1,124,0.5585585585585585
7644,1,132,0.5945945945945946,1,104,0.46846846846846846
7645,1,112,0.5045045045045045,1,84,0.3783783783783784
7646,1,92,0.4144144144144144,1,64,0.2882882882882883
7647,1,72,0.32432432432432434,1,44,0.1981981981981982
7648,1,52,0.23423423423423423,1,24,0.10810810810810811
7649,1,32,0.14414414414414414,1,4,0.018018018018018018
7650,1,12,0.05405405405405406,1,163,0.7342342342342343
7651,1,171,0.7702702702702703,1,143,0.6441441441441441
7652,1,151,0.6801801801801802,1,123,0.5540540540540541
7653,1,131,0.5900900900900901,1,103,0.46396396396396394
7654,1,111,0.5,1,83,0.3738738738738739
7655,1,91,0.4099099099099099,1,63,0.28378378378378377
7656,1,71,0.31981981981981983,1,43,0.19369369369369369
7657,1,51,0.22972972972972974,1,23,0.1036036036036036
7658,1,31,0.13963963963963963,1,3,0.013513513513513514
7659,1,11,0.04954954954954955,1,215,0.9684684684684685
7660,0,-1,-1.0,1,195,0.8783783783783784
7661,1,20,0.09009009009009009,0,-1,-1.0
7662,1,0,0.0,0,-1,-1.0
7663,0,-1,-1.0,0,-1,-1.0
7664,0,-1,-1.0,0,-1,-1.0
7665,0,-1,-1.0,1,220,0.990990990990991
7666,1,211,0.9504504504504504,1,200,0.9009009009009009
7667,1,191,0.8603603603603603,1,180,0.8108108108108109
7668,1,171,0.7702702702702703,1,160,0.7207207207207207
7669,1,151,0.6801801801801802,1,140,0.6306306306306306
7670,1,131,0.5900900900900901,1,120,0.5405405405405406
7671,1,111,0.5,1,100,0.45045045045045046
7672,1,91,0.4099099099099099,1,80,0.36036036036036034
7673,1,71,0.31981981981981983,1,60,0.2702702702702703
7674,1,51,0.22972972972972974,1,40,0.18018018018018017
7675,1,31,0.13963963963963963,1,20,0.09009009009009009
7676,1,11,0.04954954954954955,1,0,0.0
7677,0,-1,-1.0,0,-1,-1.0
7678,0,-1,-1.0,0,-1,-1.0
7679,0,-1,-1.0,1,216,0.972972972972973
7680,1,207,0.9324324324324325,1,196,0.8828828828828829
7681,1,187,0.8423423423423423,1,176,0.7927927927927928
7682,1,167,0.7522522522522522,1,156,0.7027027027027027
7683,1,147,0.6621621621621622,1,136,0.6126126126126126
7684,1,127,0.5720720720720721,1,116,0.5225225225225225
7685,1,107,0.481981981981982,1,96,0.43243243243243246
7686,1,87,0.3918918918918919,1,76,0.34234234234234234
7687,1,67,0.30180180180180183,1,56,0.25225225225225223
7688,1,47,0.21171171171171171,1,36,0.16216216216216217
7689,1,27,0.12162162162162163,1,16,0.07207207207207207
7690,1,7,0.03153153153153153,1,189,0.8513513513513513
7691,1,180,0.8108108108108109,1,169,0.7612612612612613
7692,1,160,0.7207207207207207,1,149,0.6711711711711712
7693,1,140,0.6306306306306306,1,129,0.581081081081081
7694,1,120,0.5405405405405406,1,109,0.49099099099099097
7695,1,100,0.45045045045045046,1,89,0.4009009009009009
7696,1,80,0.36036036036036034,1,69,0.3108108108108108
7697,1,60,0.2702702702702703,1,49,0.22072072072072071
7698,1,40,0.18018018018018017,1,29,0.13063063063063063
7699,1,20,0.09009009009009009,1,9,0.04054054054054054
7700,1,0,0.0,0,-1,-1.0
7701,0,-1,-1.0,0,-1,-1.0
7702,0,-1,-1.0,0,-1,-1.0
7703,0,-1,-1.0,0,-1,-1.0
7704,1,44,0.1981981981981982,0,-1,-1.0
7705,1,24,0.10810810810810811,0,-1,-1.0
7706,1,4,0.018018018018018018,0,-1,-1.0
7707,0,-1,-1.0,0,-1,-1.0
7708,0,-1,-1.0,1,218,0.9819819819819819
7709,1,221,0.9954954954954955,1,198,0.8918918918918919
7710,1,201,0.9054054054054054,1,178,0.8018018018018018
7711,1,181,0.8153153153153153,1,158,0.7117117117117117
7712,1,161,0.7252252252252253,1,138,0.6216216216216216
7713,1,141,0.6351351351351351,1,118,0.5315315315315315
7714,1,121,0.545045045045045,1,98,0.44144144144144143
7715,1,101,0.45495495495495497,1,78,0.35135135135135137
7716,1,81,0.36486486486486486,1,58,0.26126126126126126
7717,1,61,0.2747747747747748,1,38,0.17117117117117117
7718,1,41,0.18468468468468469,1,18,0.08108108108108109
7719,1,21,0.0945945945945946,1,170,0.7657657657657657
7720,1,1,0.0045045045045045045,1,150,0.6756756756756757
7721,1,153,0.6891891891891891,1,130,0.5855855855855856
7722,1,133,0.5990990990990991,1,110,0.4954954954954955
7723,1,113,0.509009009009009,1,90,0.40540540540540543
7724,1,93,0.4189189189189189,1,70,0.3153153153153153
7725,1,73,0.32882882882882886,1,50,0.22522522522522523
7726,1,53,0.23873873873873874,1,30,0.13513513513513514
7727,1,33,0.14864864864864866,1,10,0.04504504504504504
7728,1,13,0.05855855855855856,0,-1,-1.0
7729,0,-1,-1.0,0,-1,-1.0
7730,0,-1,-1.0,0,-1,-1.0
7731,0,-1,-1.0,1,218,0.9819819819819819
7732,1,221,0.9954954954954955,1,198,0.8918918918918919
7733,1,201,0.9054054054054054,1,178,0.8018018018018018
7734,1,181,0.8153153153153153,1,158,0.7117117117117117
7735,1,161,0.7252252252252253,1,138,0.6216216216216216
7736,1,141,0.6351351351351351,1,118,0.5315315315315315
7737,1,121,0.545045045045045,1,98,0.44144144144144143
7738,1,101,0.45495495495495497,1,78,0.35135135135135137
7739,1,81,0.36486486486486486,1,58,0.26126126126126126
7740,1,61,0.2747747747747748,1,38,0.17117117117117117
7741,1,41,0.18468468468468469,1,18,0.08108108108108109
7742,1,54,0.24324324324324326,0,-1,-1.0
7743,1,34,0.15315315315315314,0,-1,-1.0
7744,1,14,0.06306306306306306,0,-1,-1.0
7745,0,-1,-1.0,0,-1,-1.0
7746,0,-1,-1.0,0,-1,-1.0
7747,0,-1,-1.0,1,220,0.990990990990991
7748,0,-1,-1.0,1,200,0.9009009009009009
7749,1,208,0.9369369369369369,1,180,0.8108108108108109
7750,1,188,0.8468468468468469,1,160,0.7207207207207207
7751,1,168,0.7567567567567568,1,140,0.6306306306306306
7752,1,148,0.6666666666666666,1,120,0.5405405405405406
7753,1,128,0.5765765765765766,1,100,0.45045045045045046
7754,1,108,0.4864864864864865,1,80,0.36036036036036034
7755,1,88,0.3963963963963964,1,60,0.2702702702702703
7756,1,68,0.3063063063063063,1,40,0.18018018018018017
7757,1,48,0.21621621621621623,1,20,0.09009009009009009
7758,1,28,0.12612612612612611,1,0,0.0
7759,1,8,0.036036036036036036,0,-1,-1.0
7760,0,-1,-1.0,0,-1,-1.0
7761,0,-1,-1.0,0,-1,-1.0
7762,0,-1,-1.0,1,209,0.9414414414414415
7763,1,217,0.9774774774774775,1,189,0.8513513513513513
7764,1,197,0.8873873873873874,1,169,0.7612612612612613
7765,1,177,0.7972972972972973,1,149,0.6711711711711712
7766,1,157,0.7072072072072072,1,129,0.581081081081081
7767,1,137,0.6171171171171171,1,109,0.49099099099099097
7768,1,117,0.527027027027027,1,89,0.4009009009009009
7769,1,97,0.4369369369369369,1,69,0.3108108108108108
7770,1,77,0.34684684684684686,1,49,0.22072072072072071
7771,1,57,0.25675675675675674,1,29,0.13063063063063063
7772,1,42,0.1891891891891892,0,-1,-1.0
7773,1,22,0.0990990990990991,0,-1,-1.0
7774,1,2,0.009009009009009009,0,-1,-1.0
7775,0,-1,-1.0,0,-1,-1.0
7776,0,-1,-1.0,1,216,0.972972972972973
7777,1,218,0.9819819819819819,1,196,0.8828828828828829
7778,1,198,0.8918918918918919,1,176,0.7927927927927928
7779,1,178,0.8018018018018018,1,156,0.7027027027027027
7780,1,158,0.7117117117117117,1,136,0.6126126126126126
7781,1,138,0.6216216216216216,1,116,0.5225225225225225
7782,1,118,0.5315315315315315,1,96,0.43243243243243246
7783,1,98,0.44144144144144143,1,76,0.34234234234234234
7784,1,78,0.35135135135135137,1,56,0.25225225225225223
7785,1,58,0.26126126126126126,1,36,0.16216216216216217
7786,1,38,0.17117117117117117,1,16,0.07207207207207207
7787,1,18,0.08108108108108109,1,161,0.7252252252252253
7788,1,163,0.7342342342342343,1,141,0.6351351351351351
7789,1,143,0.6441441441441441,1,121,0.545045045045045
7790,1,123,0.5540540540540541,1,101,0.45495495495495497
7791,1,103,0.46396396396396394,1,81,0.36486486486486486
7792,1,83,0.3738738738738739,1,61,0.2747747747747748
7793,1,63,0.28378378378378377,1,41,0.18468468468468469
7794,1,43,0.19369369369369369,1,21,0.0945945945945946
7795,1,23,0.1036036036036036,1,1,0.0045045045045045045
7796,1,3,0.013513513513513514,0,-1,-1.0
7797,0,-1,-1.0,0,-1,-1.0
7798,0,-1,-1.0,0,-1,-1.0
7799,0,-1,-1.0,1,207,0.9324324324324325
7800,1,209,0.9414414414414415,1,187,0.8423423423423423
7801,1,189,0.8513513513513513,1,167,0.7522522522522522
7802,1,169,0.7612612612612613,1,147,0.6621621621621622
7803,1,149,0.6711711711711712,1,127,0.5720720720720721
7804,1,129,0.581081081081081,1,107,0.481981981981982
7805,1,109,0.49099099099099097,1,87,0.3918918918918919
7806,1,89,0.4009009009009009,1,67,0.30180180180180183
7807,1,69,0.3108108108108108,1,47,0.21171171171171171
7808,1,49,0.22072072072072071,1,27,0.12162162162162163
7809,1,29,0.13063063063063063,1,7,0.03153153153153153
7810,1,9,0.04054054054054054,1,195,0.8783783783783784
7811,1,76,0.34234234234234234,0,-1,-1.0
7812,1,56,0.25225225225225223,0,-1,-1.0
7813,1,36,0.16216216216216217,0,-1,-1.0
7814,1,16,0.07207207207207207,0,-1,-1.0
7815,0,-1,-1.0,1,222,1.0
7816,0,-1,-1.0,1,202,0.9099099099099099
7817,1,221,0.9954954954954955,1,182,0.8198198198198198
7818,1,201,0.9054054054054054,1,162,0.7297297297297297
7819,1,181,0.8153153153153153,1,142,0.6396396396396397
7820,1,161,0.7252252252252253,1,122,0.5495495495495496
7821,1,141,0.6351351351351351,1,102,0.4594594594594595
7822,1,121,0.545045045045045,1,82,0.36936936936936937
7823,1,101,0.45495495495495497,1,62,0.27927927927927926
7824,1,81,0.36486486486486486,1,42,0.1891891891891892
7825,1,61,0.2747747747747748,1,22,0.0990990990990991
7826,1,41,0.18468468468468469,1,2,0.009009009009009009
7827,1,21,0.0945945945945946,0,-1,-1.0
7828,1,1,0.0045045045045045045,0,-1,-1.0
7829,0,-1,-1.0,0,-1,-1.0
7830,0,-1,-1.0,1,212,0.954954954954955
7831,0,-1,-1.0,1,192,0.8648648648648649
7832,1,211,0.9504504504504504,1,172,0.7747747747747747
7833,1,191,0.8603603603603603,1,152,0.6846846846846847
7834,1,171,0.7702702702702703,1,132,0.5945945945945946
7835,1,151,0.6801801801801802,1,112,0.5045045045045045
7836,1,131,0.5900900900900901,1,92,0.4144144144144144
7837,1,111,0.5,1,72,0.32432432432432434
7838,1,91,0.4099099099099099,1,52,0.23423423423423423
7839,1,71,0.31981981981981983,1,32,0.14414414414414414
7840,1,51,0.22972972972972974,1,12,0.05405405405405406
7841,1,31,0.13963963963963963,1,213,0.9594594594594594
7842,1,11,0.04954954954954955,1,193,0.8693693693693694
7843,1,212,0.954954954954955,1,173,0.7792792792792793
7844,1,192,0.8648648648648649,1,153,0.6891891891891891
7845,1,172,0.7747747747747747,1,133,0.5990990990990991
7846,1,152,0.6846846846846847,1,113,0.509009009009009
7847,1,132,0.5945945945945946,1,93,0.4189189189189189
7848,1,112,0.5045045045045045,1,73,0.32882882882882886
7849,1,92,0.4144144144144144,1,53,0.23873873873873874
7850,1,72,0.32432432432432434,1,33,0.14864864864864866
7851,1,52,0.23423423423423423,1,13,0.05855855855855856
7852,1,32,0.14414414414414414,0,-1,-1.0
7853,1,12,0.05405405405405406,0,-1,-1.0
7854,0,-1,-1.0,0,-1,-1.0
7855,0,-1,-1.0,0,-1,-1.0
7856,0,-1,-1.0,0,-1,-1.0
7857,1,78,0.35135135135135137,0,-1,-1.0
7858,1,58,0.26126126126126126,0,-1,-1.0
7859,1,38,0.17117117117117117,0,-1,-1.0
7860,1,18,0.08108108108108109,0,-1,-1.0
7861,0,-1,-1.0,1,212,0.954954954954955
7862,0,-1,-1.0,1,192,0.8648648648648649
7863,1,212,0.954954954954955,1,172,0.7747747747747747
7864,1,192,0.8648648648648649,1,152,0.6846846846846847
7865,1,172,0.7747747747747747,1,132,0.5945945945945946
7866,1,152,0.6846846846846847,1,112,0.5045045045045045
7867,1,132,0.5945945945945946,1,92,0.4144144144144144
7868,1,112,0.5045045045045045,1,72,0.32432432432432434
7869,1,92,0.4144144144144144,1,52,0.23423423423423423
7870,1,72,0.32432432432432434,1,32,0.14414414414414414
7871,1,52,0.23423423423423423,1,12,0.05405405405405406
7872,1,32,0.14414414414414414,1,194,0.8738738738738738
7873,1,12,0.05405405405405406,1,174,0.7837837837837838
7874,1,194,0.8738738738738738,1,154,0.6936936936936937
7875,1,174,0.7837837837837838,1,134,0.6036036036036037
7876,1,154,0.6936936936936937,1,114,0.5135135135135135
7877,1,134,0.6036036036036037,1,94,0.42342342342342343
7878,1,114,0.5135135135135135,1,74,0.3333333333333333
7879,1,94,0.42342342342342343,1,54,0.24324324324324326
7880,1,74,0.3333333333333333,1,34,0.15315315315315314
7881,1,54,0.24324324324324326,1,14,0.06306306306306306
7882,1,34,0.15315315315315314,1,216,0.972972972972973
7883,1,14,0.06306306306306306,1,196,0.8828828828828829
7884,1,216,0.972972972972973,1,176,0.7927927927927928
7885,1,196,0.8828828828828829,1,156,0.7027027027027027
7886,1,176,0.7927927927927928,1,136,0.6126126126126126
7887,1,156,0.7027027027027027,1,116,0.5225225225225225
7888,1,136,0.6126126126126126,1,96,0.43243243243243246
7889,1,116,0.5225225225225225,1,76,0.34234234234234234
7890,1,96,0.43243243243243246,1,56,0.25225225225225223
7891,1,76,0.34234234234234234,1,36,0.16216216216216217
7892,1,56,0.25225225225225223,1,16,0.07207207207207207
7893,1,36,0.16216216216216217,0,-1,-1.0
7894,1,16,0.07207207207207207,1,206,0.9279279279279279
7895,1,48,0.21621621621621623,0,-1,-1.0
7896,1,28,0.12612612612612611,0,-1,-1.0
7897,1,8,0.036036036036036036,0,-1,-1.0
7898,0,-1,-1.0,0,-1,-1.0
7899,0,-1,-1.0,1,221,0.9954954954954955
7900,0,-1,-1.0,1,201,0.9054054054054054
7901,1,206,0.9279279279279279,1,181,0.8153153153153153
7902,1,186,0.8378378378378378,1,161,0.7252252252252253
7903,1,166,0.7477477477477478,1,141,0.6351351351351351
7904,1,146,0.6576576576576577,1,121,0.545045045045045
7905,1,126,0.5675675675675675,1,101,0.45495495495495497
7906,1,106,0.4774774774774775,1,81,0.36486486486486486
7907,1,86,0.38738738738738737,1,61,0.2747747747747748
7908,1,66,0.2972972972972973,1,41,0.18468468468468469
7909,1,46,0.2072072072072072,1,21,0.0945945945945946
7910,1,26,0.11711711711711711,1,1,0.0045045045045045045
7911,1,6,0.02702702702702703,0,-1,-1.0
7912,0,-1,-1.0,0,-1,-1.0
7913,0,-1,-1.0,1,213,0.9594594594594594
7914,1,218,0.9819819819819819,1,193,0.8693693693693694
7915,1,198,0.8918918918918919,1,173,0.7792792792792793
7916,1,178,0.8018018018018018,1,153,0.6891891891891891
7917,1,158,0.7117117117117117,1,133,0.5990990990990991
7918,1,138,0.6216216216216216,1,113,0.509009009009009
7919,1,118,0.5315315315315315,1,93,0.4189189189189189
7920,1,98,0.44144144144144143,1,73,0.32882882882882886
7921,1,78,0.35135135135135137,1,53,0.23873873873873874
7922,1,58,0.26126126126126126,1,33,0.14864864864864866
7923,1,38,0.17117117117117117,1,13,0.05855855855855856
7924,1,18,0.08108108108108109,1,200,0.9009009009009009
7925,1,28,0.12612612612612611,0,-1,-1.0
7926,1,8,0.036036036036036036,0,-1,-1.0
7927,0,-1,-1.0,0,-1,-1.0
7928,0,-1,-1.0,0,-1,-1.0
7929,0,-1,-1.0,1,212,0.954954954954955
7930,1,207,0.9324324324324325,1,192,0.8648648648648649
7931,1,187,0.8423423423423423,1,172,0.7747747747747747
7932,1,167,0.7522522522522522,1,152,0.6846846846846847
7933,1,147,0.6621621621621622,1,132,0.5945945945945946
7934,1,127,0.5720720720720721,1,112,0.5045045045045045
7935,1,107,0.481981981981982,1,92,0.4144144144144144
7936,1,87,0.3918918918918919,1,72,0.32432432432432434
7937,1,67,0.30180180180180183,1,52,0.23423423423423423
7938,1,47,0.21171171171171171,1,32,0.14414414414414414
7939,1,27,0.12162162162162163,1,12,0.05405405405405406
7940,1,7,0.03153153153153153,1,177,0.7972972972972973
7941,1,172,0.7747747747747747,1,157,0.7072072072072072
7942,1,152,0.6846846846846847,1,137,0.6171171171171171
7943,1,132,0.5945945945945946,1,117,0.527027027027027
7944,1,112,0.5045045045045045,1,97,0.4369369369369369
7945,1,92,0.4144144144144144,1,77,0.34684684684684686
7946,1,72,0.32432432432432434,1,57,0.25675675675675674
7947,1,52,0.23423423423423423,1,37,0.16666666666666666
7948,1,32,0.14414414414414414,1,17,0.07657657657657657
7949,1,12,0.05405405405405406,0,-1,-1.0
7950,0,-1,-1.0,0,-1,-1.0
7951,0,-1,-1.0,0,-1,-1.0
7952,0,-1,-1.0,1,222,1.0
7953,1,20,0.09009009009009009,1,175,0.7882882882882883
7954,1,0,0.0,1,155,0.6981981981981982
7955,1,146,0.6576576576576577,1,135,0.6081081081081081
7956,1,126,0.5675675675675675,1,115,0.5180180180180181
7957,1,106,0.4774774774774775,1,95,0.42792792792792794
7958,1,86,0.38738738738738737,1,75,0.33783783783783783
7959,1,66,0.2972972972972973,1,55,0.24774774774774774
7960,1,46,0.2072072072072072,1,35,0.15765765765765766
7961,1,26,0.11711711711711711,1,15,0.06756756756756757
7962,1,6,0.02702702702702703,1,141,0.6351351351351351
7963,1,132,0.5945945945945946,1,121,0.545045045045045
7964,1,112,0.5045045045045045,1,101,0.45495495495495497
7965,1,92,0.4144144144144144,1,81,0.36486486486486486
7966,1,72,0.32432432432432434,1,61,0.2747747747747748
7967,1,52,0.23423423423423423,1,41,0.18468468468468469
7968,1,32,0.14414414414414414,1,21,0.0945945945945946
7969,1,50,0.22522522522522523,1,212,0.954954954954955
7970,1,30,0.13513513513513514,1,192,0.8648648648648649
7971,1,10,0.04504504504504504,1,172,0.7747747747747747
7972,1,178,0.8018018018018018,1,152,0.6846846846846847
7973,1,158,0.7117117117117117,1,132,0.5945945945945946
7974,1,138,0.6216216216216216,1,112,0.5045045045045045
7975,1,118,0.5315315315315315,1,92,0.4144144144144144
7976,1,98,0.44144144144144143,1,72,0.32432432432432434
7977,1,78,0.35135135135135137,1,52,0.23423423423423423
7978,1,58,0.26126126126126126,1,32,0.14414414414414414
7979,1,38,0.17117117117117117,1,12,0.05405405405405406
7980,1,18,0.08108108108108109,0,-1,-1.0
7981,0,-1,-1.0,0,-1,-1.0
7982,0,-1,-1.0,1,208,0.9369369369369369
7983,1,214,0.963963963963964,1,188,0.8468468468468469
7984,1,194,0.8738738738738738,1,168,0.7567567567567568
7985,1,174,0.7837837837837838,1,148,0.6666666666666666
7986,1,154,0.6936936936936937,1,128,0.5765765765765766
7987,1,134,0.6036036036036037,1,108,0.4864864864864865
7988,1,114,0.5135135135135135,1,88,0.3963963963963964
7989,1,94,0.42342342342342343,1,68,0.3063063063063063
7990,1,74,0.3333333333333333,1,48,0.21621621621621623
7991,1,54,0.24324324324324326,1,28,0.12612612612612611
7992,1,34,0.15315315315315314,1,8,0.036036036036036036
7993,1,14,0.06306306306306306,1,204,0.918918918918919
7994,1,210,0.9459459459459459,1,184,0.8288288288288288
7995,1,190,0.8558558558558559,1,164,0.7387387387387387
7996,1,170,0.7657657657657657,1,144,0.6486486486486487
7997,1,150,0.6756756756756757,1,124,0.5585585585585585
7998,1,130,0.5855855855855856,1,104,0.46846846846846846
7999,1,110,0.4954954954954955,1,84,0.3783783783783784
8000,1,90,0.40540540540540543,1,64,0.2882882882882883
8001,1,70,0.3153153153153153,1,44,0.1981981981981982
8002,1,50,0.22522522522522523,1,24,0.10810810810810811
8003,1,30,0.13513513513513514,1,4,0.018018018018018018
8004,1,74,0.3333333333333333,0,-1,-1.0
8005,1,54,0.24324324324324326,0,-1,-1.0
8006,1,34,0.15315315315315314,0,-1,-1.0
8007,1,14,0.06306306306306306,0,-1,-1.0
8008,0,-1,-1.0,1,214,0.963963963963964
8009,0,-1,-1.0,1,194,0.8738738738738738
8010,1,212,0.954954954954955,1,174,0.7837837837837838
8011,1,192,0.8648648648648649,1,154,0.6936936936936937
8012,1,172,0.7747747747747747,1,134,0.6036036036036037
8013,1,152,0.6846846846846847,1,114,0.5135135135135135
8014,1,132,0.5945945945945946,1,94,0.42342342342342343
8015,1,112,0.5045045045045045,1,74,0.3333333333333333
8016,1,92,0.4144144144144144,1,54,0.24324324324324326
8017,1,72,0.32432432432432434,1,34,0.15315315315315314
8018,1,52,0.23423423423423423,1,14,0.06306306306306306
8019,1,32,0.14414414414414414,1,193,0.8693693693693694
8020,1,12,0.05405405405405406,1,173,0.7792792792792793
8021,1,191,0.8603603603603603,1,153,0.6891891891891891
8022,1,171,0.7702702702702703,1,133,0.5990990990990991
8023,1,151,0.6801801801801802,1,113,0.509009009009009
8024,1,131,0.5900900900900901,1,93,0.4189189189189189
8025,1,111,0.5,1,73,0.32882882882882886
8026,1,91,0.4099099099099099,1,53,0.23873873873873874
8027,1,71,0.31981981981981983,1,33,0.14864864864864866
8028,1,51,0.22972972972972974,1,13,0.05855855855855856
8029,1,31,0.13963963963963963,0,-1,-1.0
8030,1,11,0.04954954954954955,0,-1,-1.0
8031,0,-1,-1.0,1,220,0.990990990990991
8032,0,-1,-1.0,1,200,0.9009009009009009
8033,1,218,0.9819819819819819,1,180,0.8108108108108109
8034,1,198,0.8918918918918919,1,160,0.7207207207207207
8035,1,178,0.8018018018018018,1,140,0.6306306306306306
8036,1,158,0.7117117117117117,1,120,0.5405405405405406
8037,1,138,0.6216216216216216,1,100,0.45045045045045046
8038,1,118,0.5315315315315315,1,80,0.36036036036036034
8039,1,98,0.44144144144144143,1,60,0.2702702702702703
8040,1,78,0.35135135135135137,1,40,0.18018018018018017
8041,1,58,0.26126126126126126,1,20,0.09009009009009009
8042,1,38,0.17117117117117117,1,0,0.0
8043,1,66,0.2972972972972973,0,-1,-1.0
8044,1,46,0.2072072072072072,0,-1,-1.0
8045,1,26,0.11711711711711711,0,-1,-1.0
8046,1,6,0.02702702702702703,0,-1,-1.0
8047,0,-1,-1.0,0,-1,-1.0
8048,0,-1,-1.0,1,217,0.9774774774774775
8049,0,-1,-1.0,1,197,0.8873873873873874
8050,1,211,0.9504504504504504,1,177,0.7972972972972973
8051,1,191,0.8603603603603603,1,157,0.7072072072072072
8052,1,171,0.7702702702702703,1,137,0.6171171171171171
8053,1,151,0.6801801801801802,1,117,0.527027027027027
8054,1,131,0.5900900900900901,1,97,0.4369369369369369
8055,1,111,0.5,1,77,0.34684684684684686
8056,1,91,0.4099099099099099,1,57,0.25675675675675674
8057,1,71,0.31981981981981983,1,37,0.16666666666666666
8058,1,51,0.22972972972972974,1,17,0.07657657657657657
8059,1,31,0.13963963963963963,0,-1,-1.0
8060,1,11,0.04954954954954955,0,-1,-1.0
8061,0,-1,-1.0,0,-1,-1.0
8062,0,-1,-1.0,0,-1,-1.0
8063,0,-1,-1.0,0,-1,-1.0
8064,0,-1,-1.0,0,-1,-1.0
8065,0,-1,-1.0,0,-1,-1.0
8066,0,-1,-1.0,1,205,0.9234234234234234
8067,1,219,0.9864864864864865,1,185,0.8333333333333334
8068,1,199,0.8963963963963963,1,165,0.7432432432432432
8069,1,179,0.8063063063063063,1,145,0.6531531531531531
8070,1,159,0.7162162162162162,1,125,0.5630630630630631
8071,1,139,0.6261261261261262,1,105,0.47297297297297297
8072,1,119,0.536036036036036,1,85,0.38288288288288286
8073,1,99,0.44594594594594594,1,65,0.2927927927927928
8074,1,79,0.35585585585585583,1,45,0.20270270270270271
8075,1,59,0.26576576576576577,1,25,0.11261261261261261
8076,1,39,0.17567567567567569,1,5,0.02252252252252252
8077,1,19,0.08558558558558559,0,-1,-1.0
8078,0,-1,-1.0,0,-1,-1.0
8079,0,-1,-1.0,0,-1,-1.0
8080,0,-1,-1.0,1,212,0.954954954954955
8081,1,76,0.34234234234234234,0,-1,-1.0
8082,1,56,0.25225225225225223,0,-1,-1.0
8083,1,36,0.16216216216216217,0,-1,-1.0
8084,1,16,0.07207207207207207,1,213,0.9594594594594594
8085,0,-1,-1.0,1,193,0.8693693693693694
8086,1,212,0.954954954954955,1,173,0.7792792792792793
8087,1,192,0.8648648648648649,1,153,0.6891891891891891
8088,1,172,0.7747747747747747,1,133,0.5990990990990991
8089,1,152,0.6846846846846847,1,113,0.509009009009009
8090,1,132,0.5945945945945946,1,93,0.4189189189189189
8091,1,112,0.5045045045045045,1,73,0.32882882882882886
8092,1,92,0.4144144144144144,1,53,0.23873873873873874
8093,1,72,0.32432432432432434,1,33,0.14864864864864866
8094,1,52,0.23423423423423423,1,13,0.05855855855855856
8095,1,32,0.14414414414414414,0,-1,-1.0
8096,1,12,0.05405405405405406,1,208,0.9369369369369369
8097,0,-1,-1.0,1,188,0.8468468468468469
8098,1,207,0.9324324324324325,1,168,0.7567567567567568
8099,1,187,0.8423423423423423,1,148,0.6666666666666666
8100,1,167,0.7522522522522522,1,128,0.5765765765765766
8101,1,147,0.6621621621621622,1,108,0.4864864864864865
8102,1,127,0.5720720720720721,1,88,0.3963963963963964
8103,1,107,0.481981981981982,1,68,0.3063063063063063
8104,1,87,0.3918918918918919,1,48,0.21621621621621623
8105,1,67,0.30180180180180183,1,28,0.12612612612612611
8106,1,47,0.21171171171171171,1,8,0.036036036036036036
8107,1,27,0.12162162162162163,0,-1,-1.0
8108,1,7,0.03153153153153153,1,216,0.972972972972973
8109,1,20,0.09009009009009009,0,-1,-1.0
8110,1,0,0.0,0,-1,-1.0
8111,0,-1,-1.0,0,-1,-1.0
8112,0,-1,-1.0,0,-1,-1.0
8113,0,-1,-1.0,1,215,0.9684684684684685
8114,1,206,0.9279279279279279,1,195,0.8783783783783784
8115,1,186,0.8378378378378378,1,175,0.7882882882882883
8116,1,166,0.7477477477477478,1,155,0.6981981981981982
8117,1,146,0.6576576576576577,1,135,0.6081081081081081
8118,1,126,0.5675675675675675,1,115,0.5180180180180181
8119,1,106,0.4774774774774775,1,95,0.42792792792792794
8120,1,86,0.38738738738738737,1,75,0.33783783783783783
8121,1,66,0.2972972972972973,1,55,0.24774774774774774
8122,1,46,0.2072072072072072,1,35,0.15765765765765766
8123,1,26,0.11711711711711711,1,15,0.06756756756756757
8124,1,6,0.02702702702702703,0,-1,-1.0
8125,1,215,0.9684684684684685,1,204,0.918918918918919
8126,1,195,0.8783783783783784,1,184,0.8288288288288288
8127,1,175,0.7882882882882883,1,164,0.7387387387387387
8128,1,155,0.6981981981981982,1,144,0.6486486486486487
8129,1,135,0.6081081081081081,1,124,0.5585585585585585
8130,1,115,0.5180180180180181,1,104,0.46846846846846846
8131,1,95,0.42792792792792794,1,84,0.3783783783783784
8132,1,75,0.33783783783783783,1,64,0.2882882882882883
8133,1,55,0.24774774774774774,1,44,0.1981981981981982
8134,1,48,0.21621621621621623,0,-1,-1.0
8135,1,28,0.12612612612612611,0,-1,-1.0
8136,1,8,0.036036036036036036,0,-1,-1.0
8137,0,-1,-1.0,0,-1,-1.0
8138,0,-1,-1.0,1,215,0.9684684684684685
8139,1,220,0.990990990990991,1,195,0.8783783783783784
8140,1,200,0.9009009009009009,1,175,0.7882882882882883
8141,1,180,0.8108108108108109,1,155,0.6981981981981982
8142,1,160,0.7207207207207207,1,135,0.6081081081081081
8143,1,140,0.6306306306306306,1,115,0.5180180180180181
8144,1,120,0.5405405405405406,1,95,0.42792792792792794
8145,1,100,0.45045045045045046,1,75,0.33783783783783783
8146,1,80,0.36036036036036034,1,55,0.24774774774774774
8147,1,60,0.2702702702702703,1,35,0.15765765765765766
8148,1,40,0.18018018018018017,1,15,0.06756756756756757
8149,1,20,0.09009009009009009,0,-1,-1.0
8150,1,0,0.0,0,-1,-1.0
8151,0,-1,-1.0,1,210,0.9459459459459459
8152,1,215,0.9684684684684685,1,190,0.8558558558558559
8153,1,195,0.8783783783783784,1,170,0.7657657657657657
8154,1,175,0.7882882882882883,1,150,0.6756756756756757
8155,1,155,0.6981981981981982,1,130,0.5855855855855856
8156,1,135,0.6081081081081081,1,110,0.4954954954954955
8157,1,115,0.5180180180180181,1,90,0.40540540540540543
8158,1,95,0.42792792792792794,1,70,0.3153153153153153
8159,1,75,0.33783783783783783,1,50,0.22522522522522523
8160,1,55,0.24774774774774774,1,30,0.13513513513513514
8161,1,35,0.15765765765765766,1,10,0.04504504504504504
8162,1,15,0.06756756756756757,0,-1,-1.0
8163,0,-1,-1.0,1,213,0.9594594594594594
8164,1,50,0.22522522522522523,0,-1,-1.0
8165,1,30,0.13513513513513514,0,-1,-1.0
8166,1,10,0.04504504504504504,0,-1,-1.0
8167,0,-1,-1.0,0,-1,-1.0
8168,0,-1,-1.0,0,-1,-1.0
8169,0,-1,-1.0,1,206,0.9279279279279279
8170,1,212,0.954954954954955,1,186,0.8378378378378378
8171,1,192,0.8648648648648649,1,166,0.7477477477477478
8172,1,172,0.7747747747747747,1,146,0.6576576576576577
8173,1,152,0.6846846846846847,1,126,0.5675675675675675
8174,1,132,0.5945945945945946,1,106,0.4774774774774775
8175,1,112,0.5045045045045045,1,86,0.38738738738738737
8176,1,92,0.4144144144144144,1,66,0.2972972972972973
8177,1,72,0.32432432432432434,1,46,0.2072072072072072
8178,1,52,0.23423423423423423,1,26,0.11711711711711711
8179,1,32,0.14414414414414414,1,6,0.02702702702702703
8180,1,12,0.05405405405405406,0,-1,-1.0
8181,0,-1,-1.0,0,-1,-1.0
8182,0,-1,-1.0,0,-1,-1.0
8183,0,-1,-1.0,0,-1,-1.0
8184,0,-1,-1.0,1,221,0.9954954954954955
8185,0,-1,-1.0,1,201,0.9054054054054054
8186,1,207,0.9324324324324325,1,181,0.8153153153153153
8187,1,187,0.8423423423423423,1,161,0.7252252252252253
8188,1,167,0.7522522522522522,1,141,0.6351351351351351
8189,1,147,0.6621621621621622,1,121,0.545045045045045
8190,1,127,0.5720720720720721,1,101,0.45495495495495497
8191,1,107,0.481981981981982,1,81,0.36486486486486486
8192,1,87,0.3918918918918919,1,61,0.2747747747747748
8193,1,67,0.30180180180180183,1,41,0.18468468468468469
8194,1,47,0.21171171171171171,1,21,0.0945945945945946
8195,1,27,0.12162162162162163,1,1,0.0045045045045045045
8196,1,7,0.03153153153153153,0,-1,-1.0
8197,0,-1,-1.0,0,-1,-1.0
8198,0,-1,-1.0,0,-1,-1.0
8199,0,-1,-1.0,0,-1,-1.0
8200,0,-1,-1.0,0,-1,-1.0
8201,0,-1,-1.0,1,207,0.9324324324324325
8202,0,-1,-1.0,1,187,0.8423423423423423
8203,1,28,0.12612612612612611,0,-1,-1.0
8204,1,8,0.036036036036036036,0,-1,-1.0
8205,0,-1,-1.0,0,-1,-1.0
8206,0,-1,-1.0,0,-1,-1.0
8207,0,-1,-1.0,1,218,0.9819819819819819
8208,1,213,0.9594594594594594,1,198,0.8918918918918919
8209,1,193,0.8693693693693694,1,178,0.8018018018018018
8210,1,173,0.7792792792792793,1,158,0.7117117117117117
8211,1,153,0.6891891891891891,1,138,0.6216216216216216
8212,1,133,0.5990990990990991,1,118,0.5315315315315315
8213,1,113,0.509009009009009,1,98,0.44144144144144143
8214,1,93,0.4189189189189189,1,78,0.35135135135135137
8215,1,73,0.32882882882882886,1,58,0.26126126126126126
8216,1,53,0.23873873873873874,1,38,0.17117117117117117
8217,1,33,0.14864864864864866,1,18,0.08108108108108109
8218,1,13,0.05855855855855856,0,-1,-1.0
8219,0,-1,-1.0,0,-1,-1.0
8220,0,-1,-1.0,0,-1,-1.0
8221,0,-1,-1.0,1,218,0.9819819819819819
8222,1,213,0.9594594594594594,1,198,0.8918918918918919
8223,1,193,0.8693693693693694,1,178,0.8018018018018018
8224,1,173,0.7792792792792793,1,158,0.7117117117117117
8225,1,153,0.6891891891891891,1,138,0.6216216216216216
8226,1,133,0.5990990990990991,1,118,0.5315315315315315
8227,1,113,0.509009009009009,1,98,0.44144144144144143
8228,1,93,0.4189189189189189,1,78,0.35135135135135137
8229,1,73,0.32882882882882886,1,58,0.26126126126126126
8230,1,53,0.23873873873873874,1,38,0.17117117117117117
8231,1,33,0.14864864864864866,1,18,0.08108108108108109
8232,1,13,0.05855855855855856,0,-1,-1.0
8233,0,-1,-1.0,0,-1,-1.0
8234,0,-1,-1.0,0,-1,-1.0
8235,0,-1,-1.0,0,-1,-1.0
8236,0,-1,-1.0,0,-1,-1.0
8237,0,-1,-1.0,1,208,0.9369369369369369
8238,1,46,0.2072072072072072,1,220,0.990990990990991
8239,1,26,0.11711711711711711,1,200,0.9009009009009009
8240,1,6,0.02702702702702703,1,180,0.8108108108108109
8241,1,184,0.8288288288288288,1,160,0.7207207207207207
8242,1,164,0.7387387387387387,1,140,0.6306306306306306
8243,1,144,0.6486486486486487,1,120,0.5405405405405406
8244,1,124,0.5585585585585585,1,100,0.45045045045045046
8245,1,104,0.46846846846846846,1,80,0.36036036036036034
8246,1,84,0.3783783783783784,1,60,0.2702702702702703
8247,1,64,0.2882882882882883,1,40,0.18018018018018017
8248,1,44,0.1981981981981982,1,20,0.09009009009009009
8249,1,24,0.10810810810810811,1,0,0.0
8250,1,4,0.018018018018018018,0,-1,-1.0
8251,0,-1,-1.0,0,-1,-1.0
8252,0,-1,-1.0,1,217,0.9774774774774775
8253,1,221,0.9954954954954955,1,197,0.8873873873873874
8254,1,201,0.9054054054054054,1,177,0.7972972972972973
8255,1,181,0.8153153153153153,1,157,0.7072072072072072
8256,1,161,0.7252252252252253,1,137,0.6171171171171171
8257,1,141,0.6351351351351351,1,117,0.527027027027027
8258,1,121,0.545045045045045,1,97,0.4369369369369369
8259,1,101,0.45495495495495497,1,77,0.34684684684684686
8260,1,81,0.36486486486486486,1,57,0.25675675675675674
8261,1,61,0.2747747747747748,1,37,0.16666666666666666
8262,1,41,0.18468468468468469,1,17,0.07657657657657657
8263,1,21,0.0945945945945946,1,204,0.918918918918919
8264,1,66,0.2972972972972973,0,-1,-1.0
8265,1,46,0.2072072072072072,0,-1,-1.0
8266,1,26,0.11711711711711711,0,-1,-1.0
8267,1,6,0.02702702702702703,0,-1,-1.0
8268,0,-1,-1.0,1,220,0.990990990990991
8269,0,-1,-1.0,1,200,0.9009009009009009
8270,1,214,0.963963963963964,1,180,0.8108108108108109
8271,1,194,0.8738738738738738,1,160,0.7207207207207207
8272,1,174,0.7837837837837838,1,140,0.6306306306306306
8273,1,154,0.6936936936936937,1,120,0.5405405405405406
8274,1,134,0.6036036036036037,1,100,0.45045045045045046
8275,1,114,0.5135135135135135,1,80,0.36036036036036034
8276,1,94,0.42342342342342343,1,60,0.2702702702702703
8277,1,74,0.3333333333333333,1,40,0.18018018018018017
8278,1,54,0.24324324324324326,1,20,0.09009009009009009
8279,1,34,0.15315315315315314,1,0,0.0
8280,1,14,0.06306306306306306,1,204,0.918918918918919
8281,1,218,0.9819819819819819,1,184,0.8288288288288288
8282,1,198,0.8918918918918919,1,164,0.7387387387387387
8283,1,178,0.8018018018018018,1,144,0.6486486486486487
8284,1,158,0.7117117117117117,1,124,0.5585585585585585
8285,1,138,0.6216216216216216,1,104,0.46846846846846846
8286,1,118,0.5315315315315315,1,84,0.3783783783783784
8287,1,98,0.44144144144144143,1,64,0.2882882882882883
8288,1,78,0.35135135135135137,1,44,0.1981981981981982
8289,1,58,0.26126126126126126,1,24,0.10810810810810811
8290,1,38,0.17117117117117117,1,4,0.018018018018018018
8291,1,18,0.08108108108108109,0,-1,-1.0
8292,0,-1,-1.0,0,-1,-1.0
8293,0,-1,-1.0,0,-1,-1.0
8294,0,-1,-1.0,0,-1,-1.0
8295,0,-1,-1.0,0,-1,-1.0
8296,0,-1,-1.0,1,218,0.9819819819819819
8297,0,-1,-1.0,1,198,0.8918918918918919
8298,1,212,0.954954954954955,1,178,0.8018018018018018
8299,1,192,0.8648648648648649,1,158,0.7117117117117117
8300,1,172,0.7747747747747747,1,138,0.6216216216216216
8301,1,152,0.6846846846846847,1,118,0.5315315315315315
8302,1,132,0.5945945945945946,1,98,0.44144144144144143
8303,1,112,0.5045045045045045,1,78,0.35135135135135137
8304,1,92,0.4144144144144144,1,58,0.26126126126126126
8305,1,72,0.32432432432432434,1,38,0.17117117117117117
8306,1,52,0.23423423423423423,1,18,0.08108108108108109
8307,1,32,0.14414414414414414,0,-1,-1.0
8308,1,12,0.05405405405405406,0,-1,-1.0
8309,0,-1,-1.0,1,222,1.0
8310,0,-1,-1.0,1,202,0.9099099099099099
8311,1,30,0.13513513513513514,1,219,0.9864864864864865
8312,1,10,0.04504504504504504,1,199,0.8963963963963963
8313,1,195,0.8783783783783784,1,179,0.8063063063063063
8314,1,175,0.7882882882882883,1,159,0.7162162162162162
8315,1,155,0.6981981981981982,1,139,0.6261261261261262
8316,1,135,0.6081081081081081,1,119,0.536036036036036
8317,1,115,0.5180180180180181,1,99,0.44594594594594594
8318,1,95,0.42792792792792794,1,79,0.35585585585585583
8319,1,75,0.33783783783783783,1,59,0.26576576576576577
8320,1,55,0.24774774774774774,1,39,0.17567567567567569
8321,1,35,0.15765765765765766,1,19,0.08558558558558559
8322,1,15,0.06756756756756757,1,183,0.8243243243243243
8323,1,179,0.8063063063063063,1,163,0.7342342342342343
8324,1,159,0.7162162162162162,1,143,0.6441441441441441
8325,1,139,0.6261261261261262,1,123,0.5540540540540541
8326,1,119,0.536036036036036,1,103,0.46396396396396394
8327,1,99,0.44594594594594594,1,83,0.3738738738738739
8328,1,79,0.35585585585585583,1,63,0.28378378378378377
8329,1,59,0.26576576576576577,1,43,0.19369369369369369
8330,1,39,0.17567567567567569,1,23,0.1036036036036036
8331,1,19,0.08558558558558559,1,3,0.013513513513513514
8332,0,-1,-1.0,0,-1,-1.0
8333,0,-1,-1.0,0,-1,-1.0
8334,0,-1,-1.0,1,215,0.9684684684684685
8335,1,211,0.9504504504504504,1,195,0.8783783783783784
8336,1,191,0.8603603603603603,1,175,0.7882882882882883
8337,1,171,0.7702702702702703,1,155,0.6981981981981982
8338,1,151,0.6801801801801802,1,135,0.6081081081081081
8339,1,131,0.5900900900900901,1,115,0.5180180180180181
8340,1,111,0.5,1,95,0.42792792792792794
8341,1,91,0.4099099099099099,1,75,0.33783783783783783
8342,1,71,0.31981981981981983,1,55,0.24774774774774774
8343,1,51,0.22972972972972974,1,35,0.15765765765765766
8344,1,20,0.09009009009009009,0,-1,-1.0
8345,1,0,0.0,1,209,0.9414414414414415
8346,1,200,0.9009009009009009,1,189,0.8513513513513513
8347,1,180,0.8108108108108109,1,169,0.7612612612612613
8348,1,160,0.7207207207207207,1,149,0.6711711711711712
8349,1,140,0.6306306306306306,1,129,0.581081081081081
8350,1,120,0.5405405405405406,1,109,0.49099099099099097
8351,1,100,0.45045045045045046,1,89,0.4009009009009009
8352,1,80,0.36036036036036034,1,69,0.3108108108108108
8353,1,60,0.2702702702702703,1,49,0.22072072072072071
8354,1,40,0.18018018018018017,1,29,0.13063063063063063
8355,1,20,0.09009009009009009,1,9,0.04054054054054054
8356,1,0,0.0,0,-1,-1.0
8357,1,218,0.9819819819819819,1,207,0.9324324324324325
8358,1,198,0.8918918918918919,1,187,0.8423423423423423
8359,1,178,0.8018018018018018,1,167,0.7522522522522522
8360,1,158,0.7117117117117117,1,147,0.6621621621621622
8361,1,138,0.6216216216216216,1,127,0.5720720720720721
8362,1,118,0.5315315315315315,1,107,0.481981981981982
8363,1,98,0.44144144144144143,1,87,0.3918918918918919
8364,1,78,0.35135135135135137,1,67,0.30180180180180183
8365,1,58,0.26126126126126126,1,47,0.21171171171171171
8366,1,38,0.17117117117117117,1,27,0.12162162162162163
8367,1,18,0.08108108108108109,1,7,0.03153153153153153
8368,1,68,0.3063063063063063,0,-1,-1.0
8369,1,48,0.21621621621621623,0,-1,-1.0
8370,1,28,0.12612612612612611,1,208,0.9369369369369369
8371,1,8,0.036036036036036036,1,188,0.8468468468468469
8372,1,203,0.9144144144144144,1,168,0.7567567567567568
8373,1,183,0.8243243243243243,1,148,0.6666666666666666
8374,1,163,0.7342342342342343,1,128,0.5765765765765766
8375,1,143,0.6441441441441441,1,108,0.4864864864864865
8376,1,123,0.5540540540540541,1,88,0.3963963963963964
8377,1,103,0.46396396396396394,1,68,0.3063063063063063
8378,1,83,0.3738738738738739,1,48,0.21621621621621623
8379,1,63,0.28378378378378377,1,28,0.12612612612612611
8380,1,43,0.19369369369369369,1,8,0.036036036036036036
8381,1,23,0.1036036036036036,0,-1,-1.0
8382,1,3,0.013513513513513514,0,-1,-1.0
8383,0,-1,-1.0,0,-1,-1.0
8384,0,-1,-1.0,0,-1,-1.0
8385,0,-1,-1.0,0,-1,-1.0
8386,0,-1,-1.0,0,-1,-1.0
8387,0,-1,-1.0,1,217,0.9774774774774775
8388,0,-1,-1.0,1,197,0.8873873873873874
8389,1,212,0.954954954954955,1,177,0.7972972972972973
8390,1,192,0.8648648648648649,1,157,0.7072072072072072
8391,1,172,0.7747747747747747,1,137,0.6171171171171171
8392,1,152,0.6846846846846847,1,117,0.527027027027027
8393,1,132,0.5945945945945946,1,97,0.4369369369369369
8394,1,112,0.5045045045045045,1,77,0.34684684684684686
8395,1,92,0.4144144144144144,1,57,0.25675675675675674
8396,1,72,0.32432432432432434,1,37,0.16666666666666666
8397,1,52,0.23423423423423423,1,17,0.07657657657657657
8398,1,32,0.14414414414414414,0,-1,-1.0
8399,1,12,0.05405405405405406,0,-1,-1.0
8400,0,-1,-1.0,0,-1,-1.0
8401,0,-1,-1.0,1,208,0.9369369369369369
8402,0,-1,-1.0,1,188,0.8468468468468469
8403,1,203,0.9144144144144144,1,168,0.7567567567567568
8404,1,183,0.8243243243243243,1,148,0.6666666666666666
8405,1,163,0.7342342342342343,1,128,0.5765765765765766
8406,1,143,0.6441441441441441,1,108,0.4864864864864865
8407,1,123,0.5540540540540541,1,88,0.3963963963963964
8408,1,103,0.46396396396396394,1,68,0.3063063063063063
8409,1,83,0.3738738738738739,1,48,0.21621621621621623
8410,1,63,0.28378378378378377,1,28,0.12612612612612611
8411,1,43,0.19369369369369369,1,8,0.036036036036036036
8412,1,23,0.1036036036036036,0,-1,-1.0
8413,1,3,0.013513513513513514,0,-1,-1.0
8414,0,-1,-1.0,1,203,0.9144144144144144
8415,0,-1,-1.0,1,183,0.8243243243243243
8416,1,62,0.27927927927927926,0,-1,-1.0
8417,1,42,0.1891891891891892,0,-1,-1.0
8418,1,22,0.0990990990990991,1,219,0.9864864864864865
8419,1,2,0.009009009009009009,1,199,0.8963963963963963
8420,1,211,0.9504504504504504,1,179,0.8063063063063063
8421,1,191,0.8603603603603603,1,159,0.7162162162162162
8422,1,171,0.7702702702702703,1,139,0.6261261261261262
8423,1,151,0.6801801801801802,1,119,0.536036036036036
8424,1,131,0.5900900900900901,1,99,0.44594594594594594
8425,1,111,0.5,1,79,0.35585585585585583
8426,1,91,0.4099099099099099,1,59,0.26576576576576577
8427,1,71,0.31981981981981983,1,39,0.17567567567567569
8428,1,51,0.22972972972972974,1,19,0.08558558558558559
8429,1,31,0.13963963963963963,1,173,0.7792792792792793
8430,1,11,0.04954954954954955,1,153,0.6891891891891891
8431,1,165,0.7432432432432432,1,133,0.5990990990990991
8432,1,145,0.6531531531531531,1,113,0.509009009009009
8433,1,125,0.5630630630630631,1,93,0.4189189189189189
8434,1,105,0.47297297297297297,1,73,0.32882882882882886
8435,1,85,0.38288288288288286,1,53,0.23873873873873874
8436,1,65,0.2927927927927928,1,33,0.14864864864864866
8437,1,45,0.20270270270270271,1,13,0.05855855855855856
8438,1,25,0.11261261261261261,0,-1,-1.0
8439,1,5,0.02252252252252252,1,210,0.9459459459459459
8440,1,24,0.10810810810810811,1,203,0.9144144144144144
8441,1,4,0.018018018018018018,1,183,0.8243243243243243
8442,1,176,0.7927927927927928,1,163,0.7342342342342343
8443,1,156,0.7027027027027027,1,143,0.6441441441441441
8444,1,136,0.6126126126126126,1,123,0.5540540540540541
8445,1,116,0.5225225225225225,1,103,0.46396396396396394
8446,1,96,0.43243243243243246,1,83,0.3738738738738739
8447,1,76,0.34234234234234234,1,63,0.28378378378378377
8448,1,56,0.25225225225225223,1,43,0.19369369369369369
8449,1,36,0.16216216216216217,1,23,0.1036036036036036
8450,1,16,0.07207207207207207,1,3,0.013513513513513514
8451,0,-1,-1.0,1,221,0.9954954954954955
8452,1,214,0.963963963963964,1,201,0.9054054054054054
8453,1,194,0.8738738738738738,1,181,0.8153153153153153
8454,1,174,0.7837837837837838,1,161,0.7252252252252253
8455,1,154,0.6936936936936937,1,141,0.6351351351351351
8456,1,134,0.6036036036036037,1,121,0.545045045045045
8457,1,114,0.5135135135135135,1,101,0.45495495495495497
8458,1,94,0.42342342342342343,1,81,0.36486486486486486
8459,1,74,0.3333333333333333,1,61,0.2747747747747748
8460,1,54,0.24324324324324326,1,41,0.18468468468468469
8461,1,34,0.15315315315315314,1,21,0.0945945945945946
8462,1,14,0.06306306306306306,1,1,0.0045045045045045045
8463,1,169,0.7612612612612613,1,156,0.7027027027027027
8464,1,149,0.6711711711711712,1,136,0.6126126126126126
8465,1,129,0.581081081081081,1,116,0.5225225225225225
8466,1,109,0.49099099099099097,1,96,0.43243243243243246
8467,1,89,0.4009009009009009,1,76,0.34234234234234234
8468,1,69,0.3108108108108108,1,56,0.25225225225225223
8469,1,49,0.22072072072072071,1,36,0.16216216216216217
8470,1,29,0.13063063063063063,1,16,0.07207207207207207
8471,1,9,0.04054054054054054,0,-1,-1.0
8472,0,-1,-1.0,1,211,0.9504504504504504
8473,0,-1,-1.0,1,191,0.8603603603603603
8474,1,54,0.24324324324324326,0,-1,-1.0
8475,1,34,0.15315315315315314,0,-1,-1.0
8476,1,14,0.06306306306306306,0,-1,-1.0
8477,0,-1,-1.0,0,-1,-1.0
8478,0,-1,-1.0,0,-1,-1.0
8479,0,-1,-1.0,1,205,0.9234234234234234
8480,1,213,0.9594594594594594,1,185,0.8333333333333334
8481,1,193,0.8693693693693694,1,165,0.7432432432432432
8482,1,173,0.7792792792792793,1,145,0.6531531531531531
8483,1,153,0.6891891891891891,1,125,0.5630630630630631
8484,1,133,0.5990990990990991,1,105,0.47297297297297297
8485,1,113,0.509009009009009,1,85,0.38288288288288286
8486,1,93,0.4189189189189189,1,65,0.2927927927927928
8487,1,73,0.32882882882882886,1,45,0.20270270270270271
8488,1,53,0.23873873873873874,1,25,0.11261261261261261
8489,1,33,0.14864864864864866,1,5,0.02252252252252252
8490,1,13,0.05855855855855856,1,193,0.8693693693693694
8491,1,201,0.9054054054054054,1,173,0.7792792792792793
8492,1,181,0.8153153153153153,1,153,0.6891891891891891
8493,1,161,0.7252252252252253,1,133,0.5990990990990991
8494,1,141,0.6351351351351351,1,113,0.509009009009009
8495,1,121,0.545045045045045,1,93,0.4189189189189189
8496,1,101,0.45495495495495497,1,73,0.32882882882882886
8497,1,81,0.36486486486486486,1,53,0.23873873873873874
8498,1,61,0.2747747747747748,1,33,0.14864864864864866
8499,1,41,0.18468468468468469,1,13,0.05855855855855856
8500,1,21,0.0945945945945946,0,-1,-1.0
8501,1,1,0.0045045045045045045,0,-1,-1.0
8502,0,-1,-1.0,0,-1,-1.0
8503,0,-1,-1.0,0,-1,-1.0
8504,0,-1,-1.0,0,-1,-1.0
8505,0,-1,-1.0,1,205,0.9234234234234234
8506,1,213,0.9594594594594594,1,185,0.8333333333333334
8507,1,193,0.8693693693693694,1,165,0.7432432432432432
8508,1,173,0.7792792792792793,1,145,0.6531531531531531
8509,1,153,0.6891891891891891,1,125,0.5630630630630631
8510,1,133,0.5990990990990991,1,105,0.47297297297297297
8511,1,113,0.509009009009009,1,85,0.38288288288288286
8512,1,93,0.4189189189189189,1,65,0.2927927927927928
8513,1,73,0.32882882882882886,1,45,0.20270270270270271
8514,1,53,0.23873873873873874,1,25,0.11261261261261261
8515,1,33,0.14864864864864866,1,5,0.02252252252252252
8516,1,13,0.05855855855855856,0,-1,-1.0
8517,0,-1,-1.0,0,-1,-1.0
8518,0,-1,-1.0,1,204,0.918918918918919
8519,1,22,0.0990990990990991,0,-1,-1.0
8520,1,2,0.009009009009009009,0,-1,-1.0
8521,0,-1,-1.0,1,216,0.972972972972973
8522,1,208,0.9369369369369369,1,196,0.8828828828828829
8523,1,188,0.8468468468468469,1,176,0.7927927927927928
8524,1,168,0.7567567567567568,1,156,0.7027027027027027
8525,1,148,0.6666666666666666,1,136,0.6126126126126126
8526,1,128,0.5765765765765766,1,116,0.5225225225225225
8527,1,108,0.4864864864864865,1,96,0.43243243243243246
8528,1,88,0.3963963963963964,1,76,0.34234234234234234
8529,1,68,0.3063063063063063,1,56,0.25225225225225223
8530,1,48,0.21621621621621623,1,36,0.16216216216216217
8531,1,28,0.12612612612612611,1,16,0.07207207207207207
8532,1,8,0.036036036036036036,1,217,0.9774774774774775
8533,1,209,0.9414414414414415,1,197,0.8873873873873874
8534,1,189,0.8513513513513513,1,177,0.7972972972972973
8535,1,169,0.7612612612612613,1,157,0.7072072072072072
8536,1,149,0.6711711711711712,1,137,0.6171171171171171
8537,1,129,0.581081081081081,1,117,0.527027027027027
8538,1,109,0.49099099099099097,1,97,0.4369369369369369
8539,1,89,0.4009009009009009,1,77,0.34684684684684686
8540,1,69,0.3108108108108108,1,57,0.25675675675675674
8541,1,49,0.22072072072072071,1,37,0.16666666666666666
8542,1,29,0.13063063063063063,1,17,0.07657657657657657
8543,1,9,0.04054054054054054,0,-1,-1.0
8544,0,-1,-1.0,0,-1,-1.0
8545,0,-1,-1.0,1,220,0.990990990990991
8546,1,212,0.954954954954955,1,200,0.9009009009009009
8547,1,192,0.8648648648648649,1,180,0.8108108108108109
8548,1,172,0.7747747747747747,1,160,0.7207207207207207
8549,1,152,0.6846846846846847,1,140,0.6306306306306306
8550,1,132,0.5945945945945946,1,120,0.5405405405405406
8551,1,112,0.5045045045045045,1,100,0.45045045045045046
8552,1,92,0.4144144144144144,1,80,0.36036036036036034
8553,1,72,0.32432432432432434,1,60,0.2702702702702703
8554,1,52,0.23423423423423423,1,40,0.18018018018018017
8555,1,32,0.14414414414414414,1,20,0.09009009009009009
8556,1,12,0.05405405405405406,1,0,0.0
8557,0,-1,-1.0,0,-1,-1.0
8558,0,-1,-1.0,0,-1,-1.0
8559,0,-1,-1.0,0,-1,-1.0
8560,0,-1,-1.0,0,-1,-1.0
8561,0,-1,-1.0,0,-1,-1.0
8562,1,82,0.36936936936936937,0,-1,-1.0
8563,1,62,0.27927927927927926,0,-1,-1.0
8564,1,42,0.1891891891891892,0,-1,-1.0
8565,1,22,0.0990990990990991,0,-1,-1.0
8566,1,2,0.009009009009009009,0,-1,-1.0
8567,0,-1,-1.0,0,-1,-1.0
8568,0,-1,-1.0,1,203,0.9144144144144144
8569,0,-1,-1.0,1,183,0.8243243243243243
8570,1,205,0.9234234234234234,1,163,0.7342342342342343
8571,1,185,0.8333333333333334,1,143,0.6441441441441441
8572,1,165,0.7432432432432432,1,123,0.5540540540540541
8573,1,145,0.6531531531531531,1,103,0.46396396396396394
8574,1,125,0.5630630630630631,1,83,0.3738738738738739
8575,1,105,0.47297297297297297,1,63,0.28378378378378377
8576,1,85,0.38288288288288286,1,43,0.19369369369369369
8577,1,65,0.2927927927927928,1,23,0.1036036036036036
8578,1,45,0.20270270270270271,1,3,0.013513513513513514
8579,1,25,0.11261261261261261,1,185,0.8333333333333334
8580,1,5,0.02252252252252252,1,165,0.7432432432432432
8581,1,187,0.8423423423423423,1,145,0.6531531531531531
8582,1,167,0.7522522522522522,1,125,0.5630630630630631
8583,1,147,0.6621621621621622,1,105,0.47297297297297297
8584,1,127,0.5720720720720721,1,85,0.38288288288288286
8585,1,107,0.481981981981982,1,65,0.2927927927927928
8586,1,87,0.3918918918918919,1,45,0.20270270270270271
8587,1,67,0.30180180180180183,1,25,0.11261261261261261
8588,1,47,0.21171171171171171,1,5,0.02252252252252252
8589,1,27,0.12162162162162163,1,187,0.8423423423423423
8590,1,7,0.03153153153153153,1,167,0.7522522522522522
8591,1,189,0.8513513513513513,1,147,0.6621621621621622
8592,1,169,0.7612612612612613,1,127,0.5720720720720721
8593,1,149,0.6711711711711712,1,107,0.481981981981982
8594,1,129,0.581081081081081,1,87,0.3918918918918919
8595,1,109,0.49099099099099097,1,67,0.30180180180180183
8596,1,89,0.4009009009009009,1,47,0.21171171171171171
8597,1,69,0.3108108108108108,1,27,0.12162162162162163
8598,1,49,0.22072072072072071,1,7,0.03153153153153153
8599,1,29,0.13063063063063063,0,-1,-1.0
8600,1,9,0.04054054054054054,0,-1,-1.0
8601,0,-1,-1.0,0,-1,-1.0
8602,0,-1,-1.0,0,-1,-1.0
8603,0,-1,-1.0,0,-1,-1.0
8604,0,-1,-1.0,1,220,0.990990990990991
8605,1,22,0.0990990990990991,1,182,0.8198198198198198
8606,1,2,0.009009009009009009,1,162,0.7297297297297297
8607,1,154,0.6936936936936937,1,142,0.6396396396396397
8608,1,134,0.6036036036036037,1,122,0.5495495495495496
8609,1,114,0.5135135135135135,1,102,0.4594594594594595
8610,1,94,0.42342342342342343,1,82,0.36936936936936937
8611,1,74,0.3333333333333333,1,62,0.27927927927927926
8612,1,54,0.24324324324324326,1,42,0.1891891891891892
8613,1,34,0.15315315315315314,1,22,0.0990990990990991
8614,1,14,0.06306306306306306,1,2,0.009009009009009009
8615,1,159,0.7162162162162162,1,147,0.6621621621621622
8616,1,139,0.6261261261261262,1,127,0.5720720720720721
8617,1,119,0.536036036036036,1,107,0.481981981981982
8618,1,99,0.44594594594594594,1,87,0.3918918918918919
8619,1,79,0.35585585585585583,1,67,0.30180180180180183
8620,1,59,0.26576576576576577,1,47,0.21171171171171171
8621,1,39,0.17567567567567569,1,27,0.12162162162162163
8622,1,19,0.08558558558558559,1,7,0.03153153153153153
8623,0,-1,-1.0,0,-1,-1.0
8624,0,-1,-1.0,0,-1,-1.0
8625,1,222,1.0,1,210,0.9459459459459459
8626,1,202,0.9099099099099099,1,190,0.8558558558558559
8627,1,182,0.8198198198198198,1,170,0.7657657657657657
8628,1,162,0.7297297297297297,1,150,0.6756756756756757
8629,1,142,0.6396396396396397,1,130,0.5855855855855856
8630,1,122,0.5495495495495496,1,110,0.4954954954954955
8631,1,102,0.4594594594594595,1,90,0.40540540540540543
8632,1,82,0.36936936936936937,1,70,0.3153153153153153
8633,1,72,0.32432432432432434,0,-1,-1.0
8634,1,52,0.23423423423423423,0,-1,-1.0
8635,1,32,0.14414414414414414,0,-1,-1.0
8636,1,12,0.05405405405405406,0,-1,-1.0
8637,0,-1,-1.0,0,-1,-1.0
8638,0,-1,-1.0,0,-1,-1.0
8639,0,-1,-1.0,1,205,0.9234234234234234
8640,1,222,1.0,1,185,0.8333333333333334
8641,1,202,0.9099099099099099,1,165,0.7432432432432432
8642,1,182,0.8198198198198198,1,145,0.6531531531531531
8643,1,162,0.7297297297297297,1,125,0.5630630630630631
8644,1,142,0.6396396396396397,1,105,0.47297297297297297
8645,1,122,0.5495495495495496,1,85,0.38288288288288286
8646,1,102,0.4594594594594595,1,65,0.2927927927927928
8647,1,82,0.36936936936936937,1,45,0.20270270270270271
8648,1,62,0.27927927927927926,1,25,0.11261261261261261
8649,1,42,0.1891891891891892,1,5,0.02252252252252252
8650,1,22,0.0990990990990991,0,-1,-1.0
8651,1,2,0.009009009009009009,0,-1,-1.0
8652,0,-1,-1.0,1,212,0.954954954954955
8653,0,-1,-1.0,1,192,0.8648648648648649
8654,1,209,0.9414414414414415,1,172,0.7747747747747747
8655,1,189,0.8513513513513513,1,152,0.6846846846846847
8656,1,169,0.7612612612612613,1,132,0.5945945945945946
8657,1,149,0.6711711711711712,1,112,0.5045045045045045
8658,1,129,0.581081081081081,1,92,0.4144144144144144
8659,1,109,0.49099099099099097,1,72,0.32432432432432434
8660,1,89,0.4009009009009009,1,52,0.23423423423423423
8661,1,69,0.3108108108108108,1,32,0.14414414414414414
8662,1,49,0.22072072072072071,1,12,0.05405405405405406
8663,1,29,0.13063063063063063,0,-1,-1.0
8664,1,9,0.04054054054054054,0,-1,-1.0
8665,0,-1,-1.0,1,211,0.9504504504504504
8666,0,-1,-1.0,1,191,0.8603603603603603
8667,1,208,0.9369369369369369,1,171,0.7702702702702703
8668,1,188,0.8468468468468469,1,151,0.6801801801801802
8669,1,168,0.7567567567567568,1,131,0.5900900900900901
8670,1,148,0.6666666666666666,1,111,0.5
8671,1,128,0.5765765765765766,1,91,0.4099099099099099
8672,1,108,0.4864864864864865,1,71,0.31981981981981983
8673,1,88,0.3963963963963964,1,51,0.22972972972972974
8674,1,68,0.3063063063063063,1,31,0.13963963963963963
8675,1,48,0.21621621621621623,1,11,0.04954954954954955
8676,1,28,0.12612612612612611,0,-1,-1.0
8677,1,8,0.036036036036036036,0,-1,-1.0
8678,0,-1,-1.0,0,-1,-1.0
8679,0,-1,-1.0,1,221,0.9954954954954955
8680,1,22,0.0990990990990991,0,-1,-1.0
8681,1,2,0.009009009009009009,0,-1,-1.0
8682,0,-1,-1.0,0,-1,-1.0
8683,0,-1,-1.0,0,-1,-1.0
8684,0,-1,-1.0,1,212,0.954954954954955
8685,1,204,0.918918918918919,1,192,0.8648648648648649
8686,1,184,0.8288288288288288,1,172,0.7747747747747747
8687,1,164,0.7387387387387387,1,152,0.6846846846846847
8688,1,144,0.6486486486486487,1,132,0.5945945945945946
8689,1,124,0.5585585585585585,1,112,0.5045045045045045
8690,1,104,0.46846846846846846,1,92,0.4144144144144144
8691,1,84,0.3783783783783784,1,72,0.32432432432432434
8692,1,64,0.2882882882882883,1,52,0.23423423423423423
8693,1,44,0.1981981981981982,1,32,0.14414414414414414
8694,1,24,0.10810810810810811,1,12,0.05405405405405406
8695,1,4,0.018018018018018018,0,-1,-1.0
8696,0,-1,-1.0,0,-1,-1.0
8697,0,-1,-1.0,1,214,0.963963963963964
8698,1,206,0.9279279279279279,1,194,0.8738738738738738
8699,1,186,0.8378378378378378,1,174,0.7837837837837838
8700,1,166,0.7477477477477478,1,154,0.6936936936936937
8701,1,146,0.6576576576576577,1,134,0.6036036036036037
8702,1,126,0.5675675675675675,1,114,0.5135135135135135
8703,1,106,0.4774774774774775,1,94,0.42342342342342343
8704,1,86,0.38738738738738737,1,74,0.3333333333333333
8705,1,66,0.2972972972972973,1,54,0.24324324324324326
8706,1,46,0.2072072072072072,1,34,0.15315315315315314
8707,1,26,0.11711711711711711,1,14,0.06306306306306306
8708,1,6,0.02702702702702703,0,-1,-1.0
8709,1,220,0.990990990990991,1,208,0.9369369369369369
8710,1,200,0.9009009009009009,1,188,0.8468468468468469
8711,1,180,0.8108108108108109,1,168,0.7567567567567568
8712,1,160,0.7207207207207207,1,148,0.6666666666666666
8713,1,140,0.6306306306306306,1,128,0.5765765765765766
8714,1,120,0.5405405405405406,1,108,0.4864864864864865
8715,1,100,0.45045045045045046,1,88,0.3963963963963964
8716,1,80,0.36036036036036034,1,68,0.3063063063063063
8717,1,60,0.2702702702702703,1,48,0.21621621621621623
8718,1,40,0.18018018018018017,1,28,0.12612612612612611
8719,1,20,0.09009009009009009,1,8,0.036036036036036036
8720,1,20,0.09009009009009009,0,-1,-1.0
8721,1,0,0.0,0,-1,-1.0
8722,0,-1,-1.0,0,-1,-1.0
8723,0,-1,-1.0,0,-1,-1.0
8724,0,-1,-1.0,0,-1,-1.0
8725,0,-1,-1.0,0,-1,-1.0
8726,0,-1,-1.0,1,212,0.954954954954955
8727,1,203,0.9144144144144144,1,192,0.8648648648648649
8728,1,183,0.8243243243243243,1,172,0.7747747747747747
8729,1,163,0.7342342342342343,1,152,0.6846846846846847
8730,1,143,0.6441441441441441,1,132,0.5945945945945946
8731,1,123,0.5540540540540541,1,112,0.5045045045045045
8732,1,103,0.46396396396396394,1,92,0.4144144144144144
8733,1,83,0.3738738738738739,1,72,0.32432432432432434
8734,1,63,0.28378378378378377,1,52,0.23423423423423423
8735,1,43,0.19369369369369369,1,32,0.14414414414414414
8736,1,23,0.1036036036036036,1,12,0.05405405405405406
8737,1,3,0.013513513513513514,0,-1,-1.0
8738,0,-1,-1.0,0,-1,-1.0
8739,0,-1,-1.0,0,-1,-1.0
8740,1,220,0.990990990990991,1,209,0.9414414414414415
8741,1,200,0.9009009009009009,1,189,0.8513513513513513
8742,1,180,0.8108108108108109,1,169,0.7612612612612613
8743,1,160,0.7207207207207207,1,149,0.6711711711711712
8744,1,140,0.6306306306306306,1,129,0.581081081081081
8745,1,120,0.5405405405405406,1,109,0.49099099099099097
8746,1,100,0.45045045045045046,1,89,0.4009009009009009
8747,1,80,0.36036036036036034,1,69,0.3108108108108108
8748,1,60,0.2702702702702703,1,49,0.22072072072072071
8749,1,40,0.18018018018018017,1,29,0.13063063063063063
8750,1,20,0.09009009009009009,1,9,0.04054054054054054
8751,1,0,0.0,0,-1,-1.0
8752,0,-1,-1.0,0,-1,-1.0
8753,0,-1,-1.0,0,-1,-1.0
8754,0,-1,-1.0,1,221,0.9954954954954955
8755,1,212,0.954954954954955,1,201,0.9054054054054054
8756,1,192,0.8648648648648649,1,181,0.8153153153153153
8757,1,172,0.7747747747747747,1,161,0.7252252252252253
8758,1,152,0.6846846846846847,1,141,0.6351351351351351
8759,1,132,0.5945945945945946,1,121,0.545045045045045
8760,1,112,0.5045045045045045,1,101,0.45495495495495497
8761,1,92,0.4144144144144144,1,81,0.36486486486486486
8762,1,72,0.32432432432432434,1,61,0.2747747747747748
8763,1,52,0.23423423423423423,1,41,0.18468468468468469
8764,1,32,0.14414414414414414,1,21,0.0945945945945946
8765,1,12,0.05405405405405406,1,1,0.0045045045045045045
8766,1,48,0.21621621621621623,0,-1,-1.0
8767,1,28,0.12612612612612611,0,-1,-1.0
8768,1,8,0.036036036036036036,0,-1,-1.0
8769,0,-1,-1.0,0,-1,-1.0
8770,0,-1,-1.0,0,-1,-1.0
8771,0,-1,-1.0,0,-1,-1.0
8772,0,-1,-1.0,1,203,0.9144144144144144
8773,1,208,0.9369369369369369,1,183,0.8243243243243243
8774,1,188,0.8468468468468469,1,163,0.7342342342342343
8775,1,168,0.7567567567567568,1,143,0.6441441441441441
8776,1,148,0.6666666666666666,1,123,0.5540540540540541
8777,1,128,0.5765765765765766,1,103,0.46396396396396394
8778,1,108,0.4864864864864865,1,83,0.3738738738738739
8779,1,88,0.3963963963963964,1,63,0.28378378378378377
8780,1,68,0.3063063063063063,1,43,0.19369369369369369
8781,1,48,0.21621621621621623,1,23,0.1036036036036036
8782,1,28,0.12612612612612611,1,3,0.013513513513513514
8783,1,8,0.036036036036036036,0,-1,-1.0
8784,0,-1,-1.0,0,-1,-1.0
8785,0,-1,-1.0,0,-1,-1.0
8786,0,-1,-1.0,1,213,0.9594594594594594
8787,1,218,0.9819819819819819,1,193,0.8693693693693694
8788,1,198,0.8918918918918919,1,173,0.7792792792792793
8789,1,178,0.8018018018018018,1,153,0.6891891891891891
8790,1,158,0.7117117117117117,1,133,0.5990990990990991
8791,1,138,0.6216216216216216,1,113,0.509009009009009
8792,1,118,0.5315315315315315,1,93,0.4189189189189189
8793,1,98,0.44144144144144143,1,73,0.32882882882882886
8794,1,78,0.35135135135135137,1,53,0.23873873873873874
8795,1,58,0.26126126126126126,1,33,0.14864864864864866
8796,1,38,0.17117117117117117,1,13,0.05855855855855856
8797,1,18,0.08108108108108109,0,-1,-1.0
8798,0,-1,-1.0,0,-1,-1.0
8799,0,-1,-1.0,0,-1,-1.0
8800,0,-1,-1.0,0,-1,-1.0
8801,0,-1,-1.0,1,208,0.9369369369369369
8802,1,46,0.2072072072072072,1,215,0.9684684684684685
8803,1,26,0.11711711711711711,1,195,0.8783783783783784
8804,1,6,0.02702702702702703,1,175,0.7882882882882883
8805,1,179,0.8063063063063063,1,155,0.6981981981981982
8806,1,159,0.7162162162162162,1,135,0.6081081081081081
8807,1,139,0.6261261261261262,1,115,0.5180180180180181
8808,1,119,0.536036036036036,1,95,0.42792792792792794
8809,1,99,0.44594594594594594,1,75,0.33783783783783783
8810,1,79,0.35585585585585583,1,55,0.24774774774774774
8811,1,59,0.26576576576576577,1,35,0.15765765765765766
8812,1,39,0.17567567567567569,1,15,0.06756756756756757
8813,1,19,0.08558558558558559,1,162,0.7297297297297297
8814,1,166,0.7477477477477478,1,142,0.6396396396396397
8815,1,146,0.6576576576576577,1,122,0.5495495495495496
8816,1,126,0.5675675675675675,1,102,0.4594594594594595
8817,1,106,0.4774774774774775,1,82,0.36936936936936937
8818,1,86,0.38738738738738737,1,62,0.27927927927927926
8819,1,66,0.2972972972972973,1,42,0.1891891891891892
8820,1,46,0.2072072072072072,1,22,0.0990990990990991
8821,1,26,0.11711711711711711,1,2,0.009009009009009009
8822,1,6,0.02702702702702703,1,172,0.7747747747747747
8823,1,176,0.7927927927927928,1,152,0.6846846846846847
8824,1,156,0.7027027027027027,1,132,0.5945945945945946
8825,1,136,0.6126126126126126,1,112,0.5045045045045045
8826,1,116,0.5225225225225225,1,92,0.4144144144144144
8827,1,96,0.43243243243243246,1,72,0.32432432432432434
8828,1,76,0.34234234234234234,1,52,0.23423423423423423
8829,1,56,0.25225225225225223,1,32,0.14414414414414414
8830,1,36,0.16216216216216217,1,12,0.05405405405405406
8831,1,16,0.07207207207207207,0,-1,-1.0
8832,0,-1,-1.0,1,215,0.9684684684684685
8833,1,22,0.0990990990990991,0,-1,-1.0
8834,1,2,0.009009009009009009,0,-1,-1.0
8835,1,218,0.9819819819819819,1,206,0.9279279279279279
8836,1,198,0.8918918918918919,1,186,0.8378378378378378
8837,1,178,0.8018018018018018,1,166,0.7477477477477478
8838,1,158,0.7117117117117117,1,146,0.6576576576576577
8839,1,138,0.6216216216216216,1,126,0.5675675675675675
8840,1,118,0.5315315315315315,1,106,0.4774774774774775
8841,1,98,0.44144144144144143,1,86,0.38738738738738737
8842,1,78,0.35135135135135137,1,66,0.2972972972972973
8843,1,58,0.26126126126126126,1,46,0.2072072072072072
8844,1,38,0.17117117117117117,1,26,0.11711711711711711
8845,1,18,0.08108108108108109,1,6,0.02702702702702703
8846,0,-1,-1.0,1,221,0.9954954954954955
8847,1,213,0.9594594594594594,1,201,0.9054054054054054
8848,1,193,0.8693693693693694,1,181,0.8153153153153153
8849,1,173,0.7792792792792793,1,161,0.7252252252252253
8850,1,153,0.6891891891891891,1,141,0.6351351351351351
8851,1,133,0.5990990990990991,1,121,0.545045045045045
8852,1,113,0.509009009009009,1,101,0.45495495495495497
8853,1,93,0.4189189189189189,1,81,0.36486486486486486
8854,1,73,0.32882882882882886,1,61,0.2747747747747748
8855,1,53,0.23873873873873874,1,41,0.18468468468468469
8856,1,33,0.14864864864864866,1,21,0.0945945945945946
8857,1,13,0.05855855855855856,1,1,0.0045045045045045045
8858,0,-1,-1.0,1,213,0.9594594594594594
8859,1,20,0.09009009009009009,1,198,0.8918918918918919
8860,1,0,0.0,1,178,0.8018018018018018
8861,1,169,0.7612612612612613,1,158,0.7117117117117117
8862,1,149,0.6711711711711712,1,138,0.6216216216216216
8863,1,129,0.581081081081081,1,118,0.5315315315315315
8864,1,109,0.49099099099099097,1,98,0.44144144144144143
8865,1,89,0.4009009009009009,1,78,0.35135135135135137
8866,1,69,0.3108108108108108,1,58,0.26126126126126126
8867,1,49,0.22072072072072071,1,38,0.17117117117117117
8868,1,29,0.13063063063063063,1,18,0.08108108108108109
8869,1,9,0.04054054054054054,0,-1,-1.0
8870,0,-1,-1.0,0,-1,-1.0
8871,1,218,0.9819819819819819,1,207,0.9324324324324325
8872,1,198,0.8918918918918919,1,187,0.8423423423423423
8873,1,178,0.8018018018018018,1,167,0.7522522522522522
8874,1,158,0.7117117117117117,1,147,0.6621621621621622
8875,1,138,0.6216216216216216,1,127,0.5720720720720721
8876,1,118,0.5315315315315315,1,107,0.481981981981982
8877,1,98,0.44144144144144143,1,87,0.3918918918918919
8878,1,78,0.35135135135135137,1,67,0.30180180180180183
8879,1,58,0.26126126126126126,1,47,0.21171171171171171
8880,1,38,0.17117117117117117,1,27,0.12162162162162163
8881,1,18,0.08108108108108109,1,7,0.03153153153153153
8882,0,-1,-1.0,0,-1,-1.0
8883,0,-1,-1.0,1,212,0.954954954954955
8884,1,20,0.09009009009009009,0,-1,-1.0
8885,1,0,0.0,0,-1,-1.0
8886,0,-1,-1.0,0,-1,-1.0
8887,0,-1,-1.0,0,-1,-1.0
8888,0,-1,-1.0,0,-1,-1.0
8889,1,222,1.0,1,211,0.9504504504504504
8890,1,202,0.9099099099099099,1,191,0.8603603603603603
8891,1,182,0.8198198198198198,1,171,0.7702702702702703
8892,1,162,0.7297297297297297,1,151,0.6801801801801802
8893,1,142,0.6396396396396397,1,131,0.5900900900900901
8894,1,122,0.5495495495495496,1,111,0.5
8895,1,102,0.4594594594594595,1,91,0.4099099099099099
8896,1,82,0.36936936936936937,1,71,0.31981981981981983
8897,1,62,0.27927927927927926,1,51,0.22972972972972974
8898,1,42,0.1891891891891892,1,31,0.13963963963963963
8899,1,22,0.0990990990990991,1,11,0.04954954954954955
8900,1,2,0.009009009009009009,1,200,0.9009009009009009
8901,1,191,0.8603603603603603,1,180,0.8108108108108109
8902,1,171,0.7702702702702703,1,160,0.7207207207207207
8903,1,151,0.6801801801801802,1,140,0.6306306306306306
8904,1,131,0.5900900900900901,1,120,0.5405405405405406
8905,1,111,0.5,1,100,0.45045045045045046
8906,1,91,0.4099099099099099,1,80,0.36036036036036034
8907,1,71,0.31981981981981983,1,60,0.2702702702702703
8908,1,51,0.22972972972972974,1,40,0.18018018018018017
8909,1,31,0.13963963963963963,1,20,0.09009009009009009
8910,1,11,0.04954954954954955,1,0,0.0
8911,0,-1,-1.0,0,-1,-1.0
8912,0,-1,-1.0,0,-1,-1.0
8913,0,-1,-1.0,0,-1,-1.0
8914,0,-1,-1.0,0,-1,-1.0
8915,0,-1,-1.0,1,211,0.9504504504504504
8916,0,-1,-1.0,1,191,0.8603603603603603
8917,1,50,0.22522522522522523,1,190,0.8558558558558559
8918,1,30,0.13513513513513514,1,170,0.7657657657657657
8919,1,10,0.04504504504504504,1,150,0.6756756756756757
8920,1,156,0.7027027027027027,1,130,0.5855855855855856
8921,1,136,0.6126126126126126,1,110,0.4954954954954955
8922,1,116,0.5225225225225225,1,90,0.40540540540540543
8923,1,96,0.43243243243243246,1,70,0.3153153153153153
8924,1,76,0.34234234234234234,1,50,0.22522522522522523
8925,1,56,0.25225225225225223,1,30,0.13513513513513514
8926,1,36,0.16216216216216217,1,10,0.04504504504504504
8927,1,16,0.07207207207207207,1,196,0.8828828828828829
8928,1,202,0.9099099099099099,1,176,0.7927927927927928
8929,1,182,0.8198198198198198,1,156,0.7027027027027027
8930,1,162,0.7297297297297297,1,136,0.6126126126126126
8931,1,142,0.6396396396396397,1,116,0.5225225225225225
8932,1,122,0.5495495495495496,1,96,0.43243243243243246
8933,1,102,0.4594594594594595,1,76,0.34234234234234234
8934,1,82,0.36936936936936937,1,56,0.25225225225225223
8935,1,62,0.27927927927927926,1,36,0.16216216216216217
8936,1,42,0.1891891891891892,1,16,0.07207207207207207
8937,1,22,0.0990990990990991,0,-1,-1.0
8938,1,2,0.009009009009009009,0,-1,-1.0
8939,0,-1,-1.0,0,-1,-1.0
8940,0,-1,-1.0,0,-1,-1.0
8941,0,-1,-1.0,0,-1,-1.0
8942,0,-1,-1.0,0,-1,-1.0
8943,0,-1,-1.0,1,222,1.0
8944,0,-1,-1.0,1,202,0.9099099099099099
8945,1,208,0.9369369369369369,1,182,0.8198198198198198
8946,1,188,0.8468468468468469,1,162,0.7297297297297297
8947,1,168,0.7567567567567568,1,142,0.6396396396396397
8948,1,148,0.6666666666666666,1,122,0.5495495495495496
8949,1,128,0.5765765765765766,1,102,0.4594594594594595
8950,1,108,0.4864864864864865,1,82,0.36936936936936937
8951,1,88,0.3963963963963964,1,62,0.27927927927927926
8952,1,68,0.3063063063063063,1,42,0.1891891891891892
8953,1,48,0.21621621621621623,1,22,0.0990990990990991
8954,1,28,0.12612612612612611,1,2,0.009009009009009009
8955,1,8,0.036036036036036036,1,195,0.8783783783783784
8956,1,46,0.2072072072072072,0,-1,-1.0
8957,1,26,0.11711711711711711,0,-1,-1.0
8958,1,6,0.02702702702702703,0,-1,-1.0
8959,0,-1,-1.0,1,204,0.918918918918919
8960,1,208,0.9369369369369369,1,184,0.8288288288288288
8961,1,188,0.8468468468468469,1,164,0.7387387387387387
8962,1,168,0.7567567567567568,1,144,0.6486486486486487
8963,1,148,0.6666666666666666,1,124,0.5585585585585585
8964,1,128,0.5765765765765766,1,104,0.46846846846846846
8965,1,108,0.4864864864864865,1,84,0.3783783783783784
8966,1,88,0.3963963963963964,1,64,0.2882882882882883
8967,1,68,0.3063063063063063,1,44,0.1981981981981982
8968,1,48,0.21621621621621623,1,24,0.10810810810810811
8969,1,28,0.12612612612612611,1,4,0.018018018018018018
8970,1,8,0.036036036036036036,1,189,0.8513513513513513
8971,1,193,0.8693693693693694,1,169,0.7612612612612613
8972,1,173,0.7792792792792793,1,149,0.6711711711711712
8973,1,153,0.6891891891891891,1,129,0.581081081081081
8974,1,133,0.5990990990990991,1,109,0.49099099099099097
8975,1,113,0.509009009009009,1,89,0.4009009009009009
8976,1,93,0.4189189189189189,1,69,0.3108108108108108
8977,1,73,0.32882882882882886,1,49,0.22072072072072071
8978,1,53,0.23873873873873874,1,29,0.13063063063063063
8979,1,33,0.14864864864864866,1,9,0.04054054054054054
8980,1,76,0.34234234234234234,0,-1,-1.0
8981,1,56,0.25225225225225223,0,-1,-1.0
8982,1,36,0.16216216216216217,0,-1,-1.0
8983,1,16,0.07207207207207207,0,-1,-1.0
8984,0,-1,-1.0,0,-1,-1.0
8985,0,-1,-1.0,0,-1,-1.0
8986,0,-1,-1.0,0,-1,-1.0
8987,0,-1,-1.0,0,-1,-1.0
8988,0,-1,-1.0,1,216,0.972972972972973
8989,0,-1,-1.0,1,196,0.8828828828828829
8990,1,215,0.9684684684684685,1,176,0.7927927927927928
8991,1,195,0.8783783783783784,1,156,0.7027027027027027
8992,1,175,0.7882882882882883,1,136,0.6126126126126126
8993,1,155,0.6981981981981982,1,116,0.5225225225225225
8994,1,135,0.6081081081081081,1,96,0.43243243243243246
8995,1,115,0.5180180180180181,1,76,0.34234234234234234
8996,1,95,0.42792792792792794,1,56,0.25225225225225223
8997,1,75,0.33783783783783783,1,36,0.16216216216216217
8998,1,55,0.24774774774774774,1,16,0.07207207207207207
8999,1,35,0.15765765765765766,0,-1,-1.0
9000,1,15,0.06756756756756757,1,212,0.954954954954955
9001,0,-1,-1.0,1,192,0.8648648648648649
9002,1,211,0.9504504504504504,1,172,0.7747747747747747
9003,1,191,0.8603603603603603,1,152,0.6846846846846847
9004,1,171,0.7702702702702703,1,132,0.5945945945945946
9005,1,151,0.6801801801801802,1,112,0.5045045045045045
9006,1,131,0.5900900900900901,1,92,0.4144144144144144
9007,1,111,0.5,1,72,0.32432432432432434
9008,1,91,0.4099099099099099,1,52,0.23423423423423423
9009,1,71,0.31981981981981983,1,32,0.14414414414414414
9010,1,51,0.22972972972972974,1,12,0.05405405405405406
9011,1,31,0.13963963963963963,0,-1,-1.0
9012,1,11,0.04954954954954955,0,-1,-1.0
9013,0,-1,-1.0,0,-1,-1.0
9014,0,-1,-1.0,0,-1,-1.0
9015,0,-1,-1.0,1,221,0.9954954954954955
9016,1,52,0.23423423423423423,0,-1,-1.0
9017,1,32,0.14414414414414414,0,-1,-1.0
9018,1,12,0.05405405405405406,0,-1,-1.0
9019,0,-1,-1.0,0,-1,-1.0
9020,0,-1,-1.0,1,217,0.9774774774774775
9021,0,-1,-1.0,1,197,0.8873873873873874
9022,1,204,0.918918918918919,1,177,0.7972972972972973
9023,1,184,0.8288288288288288,1,157,0.7072072072072072
9024,1,164,0.7387387387387387,1,137,0.6171171171171171
9025,1,144,0.6486486486486487,1,117,0.527027027027027
9026,1,124,0.5585585585585585,1,97,0.4369369369369369
9027,1,104,0.46846846846846846,1,77,0.34684684684684686
9028,1,84,0.3783783783783784,1,57,0.25675675675675674
9029,1,64,0.2882882882882883,1,37,0.16666666666666666
9030,1,44,0.1981981981981982,1,17,0.07657657657657657
9031,1,24,0.10810810810810811,0,-1,-1.0
9032,1,4,0.018018018018018018,0,-1,-1.0
9033,0,-1,-1.0,0,-1,-1.0
9034,0,-1,-1.0,0,-1,-1.0
9035,0,-1,-1.0,0,-1,-1.0
9036,0,-1,-1.0,1,206,0.9279279279279279
9037,1,213,0.9594594594594594,1,186,0.8378378378378378
9038,1,193,0.8693693693693694,1,166,0.7477477477477478
9039,1,173,0.7792792792792793,1,146,0.6576576576576577
9040,1,153,0.6891891891891891,1,126,0.5675675675675675
9041,1,133,0.5990990990990991,1,106,0.4774774774774775
9042,1,113,0.509009009009009,1,86,0.38738738738738737
9043,1,93,0.4189189189189189,1,66,0.2972972972972973
9044,1,73,0.32882882882882886,1,46,0.2072072072072072
9045,1,53,0.23873873873873874,1,26,0.11711711711711711
9046,1,33,0.14864864864864866,1,6,0.02702702702702703
9047,1,13,0.05855855855855856,0,-1,-1.0
9048,0,-1,-1.0,0,-1,-1.0
9049,0,-1,-1.0,0,-1,-1.0
9050,0,-1,-1.0,1,207,0.9324324324324325
9051,1,214,0.963963963963964,1,187,0.8423423423423423
9052,1,194,0.8738738738738738,1,167,0.7522522522522522
9053,1,174,0.7837837837837838,1,147,0.6621621621621622
9054,1,154,0.6936936936936937,1,127,0.5720720720720721
9055,1,134,0.6036036036036037,1,107,0.481981981981982
9056,1,114,0.5135135135135135,1,87,0.3918918918918919
9057,1,94,0.42342342342342343,1,67,0.30180180180180183
9058,1,74,0.3333333333333333,1,47,0.21171171171171171
9059,1,54,0.24324324324324326,1,27,0.12162162162162163
9060,1,34,0.15315315315315314,1,7,0.03153153153153153
9061,1,14,0.06306306306306306,0,-1,-1.0
9062,0,-1,-1.0,0,-1,-1.0
9063,0,-1,-1.0,0,-1,-1.0
9064,0,-1,-1.0,1,210,0.9459459459459459
9065,0,-1,-1.0,1,190,0.8558558558558559
9066,1,52,0.23423423423423423,0,-1,-1.0
9067,1,32,0.14414414414414414,0,-1,-1.0
9068,1,12,0.05405405405405406,0,-1,-1.0
9069,0,-1,-1.0,0,-1,-1.0
9070,0,-1,-1.0,0,-1,-1.0
9071,0,-1,-1.0,0,-1,-1.0
9072,0,-1,-1.0,1,207,0.9324324324324325
9073,1,214,0.963963963963964,1,187,0.8423423423423423
9074,1,194,0.8738738738738738,1,167,0.7522522522522522
9075,1,174,0.7837837837837838,1,147,0.6621621621621622
9076,1,154,0.6936936936936937,1,127,0.5720720720720721
9077,1,134,0.6036036036036037,1,107,0.481981981981982
9078,1,114,0.5135135135135135,1,87,0.3918918918918919
9079,1,94,0.42342342342342343,1,67,0.30180180180180183
9080,1,74,0.3333333333333333,1,47,0.21171171171171171
9081,1,54,0.24324324324324326,1,27,0.12162162162162163
9082,1,34,0.15315315315315314,1,7,0.03153153153153153
9083,1,14,0.06306306306306306,0,-1,-1.0
9084,0,-1,-1.0,0,-1,-1.0
9085,0,-1,-1.0,1,221,0.9954954954954955
9086,0,-1,-1.0,1,201,0.9054054054054054
9087,1,208,0.9369369369369369,1,181,0.8153153153153153
9088,1,188,0.8468468468468469,1,161,0.7252252252252253
9089,1,168,0.7567567567567568,1,141,0.6351351351351351
9090,1,148,0.6666666666666666,1,121,0.545045045045045
9091,1,128,0.5765765765765766,1,101,0.45495495495495497
9092,1,108,0.4864864864864865,1,81,0.36486486486486486
9093,1,88,0.3963963963963964,1,61,0.2747747747747748
9094,1,68,0.3063063063063063,1,41,0.18468468468468469
9095,1,48,0.21621621621621623,1,21,0.0945945945945946
9096,1,28,0.12612612612612611,1,1,0.0045045045045045045
9097,1,8,0.036036036036036036,1,187,0.8423423423423423
9098,1,194,0.8738738738738738,1,167,0.7522522522522522
9099,1,174,0.7837837837837838,1,147,0.6621621621621622
9100,1,154,0.6936936936936937,1,127,0.5720720720720721
9101,1,134,0.6036036036036037,1,107,0.481981981981982
9102,1,114,0.5135135135135135,1,87,0.3918918918918919
9103,1,94,0.42342342342342343,1,67,0.30180180180180183
9104,1,74,0.3333333333333333,1,47,0.21171171171171171
9105,1,54,0.24324324324324326,1,27,0.12162162162162163
9106,1,34,0.15315315315315314,1,7,0.03153153153153153
9107,1,44,0.1981981981981982,0,-1,-1.0
9108,1,24,0.10810810810810811,1,206,0.9279279279279279
9109,1,4,0.018018018018018018,1,186,0.8378378378378378
9110,1,189,0.8513513513513513,1,166,0.7477477477477478
9111,1,169,0.7612612612612613,1,146,0.6576576576576577
9112,1,149,0.6711711711711712,1,126,0.5675675675675675
9113,1,129,0.581081081081081,1,106,0.4774774774774775
9114,1,109,0.49099099099099097,1,86,0.38738738738738737
9115,1,89,0.4009009009009009,1,66,0.2972972972972973
9116,1,69,0.3108108108108108,1,46,0.2072072072072072
9117,1,49,0.22072072072072071,1,26,0.11711711711711711
9118,1,29,0.13063063063063063,1,6,0.02702702702702703
9119,1,9,0.04054054054054054,0,-1,-1.0
9120,0,-1,-1.0,1,212,0.954954954954955
9121,1,215,0.9684684684684685,1,192,0.8648648648648649
9122,1,195,0.8783783783783784,1,172,0.7747747747747747
9123,1,175,0.7882882882882883,1,152,0.6846846846846847
9124,1,155,0.6981981981981982,1,132,0.5945945945945946
9125,1,135,0.6081081081081081,1,112,0.5045045045045045
9126,1,115,0.5180180180180181,1,92,0.4144144144144144
9127,1,95,0.42792792792792794,1,72,0.32432432432432434
9128,1,75,0.33783783783783783,1,52,0.23423423423423423
9129,1,55,0.24774774774774774,1,32,0.14414414414414414
9130,1,35,0.15765765765765766,1,12,0.05405405405405406
9131,1,15,0.06756756756756757,0,-1,-1.0
9132,0,-1,-1.0,0,-1,-1.0
9133,0,-1,-1.0,1,222,1.0
9134,0,-1,-1.0,1,202,0.9099099099099099
9135,1,74,0.3333333333333333,0,-1,-1.0
9136,1,54,0.24324324324324326,0,-1,-1.0
9137,1,34,0.15315315315315314,1,215,0.9684684684684685
9138,1,14,0.06306306306306306,1,195,0.8783783783783784
9139,1,213,0.9594594594594594,1,175,0.7882882882882883
9140,1,193,0.8693693693693694,1,155,0.6981981981981982
9141,1,173,0.7792792792792793,1,135,0.6081081081081081
9142,1,153,0.6891891891891891,1,115,0.5180180180180181
9143,1,133,0.5990990990990991,1,95,0.42792792792792794
9144,1,113,0.509009009009009,1,75,0.33783783783783783
9145,1,93,0.4189189189189189,1,55,0.24774774774774774
9146,1,73,0.32882882882882886,1,35,0.15765765765765766
9147,1,53,0.23873873873873874,1,15,0.06756756756756757
9148,1,33,0.14864864864864866,0,-1,-1.0
9149,1,13,0.05855855855855856,0,-1,-1.0
9150,0,-1,-1.0,0,-1,-1.0
9151,0,-1,-1.0,1,215,0.9684684684684685
9152,0,-1,-1.0,1,195,0.8783783783783784
9153,1,213,0.9594594594594594,1,175,0.7882882882882883
9154,1,193,0.8693693693693694,1,155,0.6981981981981982
9155,1,173,0.7792792792792793,1,135,0.6081081081081081
9156,1,153,0.6891891891891891,1,115,0.5180180180180181
9157,1,133,0.5990990990990991,1,95,0.42792792792792794
9158,1,113,0.509009009009009,1,75,0.33783783783783783
9159,1,93,0.4189189189189189,1,55,0.24774774774774774
9160,1,73,0.32882882882882886,1,35,0.15765765765765766
9161,1,53,0.23873873873873874,1,15,0.06756756756756757
9162,1,33,0.14864864864864866,1,205,0.9234234234234234
9163,1,13,0.05855855855855856,1,185,0.8333333333333334
9164,1,203,0.9144144144144144,1,165,0.7432432432432432
9165,1,183,0.8243243243243243,1,145,0.6531531531531531
9166,1,163,0.7342342342342343,1,125,0.5630630630630631
9167,1,143,0.6441441441441441,1,105,0.47297297297297297
9168,1,123,0.5540540540540541,1,85,0.38288288288288286
9169,1,103,0.46396396396396394,1,65,0.2927927927927928
9170,1,83,0.3738738738738739,1,45,0.20270270270270271
9171,1,63,0.28378378378378377,1,25,0.11261261261261261
9172,1,43,0.19369369369369369,1,5,0.02252252252252252
9173,1,23,0.1036036036036036,0,-1,-1.0
9174,1,3,0.013513513513513514,0,-1,-1.0
9175,0,-1,-1.0,1,203,0.9144144144144144
9176,1,86,0.38738738738738737,0,-1,-1.0
9177,1,66,0.2972972972972973,0,-1,-1.0
9178,1,46,0.2072072072072072,0,-1,-1.0
9179,1,26,0.11711711711711711,0,-1,-1.0
9180,1,6,0.02702702702702703,0,-1,-1.0
9181,0,-1,-1.0,0,-1,-1.0
9182,0,-1,-1.0,0,-1,-1.0
9183,0,-1,-1.0,1,207,0.9324324324324325
9184,0,-1,-1.0,1,187,0.8423423423423423
9185,1,211,0.9504504504504504,1,167,0.7522522522522522
9186,1,191,0.8603603603603603,1,147,0.6621621621621622
9187,1,171,0.7702702702702703,1,127,0.5720720720720721
9188,1,151,0.6801801801801802,1,107,0.481981981981982
9189,1,131,0.5900900900900901,1,87,0.3918918918918919
9190,1,111,0.5,1,67,0.30180180180180183
9191,1,91,0.4099099099099099,1,47,0.21171171171171171
9192,1,71,0.31981981981981983,1,27,0.12162162162162163
9193,1,51,0.22972972972972974,1,7,0.03153153153153153
9194,1,31,0.13963963963963963,0,-1,-1.0
9195,1,11,0.04954954954954955,0,-1,-1.0
9196,0,-1,-1.0,1,208,0.9369369369369369
9197,0,-1,-1.0,1,188,0.8468468468468469
9198,1,212,0.954954954954955,1,168,0.7567567567567568
9199,1,192,0.8648648648648649,1,148,0.6666666666666666
9200,1,172,0.7747747747747747,1,128,0.5765765765765766
9201,1,152,0.6846846846846847,1,108,0.4864864864864865
9202,1,132,0.5945945945945946,1,88,0.3963963963963964
9203,1,112,0.5045045045045045,1,68,0.3063063063063063
9204,1,92,0.4144144144144144,1,48,0.21621621621621623
9205,1,72,0.32432432432432434,1,28,0.12612612612612611
9206,1,52,0.23423423423423423,1,8,0.036036036036036036
9207,1,32,0.14414414414414414,1,208,0.9369369369369369
9208,1,76,0.34234234234234234,0,-1,-1.0
9209,1,56,0.25225225225225223,0,-1,-1.0
9210,1,36,0.16216216216216217,0,-1,-1.0
9211,1,16,0.07207207207207207,0,-1,-1.0
9212,0,-1,-1.0,0,-1,-1.0
9213,0,-1,-1.0,0,-1,-1.0
9214,0,-1,-1.0,0,-1,-1.0
9215,0,-1,-1.0,0,-1,-1.0
9216,0,-1,-1.0,0,-1,-1.0
9217,0,-1,-1.0,1,215,0.9684684684684685
9218,0,-1,-1.0,1,195,0.8783783783783784
9219,1,214,0.963963963963964,1,175,0.7882882882882883
9220,1,194,0.8738738738738738,1,155,0.6981981981981982
9221,1,174,0.7837837837837838,1,135,0.6081081081081081
9222,1,154,0.6936936936936937,1,115,0.5180180180180181
9223,1,134,0.6036036036036037,1,95,0.42792792792792794
9224,1,114,0.5135135135135135,1,75,0.33783783783783783
9225,1,94,0.42342342342342343,1,55,0.24774774774774774
9226,1,74,0.3333333333333333,1,35,0.15765765765765766
9227,1,54,0.24324324324324326,1,15,0.06756756756756757
9228,1,34,0.15315315315315314,0,-1,-1.0
9229,1,14,0.06306306306306306,0,-1,-1.0
9230,0,-1,-1.0,0,-1,-1.0
9231,0,-1,-1.0,0,-1,-1.0
9232,0,-1,-1.0,0,-1,-1.0
9233,0,-1,-1.0,1,205,0.9234234234234234
9234,0,-1,-1.0,1,185,0.8333333333333334
9235,1,204,0.918918918918919,1,165,0.7432432432432432
9236,1,184,0.8288288288288288,1,145,0.6531531531531531
9237,1,164,0.7387387387387387,1,125,0.5630630630630631
9238,1,144,0.6486486486486487,1,105,0.47297297297297297
9239,1,124,0.5585585585585585,1,85,0.38288288288288286
9240,1,104,0.46846846846846846,1,65,0.2927927927927928
9241,1,84,0.3783783783783784,1,45,0.20270270270270271
9242,1,64,0.2882882882882883,1,25,0.11261261261261261
9243,1,44,0.1981981981981982,1,5,0.02252252252252252
9244,1,24,0.10810810810810811,0,-1,-1.0
9245,1,4,0.018018018018018018,1,213,0.9594594594594594
9246,1,78,0.35135135135135137,0,-1,-1.0
9247,1,58,0.26126126126126126,1,208,0.9369369369369369
9248,1,38,0.17117117117117117,1,188,0.8468468468468469
9249,1,18,0.08108108108108109,1,168,0.7567567567567568
9250,1,188,0.8468468468468469,1,148,0.6666666666666666
9251,1,168,0.7567567567567568,1,128,0.5765765765765766
9252,1,148,0.6666666666666666,1,108,0.4864864864864865
9253,1,128,0.5765765765765766,1,88,0.3963963963963964
9254,1,108,0.4864864864864865,1,68,0.3063063063063063
9255,1,88,0.3963963963963964,1,48,0.21621621621621623
9256,1,68,0.3063063063063063,1,28,0.12612612612612611
9257,1,48,0.21621621621621623,1,8,0.036036036036036036
9258,1,28,0.12612612612612611,0,-1,-1.0
9259,1,8,0.036036036036036036,0,-1,-1.0
9260,0,-1,-1.0,1,217,0.9774774774774775
9261,0,-1,-1.0,1,197,0.8873873873873874
9262,1,217,0.9774774774774775,1,177,0.7972972972972973
9263,1,197,0.8873873873873874,1,157,0.7072072072072072
9264,1,177,0.7972972972972973,1,137,0.6171171171171171
9265,1,157,0.7072072072072072,1,117,0.527027027027027
9266,1,137,0.6171171171171171,1,97,0.4369369369369369
9267,1,117,0.527027027027027,1,77,0.34684684684684686
9268,1,97,0.4369369369369369,1,57,0.25675675675675674
9269,1,77,0.34684684684684686,1,37,0.16666666666666666
9270,1,57,0.25675675675675674,1,17,0.07657657657657657
9271,1,37,0.16666666666666666,0,-1,-1.0
9272,1,17,0.07657657657657657,1,204,0.918918918918919
9273,0,-1,-1.0,1,184,0.8288288288288288
9274,1,204,0.918918918918919,1,164,0.7387387387387387
9275,1,184,0.8288288288288288,1,144,0.6486486486486487
9276,1,164,0.7387387387387387,1,124,0.5585585585585585
9277,1,144,0.6486486486486487,1,104,0.46846846846846846
9278,1,124,0.5585585585585585,1,84,0.3783783783783784
9279,1,104,0.46846846846846846,1,64,0.2882882882882883
9280,1,84,0.3783783783783784,1,44,0.1981981981981982
9281,1,64,0.2882882882882883,1,24,0.10810810810810811
9282,1,44,0.1981981981981982,1,4,0.018018018018018018
9283,1,24,0.10810810810810811,0,-1,-1.0
9284,1,4,0.018018018018018018,0,-1,-1.0
9285,0,-1,-1.0,1,214,0.963963963963964
9286,1,70,0.3153153153153153,0,-1,-1.0
9287,1,50,0.22522522522522523,0,-1,-1.0
9288,1,30,0.13513513513513514,0,-1,-1.0
9289,1,10,0.04504504504504504,0,-1,-1.0
9290,0,-1,-1.0,1,215,0.9684684684684685
9291,0,-1,-1.0,1,195,0.8783783783783784
9292,1,211,0.9504504504504504,1,175,0.7882882882882883
9293,1,191,0.8603603603603603,1,155,0.6981981981981982
9294,1,171,0.7702702702702703,1,135,0.6081081081081081
9295,1,151,0.6801801801801802,1,115,0.5180180180180181
9296,1,131,0.5900900900900901,1,95,0.42792792792792794
9297,1,111,0.5,1,75,0.33783783783783783
9298,1,91,0.4099099099099099,1,55,0.24774774774774774
9299,1,71,0.31981981981981983,1,35,0.15765765765765766
9300,1,51,0.22972972972972974,1,15,0.06756756756756757
9301,1,31,0.13963963963963963,1,199,0.8963963963963963
9302,1,11,0.04954954954954955,1,179,0.8063063063063063
9303,1,195,0.8783783783783784,1,159,0.7162162162162162
9304,1,175,0.7882882882882883,1,139,0.6261261261261262
9305,1,155,0.6981981981981982,1,119,0.536036036036036
9306,1,135,0.6081081081081081,1,99,0.44594594594594594
9307,1,115,0.5180180180180181,1,79,0.35585585585585583
9308,1,95,0.42792792792792794,1,59,0.26576576576576577
9309,1,75,0.33783783783783783,1,39,0.17567567567567569
9310,1,55,0.24774774774774774,1,19,0.08558558558558559
9311,1,35,0.15765765765765766,0,-1,-1.0
9312,1,15,0.06756756756756757,0,-1,-1.0
9313,0,-1,-1.0,1,209,0.9414414414414415
9314,0,-1,-1.0,1,189,0.8513513513513513
9315,1,205,0.9234234234234234,1,169,0.7612612612612613
9316,1,185,0.8333333333333334,1,149,0.6711711711711712
9317,1,165,0.7432432432432432,1,129,0.581081081081081
9318,1,145,0.6531531531531531,1,109,0.49099099099099097
9319,1,125,0.5630630630630631,1,89,0.4009009009009009
9320,1,105,0.47297297297297297,1,69,0.3108108108108108
9321,1,85,0.38288288288288286,1,49,0.22072072072072071
9322,1,65,0.2927927927927928,1,29,0.13063063063063063
9323,1,45,0.20270270270270271,1,9,0.04054054054054054
9324,1,25,0.11261261261261261,1,222,1.0
9325,1,5,0.02252252252252252,1,202,0.9099099099099099
9326,1,22,0.0990990990990991,0,-1,-1.0
9327,1,2,0.009009009009009009,0,-1,-1.0
9328,0,-1,-1.0,0,-1,-1.0
9329,0,-1,-1.0,0,-1,-1.0
9330,0,-1,-1.0,1,212,0.954954954954955
9331,1,204,0.918918918918919,1,192,0.8648648648648649
9332,1,184,0.8288288288288288,1,172,0.7747747747747747
9333,1,164,0.7387387387387387,1,152,0.6846846846846847
9334,1,144,0.6486486486486487,1,132,0.5945945945945946
9335,1,124,0.5585585585585585,1,112,0.5045045045045045
9336,1,104,0.46846846846846846,1,92,0.4144144144144144
9337,1,84,0.3783783783783784,1,72,0.32432432432432434
9338,1,64,0.2882882882882883,1,52,0.23423423423423423
9339,1,44,0.1981981981981982,1,32,0.14414414414414414
9340,1,24,0.10810810810810811,1,12,0.05405405405405406
9341,1,4,0.018018018018018018,1,180,0.8108108108108109
9342,1,172,0.7747747747747747,1,160,0.7207207207207207
9343,1,152,0.6846846846846847,1,140,0.6306306306306306
9344,1,132,0.5945945945945946,1,120,0.5405405405405406
9345,1,112,0.5045045045045045,1,100,0.45045045045045046
9346,1,92,0.4144144144144144,1,80,0.36036036036036034
9347,1,72,0.32432432432432434,1,60,0.2702702702702703
9348,1,52,0.23423423423423423,1,40,0.18018018018018017
9349,1,32,0.14414414414414414,1,20,0.09009009009009009
9350,1,12,0.05405405405405406,1,0,0.0
9351,1,208,0.9369369369369369,1,196,0.8828828828828829
9352,1,188,0.8468468468468469,1,176,0.7927927927927928
9353,1,168,0.7567567567567568,1,156,0.7027027027027027
9354,1,148,0.6666666666666666,1,136,0.6126126126126126
9355,1,128,0.5765765765765766,1,116,0.5225225225225225
9356,1,108,0.4864864864864865,1,96,0.43243243243243246
9357,1,88,0.3963963963963964,1,76,0.34234234234234234
9358,1,68,0.3063063063063063,1,56,0.25225225225225223
9359,1,48,0.21621621621621623,1,36,0.16216216216216217
9360,1,40,0.18018018018018017,1,218,0.9819819819819819
9361,1,20,0.09009009009009009,1,198,0.8918918918918919
9362,1,0,0.0,1,178,0.8018018018018018
9363,1,179,0.8063063063063063,1,158,0.7117117117117117
9364,1,159,0.7162162162162162,1,138,0.6216216216216216
9365,1,139,0.6261261261261262,1,118,0.5315315315315315
9366,1,119,0.536036036036036,1,98,0.44144144144144143
9367,1,99,0.44594594594594594,1,78,0.35135135135135137
9368,1,79,0.35585585585585583,1,58,0.26126126126126126
9369,1,59,0.26576576576576577,1,38,0.17117117117117117
9370,1,39,0.17567567567567569,1,18,0.08108108108108109
9371,1,19,0.08558558558558559,0,-1,-1.0
9372,0,-1,-1.0,0,-1,-1.0
9373,0,-1,-1.0,0,-1,-1.0
9374,0,-1,-1.0,0,-1,-1.0
9375,0,-1,-1.0,1,204,0.918918918918919
9376,1,205,0.9234234234234234,1,184,0.8288288288288288
9377,1,185,0.8333333333333334,1,164,0.7387387387387387
9378,1,165,0.7432432432432432,1,144,0.6486486486486487
9379,1,145,0.6531531531531531,1,124,0.5585585585585585
9380,1,125,0.5630630630630631,1,104,0.46846846846846846
9381,1,105,0.47297297297297297,1,84,0.3783783783783784
9382,1,85,0.38288288288288286,1,64,0.2882882882882883
9383,1,65,0.2927927927927928,1,44,0.1981981981981982
9384,1,45,0.20270270270270271,1,24,0.10810810810810811
9385,1,25,0.11261261261261261,1,4,0.018018018018018018
9386,1,5,0.02252252252252252,1,147,0.6621621621621622
9387,1,148,0.6666666666666666,1,127,0.5720720720720721
9388,1,128,0.5765765765765766,1,107,0.481981981981982
9389,1,108,0.4864864864864865,1,87,0.3918918918918919
9390,1,88,0.3963963963963964,1,67,0.30180180180180183
9391,1,68,0.3063063063063063,0,-1,-1.0
9392,1,48,0.21621621621621623,0,-1,-1.0
9393,1,28,0.12612612612612611,0,-1,-1.0
9394,1,8,0.036036036036036036,0,-1,-1.0
9395,0,-1,-1.0,0,-1,-1.0
9396,0,-1,-1.0,0,-1,-1.0
9397,0,-1,-1.0,0,-1,-1.0
9398,0,-1,-1.0,0,-1,-1.0
9399,0,-1,-1.0,1,222,1.0
9400,0,-1,-1.0,1,202,0.9099099099099099
9401,1,217,0.9774774774774775,1,182,0.8198198198198198
9402,1,197,0.8873873873873874,1,162,0.7297297297297297
9403,1,177,0.7972972972972973,1,142,0.6396396396396397
9404,1,157,0.7072072072072072,1,122,0.5495495495495496
9405,1,137,0.6171171171171171,1,102,0.4594594594594595
9406,1,117,0.527027027027027,1,82,0.36936936936936937
9407,1,97,0.4369369369369369,1,62,0.27927927927927926
9408,1,77,0.34684684684684686,1,42,0.1891891891891892
9409,1,57,0.25675675675675674,1,22,0.0990990990990991
9410,1,37,0.16666666666666666,1,2,0.009009009009009009
9411,1,17,0.07657657657657657,1,147,0.6621621621621622
9412,1,162,0.7297297297297297,1,127,0.5720720720720721
9413,1,142,0.6396396396396397,1,107,0.481981981981982
9414,1,122,0.5495495495495496,1,87,0.3918918918918919
9415,1,102,0.4594594594594595,1,67,0.30180180180180183
9416,1,82,0.36936936936936937,1,47,0.21171171171171171
9417,1,62,0.27927927927927926,1,27,0.12162162162162163
9418,1,42,0.1891891891891892,1,7,0.03153153153153153
9419,1,22,0.0990990990990991,0,-1,-1.0
9420,1,2,0.009009009009009009,1,222,1.0
9421,1,46,0.2072072072072072,0,-1,-1.0
9422,1,26,0.11711711711711711,1,209,0.9414414414414415
9423,1,6,0.02702702702702703,1,189,0.8513513513513513
9424,1,193,0.8693693693693694,1,169,0.7612612612612613
9425,1,173,0.7792792792792793,1,149,0.6711711711711712
9426,1,153,0.6891891891891891,1,129,0.581081081081081
9427,1,133,0.5990990990990991,1,109,0.49099099099099097
9428,1,113,0.509009009009009,1,89,0.4009009009009009
9429,1,93,0.4189189189189189,1,69,0.3108108108108108
9430,1,73,0.32882882882882886,1,49,0.22072072072072071
9431,1,53,0.23873873873873874,1,29,0.13063063063063063
9432,1,33,0.14864864864864866,1,9,0.04054054054054054
9433,1,13,0.05855855855855856,0,-1,-1.0
9434,0,-1,-1.0,0,-1,-1.0
9435,0,-1,-1.0,0,-1,-1.0
9436,0,-1,-1.0,1,206,0.9279279279279279
9437,1,210,0.9459459459459459,1,186,0.8378378378378378
9438,1,190,0.8558558558558559,1,166,0.7477477477477478
9439,1,170,0.7657657657657657,1,146,0.6576576576576577
9440,1,150,0.6756756756756757,1,126,0.5675675675675675
9441,1,130,0.5855855855855856,1,106,0.4774774774774775
9442,1,110,0.4954954954954955,1,86,0.38738738738738737
9443,1,90,0.40540540540540543,1,66,0.2972972972972973
9444,1,70,0.3153153153153153,1,46,0.2072072072072072
9445,1,50,0.22522522522522523,1,26,0.11711711711711711
9446,1,30,0.13513513513513514,1,6,0.02702702702702703
9447,1,10,0.04504504504504504,1,193,0.8693693693693694
9448,1,74,0.3333333333333333,1,222,1.0
9449,1,54,0.24324324324324326,1,202,0.9099099099099099
9450,1,34,0.15315315315315314,1,182,0.8198198198198198
9451,1,14,0.06306306306306306,1,162,0.7297297297297297
9452,1,180,0.8108108108108109,1,142,0.6396396396396397
9453,1,160,0.7207207207207207,1,122,0.5495495495495496
9454,1,140,0.6306306306306306,1,102,0.4594594594594595
9455,1,120,0.5405405405405406,1,82,0.36936936936936937
9456,1,100,0.45045045045045046,1,62,0.27927927927927926
9457,1,80,0.36036036036036034,1,42,0.1891891891891892
9458,1,60,0.2702702702702703,1,22,0.0990990990990991
9459,1,40,0.18018018018018017,1,2,0.009009009009009009
9460,1,20,0.09009009009009009,0,-1,-1.0
9461,1,0,0.0,0,-1,-1.0
9462,0,-1,-1.0,1,209,0.9414414414414415
9463,0,-1,-1.0,1,189,0.8513513513513513
9464,1,207,0.9324324324324325,1,169,0.7612612612612613
9465,1,187,0.8423423423423423,1,149,0.6711711711711712
9466,1,167,0.7522522522522522,1,129,0.581081081081081
9467,1,147,0.6621621621621622,1,109,0.49099099099099097
9468,1,127,0.5720720720720721,1,89,0.4009009009009009
9469,1,107,0.481981981981982,1,69,0.3108108108108108
9470,1,87,0.3918918918918919,1,49,0.22072072072072071
9471,1,67,0.30180180180180183,1,29,0.13063063063063063
9472,1,47,0.21171171171171171,1,9,0.04054054054054054
9473,1,27,0.12162162162162163,0,-1,-1.0
9474,1,7,0.03153153153153153,1,204,0.918918918918919
9475,1,76,0.34234234234234234,0,-1,-1.0
9476,1,56,0.25225225225225223,0,-1,-1.0
9477,1,36,0.16216216216216217,0,-1,-1.0
9478,1,16,0.07207207207207207,0,-1,-1.0
9479,0,-1,-1.0,0,-1,-1.0
9480,0,-1,-1.0,1,215,0.9684684684684685
9481,0,-1,-1.0,1,195,0.8783783783783784
9482,1,214,0.963963963963964,1,175,0.7882882882882883
9483,1,194,0.8738738738738738,1,155,0.6981981981981982
9484,1,174,0.7837837837837838,1,135,0.6081081081081081
9485,1,154,0.6936936936936937,1,115,0.5180180180180181
9486,1,134,0.6036036036036037,1,95,0.42792792792792794
9487,1,114,0.5135135135135135,1,75,0.33783783783783783
9488,1,94,0.42342342342342343,1,55,0.24774774774774774
9489,1,74,0.3333333333333333,1,35,0.15765765765765766
9490,1,54,0.24324324324324326,1,15,0.06756756756756757
9491,1,34,0.15315315315315314,1,190,0.8558558558558559
9492,1,14,0.06306306306306306,1,170,0.7657657657657657
9493,1,189,0.8513513513513513,1,150,0.6756756756756757
9494,1,169,0.7612612612612613,1,130,0.5855855855855856
9495,1,149,0.6711711711711712,1,110,0.4954954954954955
9496,1,129,0.581081081081081,1,90,0.40540540540540543
9497,1,109,0.49099099099099097,1,70,0.3153153153153153
9498,1,89,0.4009009009009009,1,50,0.22522522522522523
9499,1,69,0.3108108108108108,1,30,0.13513513513513514
9500,1,49,0.22072072072072071,1,10,0.04504504504504504
9501,1,29,0.13063063063063063,1,195,0.8783783783783784
9502,1,52,0.23423423423423423,0,-1,-1.0
9503,1,32,0.14414414414414414,0,-1,-1.0
9504,1,12,0.05405405405405406,0,-1,-1.0
9505,0,-1,-1.0,0,-1,-1.0
9506,0,-1,-1.0,0,-1,-1.0
9507,0,-1,-1.0,0,-1,-1.0
9508,0,-1,-1.0,0,-1,-1.0
9509,0,-1,-1.0,0,-1,-1.0
9510,0,-1,-1.0,1,203,0.9144144144144144
9511,1,210,0.9459459459459459,1,183,0.8243243243243243
9512,1,190,0.8558558558558559,1,163,0.7342342342342343
9513,1,170,0.7657657657657657,1,143,0.6441441441441441
9514,1,150,0.6756756756756757,1,123,0.5540540540540541
9515,1,130,0.5855855855855856,1,103,0.46396396396396394
9516,1,110,0.4954954954954955,1,83,0.3738738738738739
9517,1,90,0.40540540540540543,1,63,0.28378378378378377
9518,1,70,0.3153153153153153,1,43,0.19369369369369369
9519,1,50,0.22522522522522523,1,23,0.1036036036036036
9520,1,30,0.13513513513513514,1,3,0.013513513513513514
9521,1,10,0.04504504504504504,1,176,0.7927927927927928
9522,1,183,0.8243243243243243,1,156,0.7027027027027027
9523,1,163,0.7342342342342343,1,136,0.6126126126126126
9524,1,143,0.6441441441441441,1,116,0.5225225225225225
9525,1,123,0.5540540540540541,1,96,0.43243243243243246
9526,1,103,0.46396396396396394,1,76,0.34234234234234234
9527,1,83,0.3738738738738739,1,56,0.25225225225225223
9528,1,63,0.28378378378378377,1,36,0.16216216216216217
9529,1,43,0.19369369369369369,1,16,0.07207207207207207
9530,1,23,0.1036036036036036,0,-1,-1.0
9531,1,3,0.013513513513513514,0,-1,-1.0
9532,0,-1,-1.0,0,-1,-1.0
9533,0,-1,-1.0,0,-1,-1.0
9534,0,-1,-1.0,1,207,0.9324324324324325
9535,1,214,0.963963963963964,1,187,0.8423423423423423
9536,1,194,0.8738738738738738,1,167,0.7522522522522522
9537,1,174,0.7837837837837838,1,147,0.6621621621621622
9538,1,154,0.6936936936936937,1,127,0.5720720720720721
9539,1,134,0.6036036036036037,1,107,0.481981981981982
9540,1,114,0.5135135135135135,1,87,0.3918918918918919
9541,1,94,0.42342342342342343,1,67,0.30180180180180183
9542,1,74,0.3333333333333333,1,47,0.21171171171171171
9543,1,54,0.24324324324324326,1,27,0.12162162162162163
9544,1,34,0.15315315315315314,1,7,0.03153153153153153
9545,1,14,0.06306306306306306,0,-1,-1.0
9546,0,-1,-1.0,0,-1,-1.0
9547,0,-1,-1.0,0,-1,-1.0
9548,0,-1,-1.0,1,219,0.9864864864864865
9549,0,-1,-1.0,1,199,0.8963963963963963
9550,1,60,0.2702702702702703,0,-1,-1.0
9551,1,40,0.18018018018018017,1,220,0.990990990990991
9552,1,20,0.09009009009009009,1,200,0.9009009009009009
9553,1,0,0.0,1,180,0.8108108108108109
9554,1,191,0.8603603603603603,1,160,0.7207207207207207
9555,1,171,0.7702702702702703,1,140,0.6306306306306306
9556,1,151,0.6801801801801802,1,120,0.5405405405405406
9557,1,131,0.5900900900900901,1,100,0.45045045045045046
9558,1,111,0.5,1,80,0.36036036036036034
9559,1,91,0.4099099099099099,1,60,0.2702702702702703
9560,1,71,0.31981981981981983,1,40,0.18018018018018017
9561,1,51,0.22972972972972974,1,20,0.09009009009009009
9562,1,31,0.13963963963963963,1,0,0.0
9563,1,11,0.04954954954954955,0,-1,-1.0
9564,0,-1,-1.0,0,-1,-1.0
9565,0,-1,-1.0,1,214,0.963963963963964
9566,0,-1,-1.0,1,194,0.8738738738738738
9567,1,205,0.9234234234234234,1,174,0.7837837837837838
9568,1,185,0.8333333333333334,1,154,0.6936936936936937
9569,1,165,0.7432432432432432,1,134,0.6036036036036037
9570,1,145,0.6531531531531531,1,114,0.5135135135135135
9571,1,125,0.5630630630630631,1,94,0.42342342342342343
9572,1,105,0.47297297297297297,1,74,0.3333333333333333
9573,1,85,0.38288288288288286,1,54,0.24324324324324326
9574,1,65,0.2927927927927928,1,34,0.15315315315315314
9575,1,48,0.21621621621621623,0,-1,-1.0
9576,1,28,0.12612612612612611,0,-1,-1.0
9577,1,8,0.036036036036036036,0,-1,-1.0
9578,0,-1,-1.0,0,-1,-1.0
9579,0,-1,-1.0,0,-1,-1.0
9580,0,-1,-1.0,1,203,0.9144144144144144
9581,1,208,0.9369369369369369,1,183,0.8243243243243243
9582,1,188,0.8468468468468469,1,163,0.7342342342342343
9583,1,168,0.7567567567567568,1,143,0.6441441441441441
9584,1,148,0.6666666666666666,1,123,0.5540540540540541
9585,1,128,0.5765765765765766,1,103,0.46396396396396394
9586,1,108,0.4864864864864865,1,83,0.3738738738738739
9587,1,88,0.3963963963963964,1,63,0.28378378378378377
9588,1,68,0.3063063063063063,1,43,0.19369369369369369
9589,1,48,0.21621621621621623,1,23,0.1036036036036036
9590,1,28,0.12612612612612611,1,3,0.013513513513513514
9591,1,8,0.036036036036036036,1,156,0.7027027027027027
9592,1,161,0.7252252252252253,1,136,0.6126126126126126
9593,1,141,0.6351351351351351,1,116,0.5225225225225225
9594,1,121,0.545045045045045,1,96,0.43243243243243246
9595,1,101,0.45495495495495497,1,76,0.34234234234234234
9596,1,81,0.36486486486486486,1,56,0.25225225225225223
9597,1,61,0.2747747747747748,1,36,0.16216216216216217
9598,1,41,0.18468468468468469,1,16,0.07207207207207207
9599,1,21,0.0945945945945946,0,-1,-1.0
9600,1,1,0.0045045045045045045,1,219,0.9864864864864865
9601,1,74,0.3333333333333333,0,-1,-1.0
9602,1,54,0.24324324324324326,0,-1,-1.0
9603,1,34,0.15315315315315314,1,212,0.954954954954955
9604,1,14,0.06306306306306306,1,192,0.8648648648648649
9605,1,210,0.9459459459459459,1,172,0.7747747747747747
9606,1,190,0.8558558558558559,1,152,0.6846846846846847
9607,1,170,0.7657657657657657,1,132,0.5945945945945946
9608,1,150,0.6756756756756757,1,112,0.5045045045045045
9609,1,130,0.5855855855855856,1,92,0.4144144144144144
9610,1,110,0.4954954954954955,1,72,0.32432432432432434
9611,1,90,0.40540540540540543,1,52,0.23423423423423423
9612,1,70,0.3153153153153153,1,32,0.14414414414414414
9613,1,50,0.22522522522522523,1,12,0.05405405405405406
9614,1,30,0.13513513513513514,1,217,0.9774774774774775
9615,1,10,0.04504504504504504,1,197,0.8873873873873874
9616,1,215,0.9684684684684685,1,177,0.7972972972972973
9617,1,195,0.8783783783783784,1,157,0.7072072072072072
9618,1,175,0.7882882882882883,1,137,0.6171171171171171
9619,1,155,0.6981981981981982,1,117,0.527027027027027
9620,1,135,0.6081081081081081,1,97,0.4369369369369369
9621,1,115,0.5180180180180181,1,77,0.34684684684684686
9622,1,95,0.42792792792792794,1,57,0.25675675675675674
9623,1,75,0.33783783783783783,1,37,0.16666666666666666
9624,1,55,0.24774774774774774,1,17,0.07657657657657657
9625,1,35,0.15765765765765766,1,217,0.9774774774774775
9626,1,15,0.06756756756756757,1,197,0.8873873873873874
9627,1,215,0.9684684684684685,1,177,0.7972972972972973
9628,1,195,0.8783783783783784,1,157,0.7072072072072072
9629,1,175,0.7882882882882883,1,137,0.6171171171171171
9630,1,155,0.6981981981981982,1,117,0.527027027027027
9631,1,135,0.6081081081081081,1,97,0.4369369369369369
9632,1,115,0.5180180180180181,1,77,0.34684684684684686
9633,1,95,0.42792792792792794,1,57,0.25675675675675674
9634,1,75,0.33783783783783783,1,37,0.16666666666666666
9635,1,55,0.24774774774774774,1,17,0.07657657657657657
9636,1,48,0.21621621621621623,0,-1,-1.0
9637,1,28,0.12612612612612611,0,-1,-1.0
9638,1,8,0.036036036036036036,0,-1,-1.0
9639,0,-1,-1.0,1,218,0.9819819819819819
9640,0,-1,-1.0,1,198,0.8918918918918919
9641,1,203,0.9144144144144144,1,178,0.8018018018018018
9642,1,183,0.8243243243243243,1,158,0.7117117117117117
9643,1,163,0.7342342342342343,1,138,0.6216216216216216
9644,1,143,0.6441441441441441,1,118,0.5315315315315315
9645,1,123,0.5540540540540541,1,98,0.44144144144144143
9646,1,103,0.46396396396396394,1,78,0.35135135135135137
9647,1,83,0.3738738738738739,1,58,0.26126126126126126
9648,1,63,0.28378378378378377,1,38,0.17117117117117117
9649,1,43,0.19369369369369369,1,18,0.08108108108108109
9650,1,23,0.1036036036036036,0,-1,-1.0
9651,1,3,0.013513513513513514,0,-1,-1.0
9652,0,-1,-1.0,1,212,0.954954954954955
9653,1,217,0.9774774774774775,1,192,0.8648648648648649
9654,1,197,0.8873873873873874,1,172,0.7747747747747747
9655,1,177,0.7972972972972973,1,152,0.6846846846846847
9656,1,157,0.7072072072072072,1,132,0.5945945945945946
9657,1,137,0.6171171171171171,1,112,0.5045045045045045
9658,1,117,0.527027027027027,1,92,0.4144144144144144
9659,1,97,0.4369369369369369,1,72,0.32432432432432434
9660,1,77,0.34684684684684686,1,52,0.23423423423423423
9661,1,57,0.25675675675675674,1,32,0.14414414414414414
9662,1,37,0.16666666666666666,1,12,0.05405405405405406
9663,1,17,0.07657657657657657,1,197,0.8873873873873874
9664,1,202,0.9099099099099099,1,177,0.7972972972972973
9665,1,182,0.8198198198198198,1,157,0.7072072072072072
9666,1,162,0.7297297297297297,1,137,0.6171171171171171
9667,1,142,0.6396396396396397,1,117,0.527027027027027
9668,1,122,0.5495495495495496,1,97,0.4369369369369369
9669,1,102,0.4594594594594595,1,77,0.34684684684684686
9670,1,82,0.36936936936936937,1,57,0.25675675675675674
9671,1,62,0.27927927927927926,1,37,0.16666666666666666
9672,1,42,0.1891891891891892,1,17,0.07657657657657657
9673,1,22,0.0990990990990991,0,-1,-1.0
9674,1,2,0.009009009009009009,0,-1,-1.0
9675,0,-1,-1.0,0,-1,-1.0
9676,0,-1,-1.0,1,222,1.0
9677,0,-1,-1.0,1,202,0.9099099099099099
9678,1,28,0.12612612612612611,1,222,1.0
9679,1,8,0.036036036036036036,1,202,0.9099099099099099
9680,1,197,0.8873873873873874,1,182,0.8198198198198198
9681,1,177,0.7972972972972973,1,162,0.7297297297297297
9682,1,157,0.7072072072072072,1,142,0.6396396396396397
9683,1,137,0.6171171171171171,1,122,0.5495495495495496
9684,1,117,0.527027027027027,1,102,0.4594594594594595
9685,1,97,0.4369369369369369,1,82,0.36936936936936937
9686,1,77,0.34684684684684686,1,62,0.27927927927927926
9687,1,57,0.25675675675675674,1,42,0.1891891891891892
9688,1,37,0.16666666666666666,1,22,0.0990990990990991
9689,1,17,0.07657657657657657,1,2,0.009009009009009009
9690,0,-1,-1.0,0,-1,-1.0
9691,0,-1,-1.0,0,-1,-1.0
9692,0,-1,-1.0,1,217,0.9774774774774775
9693,1,212,0.954954954954955,1,197,0.8873873873873874
9694,1,192,0.8648648648648649,1,177,0.7972972972972973
9695,1,172,0.7747747747747747,1,157,0.7072072072072072
9696,1,152,0.6846846846846847,1,137,0.6171171171171171
9697,1,132,0.5945945945945946,1,117,0.527027027027027
9698,1,112,0.5045045045045045,1,97,0.4369369369369369
9699,1,92,0.4144144144144144,1,77,0.34684684684684686
9700,1,72,0.32432432432432434,1,57,0.25675675675675674
9701,1,52,0.23423423423423423,1,37,0.16666666666666666
9702,1,32,0.14414414414414414,1,17,0.07657657657657657
9703,1,12,0.05405405405405406,1,211,0.9504504504504504
9704,0,-1,-1.0,1,191,0.8603603603603603
9705,1,24,0.10810810810810811,0,-1,-1.0
9706,1,4,0.018018018018018018,0,-1,-1.0
9707,0,-1,-1.0,0,-1,-1.0
9708,0,-1,-1.0,0,-1,-1.0
9709,0,-1,-1.0,1,215,0.9684684684684685
9710,1,208,0.9369369369369369,1,195,0.8783783783783784
9711,1,188,0.8468468468468469,1,175,0.7882882882882883
9712,1,168,0.7567567567567568,1,155,0.6981981981981982
9713,1,148,0.6666666666666666,1,135,0.6081081081081081
9714,1,128,0.5765765765765766,1,115,0.5180180180180181
9715,1,108,0.4864864864864865,1,95,0.42792792792792794
9716,1,88,0.3963963963963964,1,75,0.33783783783783783
9717,1,68,0.3063063063063063,1,55,0.24774774774774774
9718,1,48,0.21621621621621623,1,35,0.15765765765765766
9719,1,28,0.12612612612612611,1,15,0.06756756756756757
9720,1,8,0.036036036036036036,0,-1,-1.0
9721,0,-1,-1.0,0,-1,-1.0
9722,0,-1,-1.0,0,-1,-1.0
9723,0,-1,-1.0,0,-1,-1.0
9724,0,-1,-1.0,0,-1,-1.0
9725,0,-1,-1.0,0,-1,-1.0
9726,1,219,0.9864864864864865,1,206,0.9279279279279279
9727,1,199,0.8963963963963963,1,186,0.8378378378378378
9728,1,179,0.8063063063063063,1,166,0.7477477477477478
9729,1,159,0.7162162162162162,1,146,0.6576576576576577
9730,1,139,0.6261261261261262,1,126,0.5675675675675675
9731,1,119,0.536036036036036,1,106,0.4774774774774775
9732,1,99,0.44594594594594594,1,86,0.38738738738738737
9733,1,79,0.35585585585585583,1,66,0.2972972972972973
9734,1,59,0.26576576576576577,1,46,0.2072072072072072
9735,1,39,0.17567567567567569,1,26,0.11711711711711711
9736,1,19,0.08558558558558559,1,6,0.02702702702702703
9737,0,-1,-1.0,1,200,0.9009009009009009
9738,1,56,0.25225225225225223,0,-1,-1.0
9739,1,36,0.16216216216216217,0,-1,-1.0
9740,1,16,0.07207207207207207,1,204,0.918918918918919
9741,1,213,0.9594594594594594,1,184,0.8288288288288288
9742,1,193,0.8693693693693694,1,164,0.7387387387387387
9743,1,173,0.7792792792792793,1,144,0.6486486486486487
9744,1,153,0.6891891891891891,1,124,0.5585585585585585
9745,1,133,0.5990990990990991,1,104,0.46846846846846846
9746,1,113,0.509009009009009,1,84,0.3783783783783784
9747,1,93,0.4189189189189189,1,64,0.2882882882882883
9748,1,73,0.32882882882882886,1,44,0.1981981981981982
9749,1,53,0.23873873873873874,1,24,0.10810810810810811
9750,1,33,0.14864864864864866,1,4,0.018018018018018018
9751,1,13,0.05855855855855856,0,-1,-1.0
9752,0,-1,-1.0,0,-1,-1.0
9753,0,-1,-1.0,1,204,0.918918918918919
9754,1,213,0.9594594594594594,1,184,0.8288288288288288
9755,1,193,0.8693693693693694,1,164,0.7387387387387387
9756,1,173,0.7792792792792793,1,144,0.6486486486486487
9757,1,153,0.6891891891891891,1,124,0.5585585585585585
9758,1,133,0.5990990990990991,1,104,0.46846846846846846
9759,1,113,0.509009009009009,1,84,0.3783783783783784
9760,1,93,0.4189189189189189,1,64,0.2882882882882883
9761,1,73,0.32882882882882886,1,44,0.1981981981981982
9762,1,53,0.23873873873873874,1,24,0.10810810810810811
9763,1,33,0.14864864864864866,1,4,0.018018018018018018
9764,1,13,0.05855855855855856,1,221,0.9954954954954955
9765,0,-1,-1.0,1,201,0.9054054054054054
9766,1,210,0.9459459459459459,1,181,0.8153153153153153
9767,1,190,0.8558558558558559,1,161,0.7252252252252253
9768,1,170,0.7657657657657657,1,141,0.6351351351351351
9769,1,150,0.6756756756756757,1,121,0.545045045045045
9770,1,130,0.5855855855855856,1,101,0.45495495495495497
9771,1,110,0.4954954954954955,1,81,0.36486486486486486
9772,1,90,0.40540540540540543,1,61,0.2747747747747748
9773,1,70,0.3153153153153153,1,41,0.18468468468468469
9774,1,50,0.22522522522522523,1,21,0.0945945945945946
9775,1,30,0.13513513513513514,1,1,0.0045045045045045045
9776,1,10,0.04504504504504504,0,-1,-1.0
9777,0,-1,-1.0,1,218,0.9819819819819819
9778,0,-1,-1.0,1,198,0.8918918918918919
9779,1,76,0.34234234234234234,0,-1,-1.0
9780,1,56,0.25225225225225223,1,222,1.0
9781,1,36,0.16216216216216217,1,202,0.9099099099099099
9782,1,16,0.07207207207207207,1,182,0.8198198198198198
9783,1,201,0.9054054054054054,1,162,0.7297297297297297
9784,1,181,0.8153153153153153,1,142,0.6396396396396397
9785,1,161,0.7252252252252253,1,122,0.5495495495495496
9786,1,141,0.6351351351351351,1,102,0.4594594594594595
9787,1,121,0.545045045045045,1,82,0.36936936936936937
9788,1,101,0.45495495495495497,1,62,0.27927927927927926
9789,1,81,0.36486486486486486,1,42,0.1891891891891892
9790,1,61,0.2747747747747748,1,22,0.0990990990990991
9791,1,41,0.18468468468468469,1,2,0.009009009009009009
9792,1,21,0.0945945945945946,0,-1,-1.0
9793,1,1,0.0045045045045045045,0,-1,-1.0
9794,0,-1,-1.0,1,210,0.9459459459459459
9795,0,-1,-1.0,1,190,0.8558558558558559
9796,1,209,0.9414414414414415,1,170,0.7657657657657657
9797,1,189,0.8513513513513513,1,150,0.6756756756756757
9798,1,169,0.7612612612612613,1,130,0.5855855855855856
9799,1,149,0.6711711711711712,1,110,0.4954954954954955
9800,1,129,0.581081081081081,1,90,0.40540540540540543
9801,1,109,0.49099099099099097,1,70,0.3153153153153153
9802,1,89,0.4009009009009009,1,50,0.22522522522522523
9803,1,69,0.3108108108108108,1,30,0.13513513513513514
9804,1,49,0.22072072072072071,1,10,0.04504504504504504
9805,1,29,0.13063063063063063,0,-1,-1.0
9806,1,9,0.04054054054054054,0,-1,-1.0
9807,0,-1,-1.0,1,215,0.9684684684684685
9808,0,-1,-1.0,1,195,0.8783783783783784
9809,1,26,0.11711711711711711,0,-1,-1.0
9810,1,6,0.02702702702702703,0,-1,-1.0
9811,0,-1,-1.0,1,211,0.9504504504504504
9812,1,205,0.9234234234234234,1,191,0.8603603603603603
9813,1,185,0.8333333333333334,1,171,0.7702702702702703
9814,1,165,0.7432432432432432,1,151,0.6801801801801802
9815,1,145,0.6531531531531531,1,131,0.5900900900900901
9816,1,125,0.5630630630630631,1,111,0.5
9817,1,105,0.47297297297297297,1,91,0.4099099099099099
9818,1,85,0.38288288288288286,1,71,0.31981981981981983
9819,1,65,0.2927927927927928,1,51,0.22972972972972974
9820,1,45,0.20270270270270271,1,31,0.13963963963963963
9821,1,25,0.11261261261261261,1,11,0.04954954954954955
9822,1,5,0.02252252252252252,1,186,0.8378378378378378
9823,1,180,0.8108108108108109,1,166,0.7477477477477478
9824,1,160,0.7207207207207207,1,146,0.6576576576576577
9825,1,140,0.6306306306306306,1,126,0.5675675675675675
9826,1,120,0.5405405405405406,1,106,0.4774774774774775
9827,1,100,0.45045045045045046,1,86,0.38738738738738737
9828,1,80,0.36036036036036034,1,66,0.2972972972972973
9829,1,60,0.2702702702702703,1,46,0.2072072072072072
9830,1,40,0.18018018018018017,1,26,0.11711711711711711
9831,1,20,0.09009009009009009,1,6,0.02702702702702703
9832,1,0,0.0,0,-1,-1.0
9833,1,219,0.9864864864864865,1,205,0.9234234234234234
9834,1,199,0.8963963963963963,1,185,0.8333333333333334
9835,1,179,0.8063063063063063,1,165,0.7432432432432432
9836,1,159,0.7162162162162162,1,145,0.6531531531531531
9837,1,139,0.6261261261261262,1,125,0.5630630630630631
9838,1,119,0.536036036036036,1,105,0.47297297297297297
9839,1,99,0.44594594594594594,1,85,0.38288288288288286
9840,1,79,0.35585585585585583,1,65,0.2927927927927928
9841,1,59,0.26576576576576577,1,45,0.20270270270270271
9842,1,20,0.09009009009009009,1,199,0.8963963963963963
9843,1,0,0.0,1,179,0.8063063063063063
9844,1,170,0.7657657657657657,1,159,0.7162162162162162
9845,1,150,0.6756756756756757,1,139,0.6261261261261262
9846,1,130,0.5855855855855856,1,119,0.536036036036036
9847,1,110,0.4954954954954955,1,99,0.44594594594594594
9848,1,90,0.40540540540540543,1,79,0.35585585585585583
9849,1,70,0.3153153153153153,1,59,0.26576576576576577
9850,1,50,0.22522522522522523,1,39,0.17567567567567569
9851,1,30,0.13513513513513514,1,19,0.08558558558558559
9852,1,10,0.04504504504504504,1,205,0.9234234234234234
9853,1,196,0.8828828828828829,1,185,0.8333333333333334
9854,1,176,0.7927927927927928,1,165,0.7432432432432432
9855,1,156,0.7027027027027027,1,145,0.6531531531531531
9856,1,136,0.6126126126126126,1,125,0.5630630630630631
9857,1,116,0.5225225225225225,1,105,0.47297297297297297
9858,1,96,0.43243243243243246,1,85,0.38288288288288286
9859,1,76,0.34234234234234234,1,65,0.2927927927927928
9860,1,56,0.25225225225225223,1,45,0.20270270270270271
9861,1,36,0.16216216216216217,1,25,0.11261261261261261
9862,1,16,0.07207207207207207,1,5,0.02252252252252252
9863,1,149,0.6711711711711712,1,138,0.6216216216216216
9864,1,129,0.581081081081081,1,118,0.5315315315315315
9865,1,109,0.49099099099099097,1,98,0.44144144144144143
9866,1,89,0.4009009009009009,1,78,0.35135135135135137
9867,1,69,0.3108108108108108,1,58,0.26126126126126126
9868,1,49,0.22072072072072071,1,38,0.17117117117117117
9869,1,29,0.13063063063063063,1,18,0.08108108108108109
9870,1,9,0.04054054054054054,0,-1,-1.0
9871,1,20,0.09009009009009009,0,-1,-1.0
9872,1,0,0.0,0,-1,-1.0
9873,0,-1,-1.0,0,-1,-1.0
9874,0,-1,-1.0,0,-1,-1.0
9875,0,-1,-1.0,0,-1,-1.0
9876,0,-1,-1.0,0,-1,-1.0
9877,0,-1,-1.0,1,214,0.963963963963964
9878,1,205,0.9234234234234234,1,194,0.8738738738738738
9879,1,185,0.8333333333333334,1,174,0.7837837837837838
9880,1,165,0.7432432432432432,1,154,0.6936936936936937
9881,1,145,0.6531531531531531,1,134,0.6036036036036037
9882,1,125,0.5630630630630631,1,114,0.5135135135135135
9883,1,105,0.47297297297297297,1,94,0.42342342342342343
9884,1,85,0.38288288288288286,1,74,0.3333333333333333
9885,1,65,0.2927927927927928,1,54,0.24324324324324326
9886,1,45,0.20270270270270271,1,34,0.15315315315315314
9887,1,25,0.11261261261261261,1,14,0.06306306306306306
9888,1,5,0.02252252252252252,0,-1,-1.0
9889,0,-1,-1.0,0,-1,-1.0
9890,0,-1,-1.0,1,215,0.9684684684684685
9891,1,206,0.9279279279279279,1,195,0.8783783783783784
9892,1,186,0.8378378378378378,1,175,0.7882882882882883
9893,1,166,0.7477477477477478,1,155,0.6981981981981982
9894,1,146,0.6576576576576577,1,135,0.6081081081081081
9895,1,126,0.5675675675675675,1,115,0.5180180180180181
9896,1,106,0.4774774774774775,1,95,0.42792792792792794
9897,1,86,0.38738738738738737,1,75,0.33783783783783783
9898,1,66,0.2972972972972973,1,55,0.24774774774774774
9899,1,46,0.2072072072072072,1,35,0.15765765765765766
9900,1,26,0.11711711711711711,1,15,0.06756756756756757
9901,1,6,0.02702702702702703,1,215,0.9684684684684685
9902,1,26,0.11711711711711711,1,182,0.8198198198198198
9903,1,6,0.02702702702702703,1,162,0.7297297297297297
9904,1,156,0.7027027027027027,1,142,0.6396396396396397
9905,1,136,0.6126126126126126,1,122,0.5495495495495496
9906,1,116,0.5225225225225225,1,102,0.4594594594594595
9907,1,96,0.43243243243243246,1,82,0.36936936936936937
9908,1,76,0.34234234234234234,1,62,0.27927927927927926
9909,1,56,0.25225225225225223,1,42,0.1891891891891892
9910,1,36,0.16216216216216217,1,22,0.0990990990990991
9911,1,16,0.07207207207207207,1,2,0.009009009009009009
9912,0,-1,-1.0,1,219,0.9864864864864865
9913,1,213,0.9594594594594594,1,199,0.8963963963963963
9914,1,193,0.8693693693693694,1,179,0.8063063063063063
9915,1,173,0.7792792792792793,1,159,0.7162162162162162
9916,1,153,0.6891891891891891,1,139,0.6261261261261262
9917,1,133,0.5990990990990991,1,119,0.536036036036036
9918,1,113,0.509009009009009,1,99,0.44594594594594594
9919,1,93,0.4189189189189189,1,79,0.35585585585585583
9920,1,73,0.32882882882882886,1,59,0.26576576576576577
9921,1,53,0.23873873873873874,1,39,0.17567567567567569
9922,1,20,0.09009009009009009,0,-1,-1.0
9923,1,0,0.0,0,-1,-1.0
9924,1,214,0.963963963963964,1,203,0.9144144144144144
9925,1,194,0.8738738738738738,1,183,0.8243243243243243
9926,1,174,0.7837837837837838,1,163,0.7342342342342343
9927,1,154,0.6936936936936937,1,143,0.6441441441441441
9928,1,134,0.6036036036036037,1,123,0.5540540540540541
9929,1,114,0.5135135135135135,1,103,0.46396396396396394
9930,1,94,0.42342342342342343,1,83,0.3738738738738739
9931,1,74,0.3333333333333333,1,63,0.28378378378378377
9932,1,54,0.24324324324324326,1,43,0.19369369369369369
9933,1,34,0.15315315315315314,1,23,0.1036036036036036
9934,1,14,0.06306306306306306,1,3,0.013513513513513514
9935,1,147,0.6621621621621622,1,136,0.6126126126126126
9936,1,127,0.5720720720720721,1,116,0.5225225225225225
9937,1,107,0.481981981981982,1,96,0.43243243243243246
9938,1,87,0.3918918918918919,1,76,0.34234234234234234
9939,1,67,0.30180180180180183,1,56,0.25225225225225223
9940,1,47,0.21171171171171171,1,36,0.16216216216216217
9941,1,27,0.12162162162162163,1,16,0.07207207207207207
9942,1,7,0.03153153153153153,0,-1,-1.0
9943,0,-1,-1.0,0,-1,-1.0
9944,0,-1,-1.0,0,-1,-1.0
9945,0,-1,-1.0,1,220,0.990990990990991
9946,1,211,0.9504504504504504,1,200,0.9009009009009009
9947,1,191,0.8603603603603603,1,180,0.8108108108108109
9948,1,171,0.7702702702702703,1,160,0.7207207207207207
9949,1,151,0.6801801801801802,1,140,0.6306306306306306
9950,1,131,0.5900900900900901,1,120,0.5405405405405406
9951,1,111,0.5,1,100,0.45045045045045046
9952,1,91,0.4099099099099099,1,80,0.36036036036036034
9953,1,71,0.31981981981981983,1,60,0.2702702702702703
9954,1,51,0.22972972972972974,1,40,0.18018018018018017
9955,1,31,0.13963963963963963,1,20,0.09009009009009009
9956,1,50,0.22522522522522523,0,-1,-1.0
9957,1,30,0.13513513513513514,0,-1,-1.0
9958,1,10,0.04504504504504504,0,-1,-1.0
9959,0,-1,-1.0,0,-1,-1.0
9960,0,-1,-1.0,0,-1,-1.0
9961,0,-1,-1.0,1,219,0.9864864864864865
9962,0,-1,-1.0,1,199,0.8963963963963963
9963,1,205,0.9234234234234234,1,179,0.8063063063063063
9964,1,185,0.8333333333333334,1,159,0.7162162162162162
9965,1,165,0.7432432432432432,1,139,0.6261261261261262
9966,1,145,0.6531531531531531,1,119,0.536036036036036
9967,1,125,0.5630630630630631,1,99,0.44594594594594594
9968,1,105,0.47297297297297297,1,79,0.35585585585585583
9969,1,85,0.38288288288288286,1,59,0.26576576576576577
9970,1,65,0.2927927927927928,1,39,0.17567567567567569
9971,1,45,0.20270270270270271,1,19,0.08558558558558559
9972,1,25,0.11261261261261261,1,205,0.9234234234234234
9973,1,5,0.02252252252252252,1,185,0.8333333333333334
9974,1,191,0.8603603603603603,1,165,0.7432432432432432
9975,1,171,0.7702702702702703,1,145,0.6531531531531531
9976,1,151,0.6801801801801802,1,125,0.5630630630630631
9977,1,131,0.5900900900900901,1,105,0.47297297297297297
9978,1,111,0.5,1,85,0.38288288288288286
9979,1,91,0.4099099099099099,1,65,0.2927927927927928
9980,1,71,0.31981981981981983,1,45,0.20270270270270271
9981,1,51,0.22972972972972974,1,25,0.11261261261261261
9982,1,48,0.21621621621621623,0,-1,-1.0
9983,1,28,0.12612612612612611,0,-1,-1.0
9984,1,8,0.036036036036036036,1,217,0.9774774774774775
9985,1,222,1.0,1,197,0.8873873873873874
9986,1,202,0.9099099099099099,1,177,0.7972972972972973
9987,1,182,0.8198198198198198,1,157,0.7072072072072072
9988,1,162,0.7297297297297297,1,137,0.6171171171171171
9989,1,142,0.6396396396396397,1,117,0.527027027027027
9990,1,122,0.5495495495495496,1,97,0.4369369369369369
9991,1,102,0.4594594594594595,1,77,0.34684684684684686
9992,1,82,0.36936936936936937,1,57,0.25675675675675674
9993,1,62,0.27927927927927926,1,37,0.16666666666666666
9994,1,42,0.1891891891891892,1,17,0.07657657657657657
9995,1,22,0.0990990990990991,0,-1,-1.0
9996,1,2,0.009009009009009009,1,213,0.9594594594594594
9997,1,218,0.9819819819819819,1,193,0.8693693693693694
9998,1,198,0.8918918918918919,1,173,0.7792792792792793
9999,1,178,0.8018018018018018,1,153,0.6891891891891891
10000,1,158,0.7117117117117117,1,133,0.5990990990990991
10001,1,138,0.6216216216216216,1,113,0.509009009009009
10002,1,118,0.5315315315315315,1,93,0.4189189189189189
10003,1,98,0.44144144144144143,1,73,0.32882882882882886
10004,1,78,0.35135135135135137,1,53,0.23873873873873874
10005,1,58,0.26126126126126126,1,33,0.14864864864864866
10006,1,38,0.17117117117117117,1,13,0.05855855855855856
10007,1,18,0.08108108108108109,0,-1,-1.0
10008,0,-1,-1.0,0,-1,-1.0
10009,0,-1,-1.0,0,-1,-1.0
10010,0,-1,-1.0,0,-1,-1.0
10011,0,-1,-1.0,0,-1,-1.0
10012,0,-1,-1.0,1,214,0.963963963963964
10013,1,219,0.9864864864864865,1,194,0.8738738738738738
10014,1,199,0.8963963963963963,1,174,0.7837837837837838
10015,1,179,0.8063063063063063,1,154,0.6936936936936937
10016,1,159,0.7162162162162162,1,134,0.6036036036036037
10017,1,139,0.6261261261261262,1,114,0.5135135135135135
10018,1,119,0.536036036036036,1,94,0.42342342342342343
10019,1,99,0.44594594594594594,1,74,0.3333333333333333
10020,1,79,0.35585585585585583,1,54,0.24324324324324326
10021,1,59,0.26576576576576577,1,34,0.15315315315315314
10022,1,39,0.17567567567567569,1,14,0.06306306306306306
10023,1,22,0.0990990990990991,0,-1,-1.0
10024,1,2,0.009009009009009009,0,-1,-1.0
10025,0,-1,-1.0,0,-1,-1.0
10026,0,-1,-1.0,1,213,0.9594594594594594
10027,1,205,0.9234234234234234,1,193,0.8693693693693694
10028,1,185,0.8333333333333334,1,173,0.7792792792792793
10029,1,165,0.7432432432432432,1,153,0.6891891891891891
10030,1,145,0.6531531531531531,1,133,0.5990990990990991
10031,1,125,0.5630630630630631,1,113,0.509009009009009
10032,1,105,0.47297297297297297,1,93,0.4189189189189189
10033,1,85,0.38288288288288286,1,73,0.32882882882882886
10034,1,65,0.2927927927927928,1,53,0.23873873873873874
10035,1,45,0.20270270270270271,1,33,0.14864864864864866
10036,1,25,0.11261261261261261,1,13,0.05855855855855856
10037,1,5,0.02252252252252252,1,204,0.918918918918919
10038,1,196,0.8828828828828829,1,184,0.8288288288288288
10039,1,176,0.7927927927927928,1,164,0.7387387387387387
10040,1,156,0.7027027027027027,1,144,0.6486486486486487
10041,1,136,0.6126126126126126,1,124,0.5585585585585585
10042,1,116,0.5225225225225225,1,104,0.46846846846846846
10043,1,96,0.43243243243243246,1,84,0.3783783783783784
10044,1,76,0.34234234234234234,1,64,0.2882882882882883
10045,1,56,0.25225225225225223,1,44,0.1981981981981982
10046,1,36,0.16216216216216217,1,24,0.10810810810810811
10047,1,16,0.07207207207207207,1,4,0.018018018018018018
10048,0,-1,-1.0,0,-1,-1.0
10049,1,221,0.9954954954954955,1,209,0.9414414414414415
10050,1,201,0.9054054054054054,1,189,0.8513513513513513
10051,1,181,0.8153153153153153,1,169,0.7612612612612613
10052,1,161,0.7252252252252253,1,149,0.6711711711711712
10053,1,141,0.6351351351351351,1,129,0.581081081081081
10054,1,121,0.545045045045045,1,109,0.49099099099099097
10055,1,101,0.45495495495495497,1,89,0.4009009009009009
10056,1,81,0.36486486486486486,1,69,0.3108108108108108
10057,1,61,0.2747747747747748,1,49,0.22072072072072071
10058,1,41,0.18468468468468469,1,29,0.13063063063063063
10059,1,21,0.0945945945945946,1,9,0.04054054054054054
10060,1,1,0.0045045045045045045,0,-1,-1.0
10061,0,-1,-1.0,0,-1,-1.0
10062,0,-1,-1.0,0,-1,-1.0
10063,0,-1,-1.0,0,-1,-1.0
10064,0,-1,-1.0,0,-1,-1.0
10065,0,-1,-1.0,1,219,0.9864864864864865
10066,0,-1,-1.0,1,199,0.8963963963963963
10067,1,76,0.34234234234234234,0,-1,-1.0
10068,1,56,0.25225225225225223,0,-1,-1.0
10069,1,36,0.16216216216216217,0,-1,-1.0
10070,1,16,0.07207207207207207,0,-1,-1.0
10071,0,-1,-1.0,0,-1,-1.0
10072,0,-1,-1.0,0,-1,-1.0
10073,0,-1,-1.0,1,216,0.972972972972973
10074,0,-1,-1.0,1,196,0.8828828828828829
10075,1,215,0.9684684684684685,1,176,0.7927927927927928
10076,1,195,0.8783783783783784,1,156,0.7027027027027027
10077,1,175,0.7882882882882883,1,136,0.6126126126126126
10078,1,155,0.6981981981981982,1,116,0.5225225225225225
10079,1,135,0.6081081081081081,1,96,0.43243243243243246
10080,1,115,0.5180180180180181,1,76,0.34234234234234234
10081,1,95,0.42792792792792794,1,56,0.25225225225225223
10082,1,75,0.33783783783783783,1,36,0.16216216216216217
10083,1,55,0.24774774774774774,1,16,0.07207207207207207
10084,1,35,0.15765765765765766,0,-1,-1.0
10085,1,15,0.06756756756756757,0,-1,-1.0
10086,0,-1,-1.0,0,-1,-1.0
10087,0,-1,-1.0,0,-1,-1.0
10088,0,-1,-1.0,1,208,0.9369369369369369
10089,0,-1,-1.0,1,188,0.8468468468468469
10090,1,207,0.9324324324324325,1,168,0.7567567567567568
10091,1,187,0.8423423423423423,1,148,0.6666666666666666
10092,1,167,0.7522522522522522,1,128,0.5765765765765766
10093,1,147,0.6621621621621622,1,108,0.4864864864864865
10094,1,127,0.5720720720720721,1,88,0.3963963963963964
10095,1,107,0.481981981981982,1,68,0.3063063063063063
10096,1,87,0.3918918918918919,1,48,0.21621621621621623
10097,1,67,0.30180180180180183,1,28,0.12612612612612611
10098,1,47,0.21171171171171171,1,8,0.036036036036036036
10099,1,27,0.12162162162162163,0,-1,-1.0
10100,1,7,0.03153153153153153,1,208,0.9369369369369369
10101,1,70,0.3153153153153153,0,-1,-1.0
10102,1,50,0.22522522522522523,0,-1,-1.0
10103,1,30,0.13513513513513514,0,-1,-1.0
10104,1,10,0.04504504504504504,0,-1,-1.0
10105,0,-1,-1.0,0,-1,-1.0
10106,0,-1,-1.0,0,-1,-1.0
10107,0,-1,-1.0,0,-1,-1.0
10108,0,-1,-1.0,1,210,0.9459459459459459
10109,0,-1,-1.0,1,190,0.8558558558558559
10110,1,206,0.9279279279279279,1,170,0.7657657657657657
10111,1,186,0.8378378378378378,1,150,0.6756756756756757
10112,1,166,0.7477477477477478,1,130,0.5855855855855856
10113,1,146,0.6576576576576577,1,110,0.4954954954954955
10114,1,126,0.5675675675675675,1,90,0.40540540540540543
10115,1,106,0.4774774774774775,1,70,0.3153153153153153
10116,1,86,0.38738738738738737,1,50,0.22522522522522523
10117,1,66,0.2972972972972973,1,30,0.13513513513513514
10118,1,46,0.2072072072072072,1,10,0.04504504504504504
10119,1,26,0.11711711711711711,1,177,0.7972972972972973
10120,1,6,0.02702702702702703,1,157,0.7072072072072072
10121,1,173,0.7792792792792793,1,137,0.6171171171171171
10122,1,153,0.6891891891891891,1,117,0.527027027027027
10123,1,133,0.5990990990990991,1,97,0.4369369369369369
10124,1,113,0.509009009009009,1,77,0.34684684684684686
10125,1,93,0.4189189189189189,1,57,0.25675675675675674
10126,1,73,0.32882882882882886,1,37,0.16666666666666666
10127,1,53,0.23873873873873874,1,17,0.07657657657657657
10128,1,33,0.14864864864864866,0,-1,-1.0
10129,1,13,0.05855855855855856,0,-1,-1.0
10130,0,-1,-1.0,0,-1,-1.0
10131,0,-1,-1.0,1,215,0.9684684684684685
10132,1,64,0.2882882882882883,0,-1,-1.0
10133,1,44,0.1981981981981982,1,218,0.9819819819819819
10134,1,24,0.10810810810810811,1,198,0.8918918918918919
10135,1,4,0.018018018018018018,1,178,0.8018018018018018
10136,1,191,0.8603603603603603,1,158,0.7117117117117117
10137,1,171,0.7702702702702703,1,138,0.6216216216216216
10138,1,151,0.6801801801801802,1,118,0.5315315315315315
10139,1,131,0.5900900900900901,1,98,0.44144144144144143
10140,1,111,0.5,1,78,0.35135135135135137
10141,1,91,0.4099099099099099,1,58,0.26126126126126126
10142,1,71,0.31981981981981983,1,38,0.17117117117117117
10143,1,51,0.22972972972972974,1,18,0.08108108108108109
10144,1,31,0.13963963963963963,1,220,0.990990990990991
10145,1,11,0.04954954954954955,1,200,0.9009009009009009
10146,1,213,0.9594594594594594,1,180,0.8108108108108109
10147,1,193,0.8693693693693694,1,160,0.7207207207207207
10148,1,173,0.7792792792792793,1,140,0.6306306306306306
10149,1,153,0.6891891891891891,1,120,0.5405405405405406
10150,1,133,0.5990990990990991,1,100,0.45045045045045046
10151,1,113,0.509009009009009,1,80,0.36036036036036034
10152,1,93,0.4189189189189189,1,60,0.2702702702702703
10153,1,73,0.32882882882882886,1,40,0.18018018018018017
10154,1,53,0.23873873873873874,1,20,0.09009009009009009
10155,1,33,0.14864864864864866,1,0,0.0
10156,1,13,0.05855855855855856,1,212,0.954954954954955
10157,1,64,0.2882882882882883,0,-1,-1.0
10158,1,44,0.1981981981981982,1,203,0.9144144144144144
10159,1,24,0.10810810810810811,1,183,0.8243243243243243
10160,1,4,0.018018018018018018,1,163,0.7342342342342343
10161,1,176,0.7927927927927928,1,143,0.6441441441441441
10162,1,156,0.7027027027027027,1,123,0.5540540540540541
10163,1,136,0.6126126126126126,1,103,0.46396396396396394
10164,1,116,0.5225225225225225,1,83,0.3738738738738739
10165,1,96,0.43243243243243246,1,63,0.28378378378378377
10166,1,76,0.34234234234234234,1,43,0.19369369369369369
10167,1,56,0.25225225225225223,1,23,0.1036036036036036
10168,1,36,0.16216216216216217,1,3,0.013513513513513514
10169,1,16,0.07207207207207207,0,-1,-1.0
10170,0,-1,-1.0,1,218,0.9819819819819819
10171,0,-1,-1.0,1,198,0.8918918918918919
10172,1,211,0.9504504504504504,1,178,0.8018018018018018
10173,1,191,0.8603603603603603,1,158,0.7117117117117117
10174,1,171,0.7702702702702703,1,138,0.6216216216216216
10175,1,151,0.6801801801801802,1,118,0.5315315315315315
10176,1,131,0.5900900900900901,1,98,0.44144144144144143
10177,1,111,0.5,1,78,0.35135135135135137
10178,1,91,0.4099099099099099,1,58,0.26126126126126126
10179,1,71,0.31981981981981983,1,38,0.17117117117117117
10180,1,51,0.22972972972972974,1,18,0.08108108108108109
10181,1,31,0.13963963963963963,1,210,0.9459459459459459
10182,1,11,0.04954954954954955,1,190,0.8558558558558559
10183,1,50,0.22522522522522523,0,-1,-1.0
10184,1,30,0.13513513513513514,0,-1,-1.0
10185,1,10,0.04504504504504504,0,-1,-1.0
10186,0,-1,-1.0,1,207,0.9324324324324325
10187,1,213,0.9594594594594594,1,187,0.8423423423423423
10188,1,193,0.8693693693693694,1,167,0.7522522522522522
10189,1,173,0.7792792792792793,1,147,0.6621621621621622
10190,1,153,0.6891891891891891,1,127,0.5720720720720721
10191,1,133,0.5990990990990991,1,107,0.481981981981982
10192,1,113,0.509009009009009,1,87,0.3918918918918919
10193,1,93,0.4189189189189189,1,67,0.30180180180180183
10194,1,73,0.32882882882882886,1,47,0.21171171171171171
10195,1,53,0.23873873873873874,1,27,0.12162162162162163
10196,1,33,0.14864864864864866,1,7,0.03153153153153153
10197,1,13,0.05855855855855856,1,173,0.7792792792792793
10198,1,179,0.8063063063063063,1,153,0.6891891891891891
10199,1,159,0.7162162162162162,1,133,0.5990990990990991
10200,1,139,0.6261261261261262,1,113,0.509009009009009
10201,1,119,0.536036036036036,1,93,0.4189189189189189
10202,1,99,0.44594594594594594,1,73,0.32882882882882886
10203,1,79,0.35585585585585583,1,53,0.23873873873873874
10204,1,59,0.26576576576576577,1,33,0.14864864864864866
10205,1,39,0.17567567567567569,1,13,0.05855855855855856
10206,1,19,0.08558558558558559,1,180,0.8108108108108109
10207,1,186,0.8378378378378378,1,160,0.7207207207207207
10208,1,166,0.7477477477477478,1,140,0.6306306306306306
10209,1,146,0.6576576576576577,1,120,0.5405405405405406
10210,1,126,0.5675675675675675,1,100,0.45045045045045046
10211,1,106,0.4774774774774775,1,80,0.36036036036036034
10212,1,86,0.38738738738738737,1,60,0.2702702702702703
10213,1,66,0.2972972972972973,1,40,0.18018018018018017
10214,1,46,0.2072072072072072,1,20,0.09009009009009009
10215,1,26,0.11711711711711711,1,0,0.0
10216,1,6,0.02702702702702703,0,-1,-1.0
10217,0,-1,-1.0,1,212,0.954954954954955
10218,1,26,0.11711711711711711,0,-1,-1.0
10219,1,6,0.02702702702702703,0,-1,-1.0
10220,1,218,0.9819819819819819,1,204,0.918918918918919
10221,1,198,0.8918918918918919,1,184,0.8288288288288288
10222,1,178,0.8018018018018018,1,164,0.7387387387387387
10223,1,158,0.7117117117117117,1,144,0.6486486486486487
10224,1,138,0.6216216216216216,1,124,0.5585585585585585
10225,1,118,0.5315315315315315,1,104,0.46846846846846846
10226,1,98,0.44144144144144143,1,84,0.3783783783783784
10227,1,78,0.35135135135135137,1,64,0.2882882882882883
10228,1,58,0.26126126126126126,1,44,0.1981981981981982
10229,1,38,0.17117117117117117,1,24,0.10810810810810811
10230,1,18,0.08108108108108109,1,4,0.018018018018018018
10231,0,-1,-1.0,1,216,0.972972972972973
10232,1,210,0.9459459459459459,1,196,0.8828828828828829
10233,1,190,0.8558558558558559,1,176,0.7927927927927928
10234,1,170,0.7657657657657657,1,156,0.7027027027027027
10235,1,150,0.6756756756756757,1,136,0.6126126126126126
10236,1,130,0.5855855855855856,1,116,0.5225225225225225
10237,1,110,0.4954954954954955,1,96,0.43243243243243246
10238,1,90,0.40540540540540543,1,76,0.34234234234234234
10239,1,70,0.3153153153153153,1,56,0.25225225225225223
10240,1,50,0.22522522522522523,1,36,0.16216216216216217
10241,1,30,0.13513513513513514,1,16,0.07207207207207207
10242,1,10,0.04504504504504504,1,191,0.8603603603603603
10243,1,185,0.8333333333333334,1,171,0.7702702702702703
10244,1,165,0.7432432432432432,1,151,0.6801801801801802
10245,1,145,0.6531531531531531,1,131,0.5900900900900901
10246,1,125,0.5630630630630631,1,111,0.5
10247,1,105,0.47297297297297297,1,91,0.4099099099099099
10248,1,85,0.38288288288288286,1,71,0.31981981981981983
10249,1,65,0.2927927927927928,1,51,0.22972972972972974
10250,1,45,0.20270270270270271,1,31,0.13963963963963963
10251,1,25,0.11261261261261261,1,11,0.04954954954954955
10252,1,5,0.02252252252252252,0,-1,-1.0
10253,0,-1,-1.0,0,-1,-1.0
10254,0,-1,-1.0,0,-1,-1.0
10255,0,-1,-1.0,0,-1,-1.0
10256,0,-1,-1.0,1,205,0.9234234234234234
10257,0,-1,-1.0,1,185,0.8333333333333334
10258,1,20,0.09009009009009009,1,180,0.8108108108108109
10259,1,0,0.0,1,160,0.7207207207207207
10260,1,151,0.6801801801801802,1,140,0.6306306306306306
10261,1,131,0.5900900900900901,1,120,0.5405405405405406
10262,1,111,0.5,1,100,0.45045045045045046
10263,1,91,0.4099099099099099,1,80,0.36036036036036034
10264,1,71,0.31981981981981983,1,60,0.2702702702702703
10265,1,51,0.22972972972972974,1,40,0.18018018018018017
10266,1,31,0.13963963963963963,1,20,0.09009009009009009
10267,1,11,0.04954954954954955,1,0,0.0
10268,1,191,0.8603603603603603,1,180,0.8108108108108109
10269,1,171,0.7702702702702703,1,160,0.7207207207207207
10270,1,151,0.6801801801801802,1,140,0.6306306306306306
10271,1,131,0.5900900900900901,1,120,0.5405405405405406
10272,1,111,0.5,1,100,0.45045045045045046
10273,1,91,0.4099099099099099,1,80,0.36036036036036034
10274,1,71,0.31981981981981983,1,60,0.2702702702702703
10275,1,51,0.22972972972972974,1,40,0.18018018018018017
10276,1,31,0.13963963963963963,1,20,0.09009009009009009
10277,1,11,0.04954954954954955,1,0,0.0
10278,0,-1,-1.0,0,-1,-1.0
10279,0,-1,-1.0,1,222,1.0
10280,1,213,0.9594594594594594,1,202,0.9099099099099099
10281,1,193,0.8693693693693694,1,182,0.8198198198198198
10282,1,173,0.7792792792792793,1,162,0.7297297297297297
10283,1,153,0.6891891891891891,1,142,0.6396396396396397
10284,1,133,0.5990990990990991,1,122,0.5495495495495496
10285,1,113,0.509009009009009,1,102,0.4594594594594595
10286,1,93,0.4189189189189189,1,82,0.36936936936936937
10287,1,73,0.32882882882882886,1,62,0.27927927927927926
10288,1,53,0.23873873873873874,1,42,0.1891891891891892
10289,1,33,0.14864864864864866,1,22,0.0990990990990991
10290,1,50,0.22522522522522523,0,-1,-1.0
10291,1,30,0.13513513513513514,0,-1,-1.0
10292,1,10,0.04504504504504504,0,-1,-1.0
10293,0,-1,-1.0,0,-1,-1.0
10294,0,-1,-1.0,0,-1,-1.0
10295,0,-1,-1.0,0,-1,-1.0
10296,0,-1,-1.0,1,211,0.9504504504504504
10297,1,217,0.9774774774774775,1,191,0.8603603603603603
10298,1,197,0.8873873873873874,1,171,0.7702702702702703
10299,1,177,0.7972972972972973,1,151,0.6801801801801802
10300,1,157,0.7072072072072072,1,131,0.5900900900900901
10301,1,137,0.6171171171171171,1,111,0.5
10302,1,117,0.527027027027027,1,91,0.4099099099099099
10303,1,97,0.4369369369369369,1,71,0.31981981981981983
10304,1,77,0.34684684684684686,1,51,0.22972972972972974
10305,1,57,0.25675675675675674,1,31,0.13963963963963963
10306,1,37,0.16666666666666666,1,11,0.04954954954954955
10307,1,17,0.07657657657657657,1,177,0.7972972972972973
10308,1,183,0.8243243243243243,1,157,0.7072072072072072
10309,1,163,0.7342342342342343,1,137,0.6171171171171171
10310,1,143,0.6441441441441441,1,117,0.527027027027027
10311,1,123,0.5540540540540541,1,97,0.4369369369369369
10312,1,103,0.46396396396396394,1,77,0.34684684684684686
10313,1,83,0.3738738738738739,1,57,0.25675675675675674
10314,1,63,0.28378378378378377,1,37,0.16666666666666666
10315,1,43,0.19369369369369369,1,17,0.07657657657657657
10316,1,23,0.1036036036036036,0,-1,-1.0
10317,1,3,0.013513513513513514,0,-1,-1.0
10318,0,-1,-1.0,1,206,0.9279279279279279
10319,1,58,0.26126126126126126,0,-1,-1.0
10320,1,38,0.17117117117117117,0,-1,-1.0
10321,1,18,0.08108108108108109,0,-1,-1.0
10322,0,-1,-1.0,0,-1,-1.0
10323,0,-1,-1.0,1,219,0.9864864864864865
10324,0,-1,-1.0,1,199,0.8963963963963963
10325,1,209,0.9414414414414415,1,179,0.8063063063063063
10326,1,189,0.8513513513513513,1,159,0.7162162162162162
10327,1,169,0.7612612612612613,1,139,0.6261261261261262
10328,1,149,0.6711711711711712,1,119,0.536036036036036
10329,1,129,0.581081081081081,1,99,0.44594594594594594
10330,1,109,0.49099099099099097,1,79,0.35585585585585583
10331,1,89,0.4009009009009009,1,59,0.26576576576576577
10332,1,69,0.3108108108108108,1,39,0.17567567567567569
10333,1,49,0.22072072072072071,1,19,0.08558558558558559
10334,1,29,0.13063063063063063,1,193,0.8693693693693694
10335,1,9,0.04054054054054054,1,173,0.7792792792792793
10336,1,183,0.8243243243243243,1,153,0.6891891891891891
10337,1,163,0.7342342342342343,1,133,0.5990990990990991
10338,1,143,0.6441441441441441,1,113,0.509009009009009
10339,1,123,0.5540540540540541,1,93,0.4189189189189189
10340,1,103,0.46396396396396394,1,73,0.32882882882882886
10341,1,83,0.3738738738738739,1,53,0.23873873873873874
10342,1,63,0.28378378378378377,1,33,0.14864864864864866
10343,1,43,0.19369369369369369,1,13,0.05855855855855856
10344,1,23,0.1036036036036036,0,-1,-1.0
10345,1,3,0.013513513513513514,0,-1,-1.0
10346,0,-1,-1.0,0,-1,-1.0
10347,1,44,0.1981981981981982,0,-1,-1.0
10348,1,24,0.10810810810810811,0,-1,-1.0
10349,1,4,0.018018018018018018,0,-1,-1.0
10350,0,-1,-1.0,0,-1,-1.0
10351,0,-1,-1.0,0,-1,-1.0
10352,0,-1,-1.0,1,214,0.963963963963964
10353,1,217,0.9774774774774775,1,194,0.8738738738738738
10354,1,197,0.8873873873873874,1,174,0.7837837837837838
10355,1,177,0.7972972972972973,1,154,0.6936936936936937
10356,1,157,0.7072072072072072,1,134,0.6036036036036037
10357,1,137,0.6171171171171171,1,114,0.5135135135135135
10358,1,117,0.527027027027027,1,94,0.42342342342342343
10359,1,97,0.4369369369369369,1,74,0.3333333333333333
10360,1,77,0.34684684684684686,1,54,0.24324324324324326
10361,1,57,0.25675675675675674,1,34,0.15315315315315314
10362,1,37,0.16666666666666666,1,14,0.06306306306306306
10363,1,17,0.07657657657657657,0,-1,-1.0
10364,0,-1,-1.0,0,-1,-1.0
10365,0,-1,-1.0,0,-1,-1.0
10366,0,-1,-1.0,0,-1,-1.0
10367,0,-1,-1.0,0,-1,-1.0
10368,0,-1,-1.0,0,-1,-1.0
10369,0,-1,-1.0,1,216,0.972972972972973
10370,1,219,0.9864864864864865,1,196,0.8828828828828829
10371,1,199,0.8963963963963963,1,176,0.7927927927927928
10372,1,179,0.8063063063063063,1,156,0.7027027027027027
10373,1,159,0.7162162162162162,1,136,0.6126126126126126
10374,1,139,0.6261261261261262,1,116,0.5225225225225225
10375,1,119,0.536036036036036,1,96,0.43243243243243246
10376,1,99,0.44594594594594594,1,76,0.34234234234234234
10377,1,79,0.35585585585585583,1,56,0.25225225225225223
10378,1,59,0.26576576576576577,1,36,0.16216216216216217
10379,1,39,0.17567567567567569,1,16,0.07207207207207207
10380,1,19,0.08558558558558559,1,206,0.9279279279279279
10381,0,-1,-1.0,1,186,0.8378378378378378
10382,1,46,0.2072072072072072,0,-1,-1.0
10383,1,26,0.11711711711711711,0,-1,-1.0
10384,1,6,0.02702702702702703,0,-1,-1.0
10385,0,-1,-1.0,1,216,0.972972972972973
10386,1,220,0.990990990990991,1,196,0.8828828828828829
10387,1,200,0.9009009009009009,1,176,0.7927927927927928
10388,1,180,0.8108108108108109,1,156,0.7027027027027027
10389,1,160,0.7207207207207207,1,136,0.6126126126126126
10390,1,140,0.6306306306306306,1,116,0.5225225225225225
10391,1,120,0.5405405405405406,1,96,0.43243243243243246
10392,1,100,0.45045045045045046,1,76,0.34234234234234234
10393,1,80,0.36036036036036034,1,56,0.25225225225225223
10394,1,60,0.2702702702702703,1,36,0.16216216216216217
10395,1,40,0.18018018018018017,1,16,0.07207207207207207
10396,1,20,0.09009009009009009,1,162,0.7297297297297297
10397,1,0,0.0,1,142,0.6396396396396397
10398,1,146,0.6576576576576577,1,122,0.5495495495495496
10399,1,126,0.5675675675675675,1,102,0.4594594594594595
10400,1,106,0.4774774774774775,1,82,0.36936936936936937
10401,1,86,0.38738738738738737,1,62,0.27927927927927926
10402,1,66,0.2972972972972973,1,42,0.1891891891891892
10403,1,46,0.2072072072072072,1,22,0.0990990990990991
10404,1,26,0.11711711711711711,1,2,0.009009009009009009
10405,1,6,0.02702702702702703,1,155,0.6981981981981982
10406,1,159,0.7162162162162162,1,135,0.6081081081081081
10407,1,139,0.6261261261261262,1,115,0.5180180180180181
10408,1,119,0.536036036036036,1,95,0.42792792792792794
10409,1,99,0.44594594594594594,1,75,0.33783783783783783
10410,1,79,0.35585585585585583,1,55,0.24774774774774774
10411,1,59,0.26576576576576577,1,35,0.15765765765765766
10412,1,39,0.17567567567567569,1,15,0.06756756756756757
10413,1,30,0.13513513513513514,1,217,0.9774774774774775
10414,1,10,0.04504504504504504,1,197,0.8873873873873874
10415,1,193,0.8693693693693694,1,177,0.7972972972972973
10416,1,173,0.7792792792792793,1,157,0.7072072072072072
10417,1,153,0.6891891891891891,1,137,0.6171171171171171
10418,1,133,0.5990990990990991,1,117,0.527027027027027
10419,1,113,0.509009009009009,1,97,0.4369369369369369
10420,1,93,0.4189189189189189,1,77,0.34684684684684686
10421,1,73,0.32882882882882886,1,57,0.25675675675675674
10422,1,53,0.23873873873873874,1,37,0.16666666666666666
10423,1,33,0.14864864864864866,1,17,0.07657657657657657
10424,1,13,0.05855855855855856,0,-1,-1.0
10425,0,-1,-1.0,0,-1,-1.0
10426,0,-1,-1.0,0,-1,-1.0
10427,0,-1,-1.0,0,-1,-1.0
10428,0,-1,-1.0,1,208,0.9369369369369369
10429,1,204,0.918918918918919,1,188,0.8468468468468469
10430,1,184,0.8288288288288288,1,168,0.7567567567567568
10431,1,164,0.7387387387387387,1,148,0.6666666666666666
10432,1,144,0.6486486486486487,1,128,0.5765765765765766
10433,1,124,0.5585585585585585,1,108,0.4864864864864865
10434,1,104,0.46846846846846846,1,88,0.3963963963963964
10435,1,84,0.3783783783783784,1,68,0.3063063063063063
10436,1,64,0.2882882882882883,1,48,0.21621621621621623
10437,1,44,0.1981981981981982,1,28,0.12612612612612611
10438,1,24,0.10810810810810811,1,8,0.036036036036036036
10439,1,56,0.25225225225225223,0,-1,-1.0
10440,1,36,0.16216216216216217,0,-1,-1.0
10441,1,16,0.07207207207207207,0,-1,-1.0
10442,0,-1,-1.0,0,-1,-1.0
10443,0,-1,-1.0,0,-1,-1.0
10444,0,-1,-1.0,0,-1,-1.0
10445,0,-1,-1.0,1,208,0.9369369369369369
10446,1,217,0.9774774774774775,1,188,0.8468468468468469
10447,1,197,0.8873873873873874,1,168,0.7567567567567568
10448,1,177,0.7972972972972973,1,148,0.6666666666666666
10449,1,157,0.7072072072072072,1,128,0.5765765765765766
10450,1,137,0.6171171171171171,1,108,0.4864864864864865
10451,1,117,0.527027027027027,1,88,0.3963963963963964
10452,1,97,0.4369369369369369,1,68,0.3063063063063063
10453,1,77,0.34684684684684686,1,48,0.21621621621621623
10454,1,57,0.25675675675675674,1,28,0.12612612612612611
10455,1,37,0.16666666666666666,1,8,0.036036036036036036
10456,1,17,0.07657657657657657,0,-1,-1.0
10457,0,-1,-1.0,0,-1,-1.0
10458,0,-1,-1.0,0,-1,-1.0
10459,0,-1,-1.0,0,-1,-1.0
10460,0,-1,-1.0,0,-1,-1.0
10461,0,-1,-1.0,0,-1,-1.0
10462,0,-1,-1.0,1,205,0.9234234234234234
10463,1,214,0.963963963963964,1,185,0.8333333333333334
10464,1,194,0.8738738738738738,1,165,0.7432432432432432
10465,1,174,0.7837837837837838,1,145,0.6531531531531531
10466,1,154,0.6936936936936937,1,125,0.5630630630630631
10467,1,134,0.6036036036036037,1,105,0.47297297297297297
10468,1,114,0.5135135135135135,1,85,0.38288288288288286
10469,1,94,0.42342342342342343,1,65,0.2927927927927928
10470,1,74,0.3333333333333333,1,45,0.20270270270270271
10471,1,54,0.24324324324324326,1,25,0.11261261261261261
10472,1,34,0.15315315315315314,1,5,0.02252252252252252
10473,1,14,0.06306306306306306,0,-1,-1.0
10474,0,-1,-1.0,1,221,0.9954954954954955
10475,0,-1,-1.0,1,201,0.9054054054054054
10476,1,42,0.1891891891891892,0,-1,-1.0
10477,1,22,0.0990990990990991,0,-1,-1.0
10478,1,2,0.009009009009009009,0,-1,-1.0
10479,0,-1,-1.0,1,206,0.9279279279279279
10480,1,208,0.9369369369369369,1,186,0.8378378378378378
10481,1,188,0.8468468468468469,1,166,0.7477477477477478
10482,1,168,0.7567567567567568,1,146,0.6576576576576577
10483,1,148,0.6666666666666666,1,126,0.5675675675675675
10484,1,128,0.5765765765765766,1,106,0.4774774774774775
10485,1,108,0.4864864864864865,1,86,0.38738738738738737
10486,1,88,0.3963963963963964,1,66,0.2972972972972973
10487,1,68,0.3063063063063063,1,46,0.2072072072072072
10488,1,48,0.21621621621621623,1,26,0.11711711711711711
10489,1,28,0.12612612612612611,1,6,0.02702702702702703
10490,1,8,0.036036036036036036,1,190,0.8558558558558559
10491,1,192,0.8648648648648649,1,170,0.7657657657657657
10492,1,172,0.7747747747747747,1,150,0.6756756756756757
10493,1,152,0.6846846846846847,1,130,0.5855855855855856
10494,1,132,0.5945945945945946,1,110,0.4954954954954955
10495,1,112,0.5045045045045045,1,90,0.40540540540540543
10496,1,92,0.4144144144144144,1,70,0.3153153153153153
10497,1,72,0.32432432432432434,1,50,0.22522522522522523
10498,1,52,0.23423423423423423,1,30,0.13513513513513514
10499,1,48,0.21621621621621623,1,220,0.990990990990991
10500,1,28,0.12612612612612611,1,200,0.9009009009009009
10501,1,8,0.036036036036036036,1,180,0.8108108108108109
10502,1,185,0.8333333333333334,1,160,0.7207207207207207
10503,1,165,0.7432432432432432,1,140,0.6306306306306306
10504,1,145,0.6531531531531531,1,120,0.5405405405405406
10505,1,125,0.5630630630630631,1,100,0.45045045045045046
10506,1,105,0.47297297297297297,1,80,0.36036036036036034
10507,1,85,0.38288288288288286,1,60,0.2702702702702703
10508,1,65,0.2927927927927928,1,40,0.18018018018018017
10509,1,45,0.20270270270270271,1,20,0.09009009009009009
10510,1,25,0.11261261261261261,1,0,0.0
10511,1,5,0.02252252252252252,1,185,0.8333333333333334
10512,1,190,0.8558558558558559,1,165,0.7432432432432432
10513,1,170,0.7657657657657657,1,145,0.6531531531531531
10514,1,150,0.6756756756756757,1,125,0.5630630630630631
10515,1,130,0.5855855855855856,1,105,0.47297297297297297
10516,1,110,0.4954954954954955,1,85,0.38288288288288286
10517,1,90,0.40540540540540543,1,65,0.2927927927927928
10518,1,70,0.3153153153153153,1,45,0.20270270270270271
10519,1,50,0.22522522522522523,1,25,0.11261261261261261
10520,1,30,0.13513513513513514,1,5,0.02252252252252252
10521,1,10,0.04504504504504504,0,-1,-1.0
10522,0,-1,-1.0,0,-1,-1.0
10523,0,-1,-1.0,0,-1,-1.0
10524,0,-1,-1.0,1,214,0.963963963963964
10525,1,54,0.24324324324324326,0,-1,-1.0
10526,1,34,0.15315315315315314,0,-1,-1.0
10527,1,14,0.06306306306306306,0,-1,-1.0
10528,0,-1,-1.0,0,-1,-1.0
10529,0,-1,-1.0,0,-1,-1.0
10530,0,-1,-1.0,0,-1,-1.0
10531,0,-1,-1.0,1,204,0.918918918918919
10532,1,212,0.954954954954955,1,184,0.8288288288288288
10533,1,192,0.8648648648648649,1,164,0.7387387387387387
10534,1,172,0.7747747747747747,1,144,0.6486486486486487
10535,1,152,0.6846846846846847,1,124,0.5585585585585585
10536,1,132,0.5945945945945946,1,104,0.46846846846846846
10537,1,112,0.5045045045045045,1,84,0.3783783783783784
10538,1,92,0.4144144144144144,1,64,0.2882882882882883
10539,1,72,0.32432432432432434,1,44,0.1981981981981982
10540,1,52,0.23423423423423423,1,24,0.10810810810810811
10541,1,32,0.14414414414414414,1,4,0.018018018018018018
10542,1,12,0.05405405405405406,1,213,0.9594594594594594
10543,1,221,0.9954954954954955,1,193,0.8693693693693694
10544,1,201,0.9054054054054054,1,173,0.7792792792792793
10545,1,181,0.8153153153153153,1,153,0.6891891891891891
10546,1,161,0.7252252252252253,1,133,0.5990990990990991
10547,1,141,0.6351351351351351,1,113,0.509009009009009
10548,1,121,0.545045045045045,1,93,0.4189189189189189
10549,1,101,0.45495495495495497,1,73,0.32882882882882886
10550,1,81,0.36486486486486486,1,53,0.23873873873873874
10551,1,61,0.2747747747747748,1,33,0.14864864864864866
10552,1,41,0.18468468468468469,1,13,0.05855855855855856
10553,1,21,0.0945945945945946,1,218,0.9819819819819819
10554,1,1,0.0045045045045045045,1,198,0.8918918918918919
10555,1,206,0.9279279279279279,1,178,0.8018018018018018
10556,1,186,0.8378378378378378,1,158,0.7117117117117117
10557,1,166,0.7477477477477478,1,138,0.6216216216216216
10558,1,146,0.6576576576576577,1,118,0.5315315315315315
10559,1,126,0.5675675675675675,1,98,0.44144144144144143
10560,1,106,0.4774774774774775,1,78,0.35135135135135137
10561,1,86,0.38738738738738737,1,58,0.26126126126126126
10562,1,66,0.2972972972972973,1,38,0.17117117117117117
10563,1,72,0.32432432432432434,0,-1,-1.0
10564,1,52,0.23423423423423423,0,-1,-1.0
10565,1,32,0.14414414414414414,0,-1,-1.0
10566,1,12,0.05405405405405406,0,-1,-1.0
10567,0,-1,-1.0,0,-1,-1.0
10568,0,-1,-1.0,1,213,0.9594594594594594
10569,0,-1,-1.0,1,193,0.8693693693693694
10570,1,210,0.9459459459459459,1,173,0.7792792792792793
10571,1,190,0.8558558558558559,1,153,0.6891891891891891
10572,1,170,0.7657657657657657,1,133,0.5990990990990991
10573,1,150,0.6756756756756757,1,113,0.509009009009009
10574,1,130,0.5855855855855856,1,93,0.4189189189189189
10575,1,110,0.4954954954954955,1,73,0.32882882882882886
10576,1,90,0.40540540540540543,1,53,0.23873873873873874
10577,1,70,0.3153153153153153,1,33,0.14864864864864866
10578,1,50,0.22522522522522523,1,13,0.05855855855855856
10579,1,30,0.13513513513513514,0,-1,-1.0
10580,1,10,0.04504504504504504,0,-1,-1.0
10581,0,-1,-1.0,0,-1,-1.0
10582,0,-1,-1.0,0,-1,-1.0
10583,0,-1,-1.0,0,-1,-1.0
10584,0,-1,-1.0,1,221,0.9954954954954955
10585,0,-1,-1.0,1,201,0.9054054054054054
10586,1,218,0.9819819819819819,1,181,0.8153153153153153
10587,1,198,0.8918918918918919,1,161,0.7252252252252253
10588,1,178,0.8018018018018018,1,141,0.6351351351351351
10589,1,158,0.7117117117117117,1,121,0.545045045045045
10590,1,138,0.6216216216216216,1,101,0.45495495495495497
10591,1,118,0.5315315315315315,1,81,0.36486486486486486
10592,1,98,0.44144144144144143,1,61,0.2747747747747748
10593,1,78,0.35135135135135137,1,41,0.18468468468468469
10594,1,58,0.26126126126126126,1,21,0.0945945945945946
10595,1,80,0.36036036036036034,0,-1,-1.0
10596,1,60,0.2702702702702703,0,-1,-1.0
10597,1,40,0.18018018018018017,1,208,0.9369369369369369
10598,1,20,0.09009009009009009,1,188,0.8468468468468469
10599,1,0,0.0,1,168,0.7567567567567568
10600,1,189,0.8513513513513513,1,148,0.6666666666666666
10601,1,169,0.7612612612612613,1,128,0.5765765765765766
10602,1,149,0.6711711711711712,1,108,0.4864864864864865
10603,1,129,0.581081081081081,1,88,0.3963963963963964
10604,1,109,0.49099099099099097,1,68,0.3063063063063063
10605,1,89,0.4009009009009009,1,48,0.21621621621621623
10606,1,69,0.3108108108108108,1,28,0.12612612612612611
10607,1,49,0.22072072072072071,1,8,0.036036036036036036
10608,1,29,0.13063063063063063,1,159,0.7162162162162162
10609,1,9,0.04054054054054054,1,139,0.6261261261261262
10610,1,160,0.7207207207207207,1,119,0.536036036036036
10611,1,140,0.6306306306306306,1,99,0.44594594594594594
10612,1,120,0.5405405405405406,1,79,0.35585585585585583
10613,1,100,0.45045045045045046,1,59,0.26576576576576577
10614,1,80,0.36036036036036034,1,39,0.17567567567567569
10615,1,60,0.2702702702702703,1,19,0.08558558558558559
10616,1,40,0.18018018018018017,1,208,0.9369369369369369
10617,1,20,0.09009009009009009,1,188,0.8468468468468469
10618,1,0,0.0,1,168,0.7567567567567568
10619,1,189,0.8513513513513513,1,148,0.6666666666666666
10620,1,169,0.7612612612612613,1,128,0.5765765765765766
10621,1,149,0.6711711711711712,1,108,0.4864864864864865
10622,1,129,0.581081081081081,1,88,0.3963963963963964
10623,1,109,0.49099099099099097,1,68,0.3063063063063063
10624,1,89,0.4009009009009009,1,48,0.21621621621621623
10625,1,69,0.3108108108108108,1,28,0.12612612612612611
10626,1,49,0.22072072072072071,1,8,0.036036036036036036
10627,1,29,0.13063063063063063,0,-1,-1.0
10628,1,20,0.09009009009009009,1,184,0.8288288288288288
10629,1,0,0.0,1,164,0.7387387387387387
10630,1,155,0.6981981981981982,1,144,0.6486486486486487
10631,1,135,0.6081081081081081,1,124,0.5585585585585585
10632,1,115,0.5180180180180181,1,104,0.46846846846846846
10633,1,95,0.42792792792792794,1,84,0.3783783783783784
10634,1,75,0.33783783783783783,1,64,0.2882882882882883
10635,1,55,0.24774774774774774,1,44,0.1981981981981982
10636,1,35,0.15765765765765766,1,24,0.10810810810810811
10637,1,15,0.06756756756756757,1,4,0.018018018018018018
10638,0,-1,-1.0,1,218,0.9819819819819819
10639,1,209,0.9414414414414415,1,198,0.8918918918918919
10640,1,189,0.8513513513513513,1,178,0.8018018018018018
10641,1,169,0.7612612612612613,1,158,0.7117117117117117
10642,1,149,0.6711711711711712,1,138,0.6216216216216216
10643,1,129,0.581081081081081,1,118,0.5315315315315315
10644,1,109,0.49099099099099097,1,98,0.44144144144144143
10645,1,89,0.4009009009009009,1,78,0.35135135135135137
10646,1,69,0.3108108108108108,1,58,0.26126126126126126
10647,1,49,0.22072072072072071,1,38,0.17117117117117117
10648,1,29,0.13063063063063063,1,18,0.08108108108108109
10649,1,9,0.04054054054054054,0,-1,-1.0
10650,0,-1,-1.0,0,-1,-1.0
10651,0,-1,-1.0,0,-1,-1.0
10652,0,-1,-1.0,0,-1,-1.0
10653,0,-1,-1.0,0,-1,-1.0
10654,0,-1,-1.0,1,209,0.9414414414414415
10655,1,78,0.35135135135135137,0,-1,-1.0
10656,1,58,0.26126126126126126,0,-1,-1.0
10657,1,38,0.17117117117117117,1,220,0.990990990990991
10658,1,18,0.08108108108108109,1,200,0.9009009009009009
10659,1,220,0.990990990990991,1,180,0.8108108108108109
10660,1,200,0.9009009009009009,1,160,0.7207207207207207
10661,1,180,0.8108108108108109,1,140,0.6306306306306306
10662,1,160,0.7207207207207207,1,120,0.5405405405405406
10663,1,140,0.6306306306306306,1,100,0.45045045045045046
10664,1,120,0.5405405405405406,1,80,0.36036036036036034
10665,1,100,0.45045045045045046,1,60,0.2702702702702703
10666,1,80,0.36036036036036034,1,40,0.18018018018018017
10667,1,60,0.2702702702702703,1,20,0.09009009009009009
10668,1,40,0.18018018018018017,1,0,0.0
10669,1,20,0.09009009009009009,1,200,0.9009009009009009
10670,1,0,0.0,1,180,0.8108108108108109
10671,1,200,0.9009009009009009,1,160,0.7207207207207207
10672,1,180,0.8108108108108109,1,140,0.6306306306306306
10673,1,160,0.7207207207207207,1,120,0.5405405405405406
10674,1,140,0.6306306306306306,1,100,0.45045045045045046
10675,1,120,0.5405405405405406,1,80,0.36036036036036034
10676,1,100,0.45045045045045046,1,60,0.2702702702702703
10677,1,80,0.36036036036036034,1,40,0.18018018018018017
10678,1,60,0.2702702702702703,1,20,0.09009009009009009
10679,1,40,0.18018018018018017,1,0,0.0
10680,1,20,0.09009009009009009,1,207,0.9324324324324325
10681,1,0,0.0,1,187,0.8423423423423423
10682,1,207,0.9324324324324325,1,167,0.7522522522522522
10683,1,187,0.8423423423423423,1,147,0.6621621621621622
10684,1,167,0.7522522522522522,1,127,0.5720720720720721
10685,1,147,0.6621621621621622,1,107,0.481981981981982
10686,1,127,0.5720720720720721,1,87,0.3918918918918919
10687,1,107,0.481981981981982,1,67,0.30180180180180183
10688,1,87,0.3918918918918919,1,47,0.21171171171171171
10689,1,67,0.30180180180180183,1,27,0.12162162162162163
10690,1,47,0.21171171171171171,1,7,0.03153153153153153
10691,1,27,0.12162162162162163,0,-1,-1.0
10692,1,7,0.03153153153153153,0,-1,-1.0
10693,0,-1,-1.0,0,-1,-1.0
10694,1,28,0.12612612612612611,0,-1,-1.0
10695,1,8,0.036036036036036036,0,-1,-1.0
10696,0,-1,-1.0,1,218,0.9819819819819819
10697,1,213,0.9594594594594594,1,198,0.8918918918918919
10698,1,193,0.8693693693693694,1,178,0.8018018018018018
10699,1,173,0.7792792792792793,1,158,0.7117117117117117
10700,1,153,0.6891891891891891,1,138,0.6216216216216216
10701,1,133,0.5990990990990991,1,118,0.5315315315315315
10702,1,113,0.509009009009009,1,98,0.44144144144144143
10703,1,93,0.4189189189189189,1,78,0.35135135135135137
10704,1,73,0.32882882882882886,1,58,0.26126126126126126
10705,1,53,0.23873873873873874,1,38,0.17117117117117117
10706,1,33,0.14864864864864866,1,18,0.08108108108108109
10707,1,13,0.05855855855855856,1,185,0.8333333333333334
10708,1,180,0.8108108108108109,1,165,0.7432432432432432
10709,1,160,0.7207207207207207,1,145,0.6531531531531531
10710,1,140,0.6306306306306306,1,125,0.5630630630630631
10711,1,120,0.5405405405405406,1,105,0.47297297297297297
10712,1,100,0.45045045045045046,1,85,0.38288288288288286
10713,1,80,0.36036036036036034,1,65,0.2927927927927928
10714,1,60,0.2702702702702703,1,45,0.20270270270270271
10715,1,40,0.18018018018018017,1,25,0.11261261261261261
10716,1,20,0.09009009009009009,1,5,0.02252252252252252
10717,1,0,0.0,0,-1,-1.0
10718,0,-1,-1.0,0,-1,-1.0
10719,0,-1,-1.0,1,218,0.9819819819819819
10720,0,-1,-1.0,1,198,0.8918918918918919
10721,1,24,0.10810810810810811,0,-1,-1.0
10722,1,4,0.018018018018018018,0,-1,-1.0
10723,0,-1,-1.0,0,-1,-1.0
10724,0,-1,-1.0,1,216,0.972972972972973
10725,1,209,0.9414414414414415,1,196,0.8828828828828829
10726,1,189,0.8513513513513513,1,176,0.7927927927927928
10727,1,169,0.7612612612612613,1,156,0.7027027027027027
10728,1,149,0.6711711711711712,1,136,0.6126126126126126
10729,1,129,0.581081081081081,1,116,0.5225225225225225
10730,1,109,0.49099099099099097,1,96,0.43243243243243246
10731,1,89,0.4009009009009009,1,76,0.34234234234234234
10732,1,69,0.3108108108108108,1,56,0.25225225225225223
10733,1,49,0.22072072072072071,1,36,0.16216216216216217
10734,1,29,0.13063063063063063,1,16,0.07207207207207207
10735,1,9,0.04054054054054054,1,198,0.8918918918918919
10736,1,191,0.8603603603603603,1,178,0.8018018018018018
10737,1,171,0.7702702702702703,1,158,0.7117117117117117
10738,1,151,0.6801801801801802,1,138,0.6216216216216216
10739,1,131,0.5900900900900901,1,118,0.5315315315315315
10740,1,111,0.5,1,98,0.44144144144144143
10741,1,91,0.4099099099099099,1,78,0.35135135135135137
10742,1,71,0.31981981981981983,1,58,0.26126126126126126
10743,1,51,0.22972972972972974,1,38,0.17117117117117117
10744,1,31,0.13963963963963963,1,18,0.08108108108108109
10745,1,11,0.04954954954954955,1,218,0.9819819819819819
10746,0,-1,-1.0,1,198,0.8918918918918919
10747,1,60,0.2702702702702703,0,-1,-1.0
10748,1,40,0.18018018018018017,0,-1,-1.0
10749,1,20,0.09009009009009009,1,207,0.9324324324324325
10750,1,0,0.0,1,187,0.8423423423423423
10751,1,198,0.8918918918918919,1,167,0.7522522522522522
10752,1,178,0.8018018018018018,1,147,0.6621621621621622
10753,1,158,0.7117117117117117,1,127,0.5720720720720721
10754,1,138,0.6216216216216216,1,107,0.481981981981982
10755,1,118,0.5315315315315315,1,87,0.3918918918918919
10756,1,98,0.44144144144144143,1,67,0.30180180180180183
10757,1,78,0.35135135135135137,1,47,0.21171171171171171
10758,1,58,0.26126126126126126,1,27,0.12162162162162163
10759,1,38,0.17117117117117117,1,7,0.03153153153153153
10760,1,18,0.08108108108108109,0,-1,-1.0
10761,0,-1,-1.0,0,-1,-1.0
10762,0,-1,-1.0,0,-1,-1.0
10763,0,-1,-1.0,1,218,0.9819819819819819
10764,0,-1,-1.0,1,198,0.8918918918918919
10765,1,209,0.9414414414414415,1,178,0.8018018018018018
10766,1,189,0.8513513513513513,1,158,0.7117117117117117
10767,1,169,0.7612612612612613,1,138,0.6216216216216216
10768,1,149,0.6711711711711712,1,118,0.5315315315315315
10769,1,129,0.581081081081081,1,98,0.44144144144144143
10770,1,109,0.49099099099099097,1,78,0.35135135135135137
10771,1,89,0.4009009009009009,1,58,0.26126126126126126
10772,1,69,0.3108108108108108,1,38,0.17117117117117117
10773,1,68,0.3063063063063063,0,-1,-1.0
10774,1,48,0.21621621621621623,1,210,0.9459459459459459
10775,1,28,0.12612612612612611,1,190,0.8558558558558559
10776,1,8,0.036036036036036036,1,170,0.7657657657657657
10777,1,185,0.8333333333333334,1,150,0.6756756756756757
10778,1,165,0.7432432432432432,1,130,0.5855855855855856
10779,1,145,0.6531531531531531,1,110,0.4954954954954955
10780,1,125,0.5630630630630631,1,90,0.40540540540540543
10781,1,105,0.47297297297297297,1,70,0.3153153153153153
10782,1,85,0.38288288288288286,1,50,0.22522522522522523
10783,1,65,0.2927927927927928,1,30,0.13513513513513514
10784,1,45,0.20270270270270271,1,10,0.04504504504504504
10785,1,25,0.11261261261261261,0,-1,-1.0
10786,1,5,0.02252252252252252,0,-1,-1.0
10787,0,-1,-1.0,0,-1,-1.0
10788,0,-1,-1.0,0,-1,-1.0
10789,0,-1,-1.0,0,-1,-1.0
10790,0,-1,-1.0,1,209,0.9414414414414415
10791,0,-1,-1.0,1,189,0.8513513513513513
10792,1,204,0.918918918918919,1,169,0.7612612612612613
10793,1,184,0.8288288288288288,1,149,0.6711711711711712
10794,1,164,0.7387387387387387,1,129,0.581081081081081
10795,1,144,0.6486486486486487,1,109,0.49099099099099097
10796,1,124,0.5585585585585585,1,89,0.4009009009009009
10797,1,104,0.46846846846846846,1,69,0.3108108108108108
10798,1,84,0.3783783783783784,1,49,0.22072072072072071
10799,1,64,0.2882882882882883,1,29,0.13063063063063063
10800,1,44,0.1981981981981982,1,9,0.04054054054054054
10801,1,24,0.10810810810810811,1,184,0.8288288288288288
10802,1,4,0.018018018018018018,1,164,0.7387387387387387
10803,1,179,0.8063063063063063,1,144,0.6486486486486487
10804,1,159,0.7162162162162162,1,124,0.5585585585585585
10805,1,139,0.6261261261261262,1,104,0.46846846846846846
10806,1,119,0.536036036036036,1,84,0.3783783783783784
10807,1,99,0.44594594594594594,1,64,0.2882882882882883
10808,1,79,0.35585585585585583,1,44,0.1981981981981982
10809,1,59,0.26576576576576577,1,24,0.10810810810810811
10810,1,64,0.2882882882882883,0,-1,-1.0
10811,1,44,0.1981981981981982,0,-1,-1.0
10812,1,24,0.10810810810810811,0,-1,-1.0
10813,1,4,0.018018018018018018,0,-1,-1.0
10814,0,-1,-1.0,0,-1,-1.0
10815,0,-1,-1.0,0,-1,-1.0
10816,0,-1,-1.0,1,210,0.9459459459459459
10817,0,-1,-1.0,1,190,0.8558558558558559
10818,1,203,0.9144144144144144,1,170,0.7657657657657657
10819,1,183,0.8243243243243243,1,150,0.6756756756756757
10820,1,163,0.7342342342342343,1,130,0.5855855855855856
10821,1,143,0.6441441441441441,1,110,0.4954954954954955
10822,1,123,0.5540540540540541,1,90,0.40540540540540543
10823,1,103,0.46396396396396394,1,70,0.3153153153153153
10824,1,83,0.3738738738738739,1,50,0.22522522522522523
10825,1,63,0.28378378378378377,1,30,0.13513513513513514
10826,1,43,0.19369369369369369,1,10,0.04504504504504504
10827,1,23,0.1036036036036036,0,-1,-1.0
10828,1,3,0.013513513513513514,0,-1,-1.0
10829,0,-1,-1.0,1,203,0.9144144144144144
10830,1,216,0.972972972972973,1,183,0.8243243243243243
10831,1,196,0.8828828828828829,1,163,0.7342342342342343
10832,1,176,0.7927927927927928,1,143,0.6441441441441441
10833,1,156,0.7027027027027027,1,123,0.5540540540540541
10834,1,136,0.6126126126126126,1,103,0.46396396396396394
10835,1,116,0.5225225225225225,1,83,0.3738738738738739
10836,1,96,0.43243243243243246,1,63,0.28378378378378377
10837,1,76,0.34234234234234234,1,43,0.19369369369369369
10838,1,56,0.25225225225225223,1,23,0.1036036036036036
10839,1,84,0.3783783783783784,0,-1,-1.0
10840,1,64,0.2882882882882883,0,-1,-1.0
10841,1,44,0.1981981981981982,0,-1,-1.0
10842,1,24,0.10810810810810811,1,221,0.9954954954954955
10843,1,4,0.018018018018018018,1,201,0.9054054054054054
10844,0,-1,-1.0,1,181,0.8153153153153153
10845,1,204,0.918918918918919,1,161,0.7252252252252253
10846,1,184,0.8288288288288288,1,141,0.6351351351351351
10847,1,164,0.7387387387387387,1,121,0.545045045045045
10848,1,144,0.6486486486486487,1,101,0.45495495495495497
10849,1,124,0.5585585585585585,1,81,0.36486486486486486
10850,1,104,0.46846846846846846,1,61,0.2747747747747748
10851,1,84,0.3783783783783784,1,41,0.18468468468468469
10852,1,64,0.2882882882882883,1,21,0.0945945945945946
10853,1,44,0.1981981981981982,1,1,0.0045045045045045045
10854,1,24,0.10810810810810811,0,-1,-1.0
10855,1,4,0.018018018018018018,0,-1,-1.0
10856,0,-1,-1.0,0,-1,-1.0
10857,0,-1,-1.0,0,-1,-1.0
10858,0,-1,-1.0,0,-1,-1.0
10859,0,-1,-1.0,1,204,0.918918918918919
10860,0,-1,-1.0,1,184,0.8288288288288288
10861,1,207,0.9324324324324325,1,164,0.7387387387387387
10862,1,187,0.8423423423423423,1,144,0.6486486486486487
10863,1,167,0.7522522522522522,1,124,0.5585585585585585
10864,1,147,0.6621621621621622,1,104,0.46846846846846846
10865,1,127,0.5720720720720721,1,84,0.3783783783783784
10866,1,107,0.481981981981982,1,64,0.2882882882882883
10867,1,87,0.3918918918918919,1,44,0.1981981981981982
10868,1,67,0.30180180180180183,1,24,0.10810810810810811
10869,1,47,0.21171171171171171,1,4,0.018018018018018018
10870,1,27,0.12162162162162163,1,186,0.8378378378378378
10871,1,7,0.03153153153153153,1,166,0.7477477477477478
10872,1,189,0.8513513513513513,1,146,0.6576576576576577
10873,1,169,0.7612612612612613,1,126,0.5675675675675675
10874,1,149,0.6711711711711712,1,106,0.4774774774774775
10875,1,129,0.581081081081081,1,86,0.38738738738738737
10876,1,109,0.49099099099099097,1,66,0.2972972972972973
10877,1,89,0.4009009009009009,1,46,0.2072072072072072
10878,1,69,0.3108108108108108,1,26,0.11711711711711711
10879,1,49,0.22072072072072071,1,6,0.02702702702702703
10880,1,29,0.13063063063063063,0,-1,-1.0
10881,1,9,0.04054054054054054,0,-1,-1.0
10882,0,-1,-1.0,0,-1,-1.0
10883,0,-1,-1.0,0,-1,-1.0
10884,0,-1,-1.0,1,214,0.963963963963964
10885,0,-1,-1.0,1,194,0.8738738738738738
10886,1,50,0.22522522522522523,1,193,0.8693693693693694
10887,1,30,0.13513513513513514,1,173,0.7792792792792793
10888,1,10,0.04504504504504504,1,153,0.6891891891891891
10889,1,159,0.7162162162162162,1,133,0.5990990990990991
10890,1,139,0.6261261261261262,1,113,0.509009009009009
10891,1,119,0.536036036036036,1,93,0.4189189189189189
10892,1,99,0.44594594594594594,1,73,0.32882882882882886
10893,1,79,0.35585585585585583,1,53,0.23873873873873874
10894,1,59,0.26576576576576577,1,33,0.14864864864864866
10895,1,39,0.17567567567567569,1,13,0.05855855855855856
10896,1,19,0.08558558558558559,0,-1,-1.0
10897,0,-1,-1.0,0,-1,-1.0
10898,0,-1,-1.0,1,204,0.918918918918919
10899,1,210,0.9459459459459459,1,184,0.8288288288288288
10900,1,190,0.8558558558558559,1,164,0.7387387387387387
10901,1,170,0.7657657657657657,1,144,0.6486486486486487
10902,1,150,0.6756756756756757,1,124,0.5585585585585585
10903,1,130,0.5855855855855856,1,104,0.46846846846846846
10904,1,110,0.4954954954954955,1,84,0.3783783783783784
10905,1,90,0.40540540540540543,1,64,0.2882882882882883
10906,1,70,0.3153153153153153,1,44,0.1981981981981982
10907,1,50,0.22522522522522523,1,24,0.10810810810810811
10908,1,30,0.13513513513513514,1,4,0.018018018018018018
10909,1,10,0.04504504504504504,0,-1,-1.0
10910,0,-1,-1.0,1,213,0.9594594594594594
10911,1,50,0.22522522522522523,0,-1,-1.0
10912,1,30,0.13513513513513514,1,214,0.963963963963964
10913,1,10,0.04504504504504504,1,194,0.8738738738738738
10914,1,200,0.9009009009009009,1,174,0.7837837837837838
10915,1,180,0.8108108108108109,1,154,0.6936936936936937
10916,1,160,0.7207207207207207,1,134,0.6036036036036037
10917,1,140,0.6306306306306306,1,114,0.5135135135135135
10918,1,120,0.5405405405405406,1,94,0.42342342342342343
10919,1,100,0.45045045045045046,1,74,0.3333333333333333
10920,1,80,0.36036036036036034,1,54,0.24324324324324326
10921,1,60,0.2702702702702703,1,34,0.15315315315315314
10922,1,40,0.18018018018018017,1,14,0.06306306306306306
10923,1,20,0.09009009009009009,1,200,0.9009009009009009
10924,1,0,0.0,1,180,0.8108108108108109
10925,1,186,0.8378378378378378,1,160,0.7207207207207207
10926,1,166,0.7477477477477478,1,140,0.6306306306306306
10927,1,146,0.6576576576576577,1,120,0.5405405405405406
10928,1,126,0.5675675675675675,1,100,0.45045045045045046
10929,1,106,0.4774774774774775,1,80,0.36036036036036034
10930,1,86,0.38738738738738737,1,60,0.2702702702702703
10931,1,66,0.2972972972972973,1,40,0.18018018018018017
10932,1,46,0.2072072072072072,1,20,0.09009009009009009
10933,1,26,0.11711711711711711,1,0,0.0
10934,1,6,0.02702702702702703,0,-1,-1.0
10935,0,-1,-1.0,1,215,0.9684684684684685
10936,0,-1,-1.0,1,195,0.8783783783783784
10937,1,44,0.1981981981981982,0,-1,-1.0
10938,1,24,0.10810810810810811,1,204,0.918918918918919
10939,1,4,0.018018018018018018,1,184,0.8288288288288288
10940,1,187,0.8423423423423423,1,164,0.7387387387387387
10941,1,167,0.7522522522522522,1,144,0.6486486486486487
10942,1,147,0.6621621621621622,1,124,0.5585585585585585
10943,1,127,0.5720720720720721,1,104,0.46846846846846846
10944,1,107,0.481981981981982,1,84,0.3783783783783784
10945,1,87,0.3918918918918919,1,64,0.2882882882882883
10946,1,67,0.30180180180180183,1,44,0.1981981981981982
10947,1,47,0.21171171171171171,1,24,0.10810810810810811
10948,1,27,0.12162162162162163,1,4,0.018018018018018018
10949,1,7,0.03153153153153153,0,-1,-1.0
10950,0,-1,-1.0,0,-1,-1.0
10951,0,-1,-1.0,0,-1,-1.0
10952,0,-1,-1.0,1,203,0.9144144144144144
10953,1,206,0.9279279279279279,1,183,0.8243243243243243
10954,1,186,0.8378378378378378,1,163,0.7342342342342343
10955,1,166,0.7477477477477478,1,143,0.6441441441441441
10956,1,146,0.6576576576576577,1,123,0.5540540540540541
10957,1,126,0.5675675675675675,1,103,0.46396396396396394
10958,1,106,0.4774774774774775,1,83,0.3738738738738739
10959,1,86,0.38738738738738737,1,63,0.28378378378378377
10960,1,66,0.2972972972972973,1,43,0.19369369369369369
10961,1,46,0.2072072072072072,1,23,0.1036036036036036
10962,1,30,0.13513513513513514,0,-1,-1.0
10963,1,10,0.04504504504504504,0,-1,-1.0
10964,0,-1,-1.0,0,-1,-1.0
10965,0,-1,-1.0,1,211,0.9504504504504504
10966,1,207,0.9324324324324325,1,191,0.8603603603603603
10967,1,187,0.8423423423423423,1,171,0.7702702702702703
10968,1,167,0.7522522522522522,1,151,0.6801801801801802
10969,1,147,0.6621621621621622,1,131,0.5900900900900901
10970,1,127,0.5720720720720721,1,111,0.5
10971,1,107,0.481981981981982,1,91,0.4099099099099099
10972,1,87,0.3918918918918919,1,71,0.31981981981981983
10973,1,67,0.30180180180180183,1,51,0.22972972972972974
10974,1,47,0.21171171171171171,1,31,0.13963963963963963
10975,1,27,0.12162162162162163,1,11,0.04954954954954955
10976,1,7,0.03153153153153153,0,-1,-1.0
10977,0,-1,-1.0,0,-1,-1.0
10978,1,222,1.0,1,206,0.9279279279279279
10979,1,202,0.9099099099099099,1,186,0.8378378378378378
10980,1,182,0.8198198198198198,1,166,0.7477477477477478
10981,1,162,0.7297297297297297,1,146,0.6576576576576577
10982,1,142,0.6396396396396397,1,126,0.5675675675675675
10983,1,122,0.5495495495495496,1,106,0.4774774774774775
10984,1,102,0.4594594594594595,1,86,0.38738738738738737
10985,1,82,0.36936936936936937,1,66,0.2972972972972973
10986,1,62,0.27927927927927926,1,46,0.2072072072072072
10987,1,42,0.1891891891891892,1,26,0.11711711711711711
10988,1,22,0.0990990990990991,1,6,0.02702702702702703
10989,1,2,0.009009009009009009,1,174,0.7837837837837838
10990,1,170,0.7657657657657657,1,154,0.6936936936936937
10991,1,150,0.6756756756756757,1,134,0.6036036036036037
10992,1,130,0.5855855855855856,1,114,0.5135135135135135
10993,1,110,0.4954954954954955,1,94,0.42342342342342343
10994,1,90,0.40540540540540543,1,74,0.3333333333333333
10995,1,70,0.3153153153153153,1,54,0.24324324324324326
10996,1,50,0.22522522522522523,1,34,0.15315315315315314
10997,1,30,0.13513513513513514,1,14,0.06306306306306306
10998,1,10,0.04504504504504504,0,-1,-1.0
10999,0,-1,-1.0,0,-1,-1.0
11000,0,-1,-1.0,0,-1,-1.0
11001,0,-1,-1.0,1,205,0.9234234234234234
11002,1,40,0.18018018018018017,1,198,0.8918918918918919
11003,1,20,0.09009009009009009,1,178,0.8018018018018018
11004,1,0,0.0,1,158,0.7117117117117117
11005,1,159,0.7162162162162162,1,138,0.6216216216216216
11006,1,139,0.6261261261261262,1,118,0.5315315315315315
11007,1,119,0.536036036036036,1,98,0.44144144144144143
11008,1,99,0.44594594594594594,1,78,0.35135135135135137
11009,1,79,0.35585585585585583,1,58,0.26126126126126126
11010,1,59,0.26576576576576577,1,38,0.17117117117117117
11011,1,39,0.17567567567567569,1,18,0.08108108108108109
11012,1,19,0.08558558558558559,0,-1,-1.0
11013,0,-1,-1.0,0,-1,-1.0
11014,0,-1,-1.0,0,-1,-1.0
11015,0,-1,-1.0,1,207,0.9324324324324325
11016,1,208,0.9369369369369369,1,187,0.8423423423423423
11017,1,188,0.8468468468468469,1,167,0.7522522522522522
11018,1,168,0.7567567567567568,1,147,0.6621621621621622
11019,1,148,0.6666666666666666,1,127,0.5720720720720721
11020,1,128,0.5765765765765766,1,107,0.481981981981982
11021,1,108,0.4864864864864865,1,87,0.3918918918918919
11022,1,88,0.3963963963963964,1,67,0.30180180180180183
11023,1,68,0.3063063063063063,1,47,0.21171171171171171
11024,1,48,0.21621621621621623,1,27,0.12162162162162163
11025,1,28,0.12612612612612611,1,7,0.03153153153153153
11026,1,8,0.036036036036036036,1,182,0.8198198198198198
11027,1,183,0.8243243243243243,1,162,0.7297297297297297
11028,1,163,0.7342342342342343,1,142,0.6396396396396397
11029,1,143,0.6441441441441441,1,122,0.5495495495495496
11030,1,123,0.5540540540540541,1,102,0.4594594594594595
11031,1,103,0.46396396396396394,1,82,0.36936936936936937
11032,1,83,0.3738738738738739,1,62,0.27927927927927926
11033,1,63,0.28378378378378377,1,42,0.1891891891891892
11034,1,43,0.19369369369369369,1,22,0.0990990990990991
11035,1,23,0.1036036036036036,1,2,0.009009009009009009
11036,1,3,0.013513513513513514,0,-1,-1.0
11037,0,-1,-1.0,1,205,0.9234234234234234
11038,0,-1,-1.0,1,185,0.8333333333333334
11039,1,64,0.2882882882882883,0,-1,-1.0
11040,1,44,0.1981981981981982,0,-1,-1.0
11041,1,24,0.10810810810810811,1,211,0.9504504504504504
11042,1,4,0.018018018018018018,1,191,0.8603603603603603
11043,1,204,0.918918918918919,1,171,0.7702702702702703
11044,1,184,0.8288288288288288,1,151,0.6801801801801802
11045,1,164,0.7387387387387387,1,131,0.5900900900900901
11046,1,144,0.6486486486486487,1,111,0.5
11047,1,124,0.5585585585585585,1,91,0.4099099099099099
11048,1,104,0.46846846846846846,1,71,0.31981981981981983
11049,1,84,0.3783783783783784,1,51,0.22972972972972974
11050,1,64,0.2882882882882883,1,31,0.13963963963963963
11051,1,44,0.1981981981981982,1,11,0.04954954954954955
11052,1,24,0.10810810810810811,0,-1,-1.0
11053,1,4,0.018018018018018018,0,-1,-1.0
11054,0,-1,-1.0,0,-1,-1.0
11055,0,-1,-1.0,1,219,0.9864864864864865
11056,0,-1,-1.0,1,199,0.8963963963963963
11057,1,212,0.954954954954955,1,179,0.8063063063063063
11058,1,192,0.8648648648648649,1,159,0.7162162162162162
11059,1,172,0.7747747747747747,1,139,0.6261261261261262
11060,1,152,0.6846846846846847,1,119,0.536036036036036
11061,1,132,0.5945945945945946,1,99,0.44594594594594594
11062,1,112,0.5045045045045045,1,79,0.35585585585585583
11063,1,92,0.4144144144144144,1,59,0.26576576576576577
11064,1,72,0.32432432432432434,1,39,0.17567567567567569
11065,1,52,0.23423423423423423,1,19,0.08558558558558559
11066,1,32,0.14414414414414414,0,-1,-1.0
11067,1,12,0.05405405405405406,0,-1,-1.0
11068,0,-1,-1.0,1,222,1.0
11069,0,-1,-1.0,1,202,0.9099099099099099
11070,1,215,0.9684684684684685,1,182,0.8198198198198198
11071,1,195,0.8783783783783784,1,162,0.7297297297297297
11072,1,175,0.7882882882882883,1,142,0.6396396396396397
11073,1,155,0.6981981981981982,1,122,0.5495495495495496
11074,1,135,0.6081081081081081,1,102,0.4594594594594595
11075,1,115,0.5180180180180181,1,82,0.36936936936936937
11076,1,95,0.42792792792792794,1,62,0.27927927927927926
11077,1,75,0.33783783783783783,1,42,0.1891891891891892
11078,1,55,0.24774774774774774,1,22,0.0990990990990991
11079,1,35,0.15765765765765766,1,2,0.009009009009009009
11080,1,15,0.06756756756756757,1,220,0.990990990990991
11081,1,28,0.12612612612612611,0,-1,-1.0
11082,1,8,0.036036036036036036,0,-1,-1.0
11083,0,-1,-1.0,0,-1,-1.0
11084,0,-1,-1.0,1,210,0.9459459459459459
11085,1,205,0.9234234234234234,1,190,0.8558558558558559
11086,1,185,0.8333333333333334,1,170,0.7657657657657657
11087,1,165,0.7432432432432432,1,150,0.6756756756756757
11088,1,145,0.6531531531531531,1,130,0.5855855855855856
11089,1,125,0.5630630630630631,1,110,0.4954954954954955
11090,1,105,0.47297297297297297,1,90,0.40540540540540543
11091,1,85,0.38288288288288286,1,70,0.3153153153153153
11092,1,65,0.2927927927927928,1,50,0.22522522522522523
11093,1,45,0.20270270270270271,1,30,0.13513513513513514
11094,1,25,0.11261261261261261,1,10,0.04504504504504504
11095,1,5,0.02252252252252252,1,165,0.7432432432432432
11096,1,160,0.7207207207207207,1,145,0.6531531531531531
11097,1,140,0.6306306306306306,1,125,0.5630630630630631
11098,1,120,0.5405405405405406,1,105,0.47297297297297297
11099,1,100,0.45045045045045046,1,85,0.38288288288288286
11100,1,80,0.36036036036036034,1,65,0.2927927927927928
11101,1,60,0.2702702702702703,1,45,0.20270270270270271
11102,1,40,0.18018018018018017,1,25,0.11261261261261261
11103,1,20,0.09009009009009009,1,5,0.02252252252252252
11104,1,0,0.0,0,-1,-1.0
11105,0,-1,-1.0,0,-1,-1.0
11106,0,-1,-1.0,0,-1,-1.0
11107,0,-1,-1.0,1,210,0.9459459459459459
11108,1,50,0.22522522522522523,0,-1,-1.0
11109,1,30,0.13513513513513514,1,210,0.9459459459459459
11110,1,10,0.04504504504504504,1,190,0.8558558558558559
11111,1,196,0.8828828828828829,1,170,0.7657657657657657
11112,1,176,0.7927927927927928,1,150,0.6756756756756757
11113,1,156,0.7027027027027027,1,130,0.5855855855855856
11114,1,136,0.6126126126126126,1,110,0.4954954954954955
11115,1,116,0.5225225225225225,1,90,0.40540540540540543
11116,1,96,0.43243243243243246,1,70,0.3153153153153153
11117,1,76,0.34234234234234234,1,50,0.22522522522522523
11118,1,56,0.25225225225225223,1,30,0.13513513513513514
11119,1,36,0.16216216216216217,1,10,0.04504504504504504
11120,1,16,0.07207207207207207,1,205,0.9234234234234234
11121,1,211,0.9504504504504504,1,185,0.8333333333333334
11122,1,191,0.8603603603603603,1,165,0.7432432432432432
11123,1,171,0.7702702702702703,1,145,0.6531531531531531
11124,1,151,0.6801801801801802,1,125,0.5630630630630631
11125,1,131,0.5900900900900901,1,105,0.47297297297297297
11126,1,111,0.5,1,85,0.38288288288288286
11127,1,91,0.4099099099099099,1,65,0.2927927927927928
11128,1,71,0.31981981981981983,1,45,0.20270270270270271
11129,1,51,0.22972972972972974,1,25,0.11261261261261261
11130,1,31,0.13963963963963963,1,5,0.02252252252252252
11131,1,11,0.04954954954954955,0,-1,-1.0
11132,0,-1,-1.0,0,-1,-1.0
11133,0,-1,-1.0,1,212,0.954954954954955
11134,1,24,0.10810810810810811,1,201,0.9054054054054054
11135,1,4,0.018018018018018018,1,181,0.8153153153153153
11136,1,174,0.7837837837837838,1,161,0.7252252252252253
11137,1,154,0.6936936936936937,1,141,0.6351351351351351
11138,1,134,0.6036036036036037,1,121,0.545045045045045
11139,1,114,0.5135135135135135,1,101,0.45495495495495497
11140,1,94,0.42342342342342343,1,81,0.36486486486486486
11141,1,74,0.3333333333333333,1,61,0.2747747747747748
11142,1,54,0.24324324324324326,1,41,0.18468468468468469
11143,1,34,0.15315315315315314,1,21,0.0945945945945946
11144,1,14,0.06306306306306306,1,1,0.0045045045045045045
11145,0,-1,-1.0,0,-1,-1.0
11146,0,-1,-1.0,0,-1,-1.0
11147,0,-1,-1.0,0,-1,-1.0
11148,0,-1,-1.0,0,-1,-1.0
11149,0,-1,-1.0,1,214,0.963963963963964
11150,1,207,0.9324324324324325,1,194,0.8738738738738738
11151,1,187,0.8423423423423423,1,174,0.7837837837837838
11152,1,167,0.7522522522522522,1,154,0.6936936936936937
11153,1,147,0.6621621621621622,1,134,0.6036036036036037
11154,1,127,0.5720720720720721,1,114,0.5135135135135135
11155,1,107,0.481981981981982,1,94,0.42342342342342343
11156,1,87,0.3918918918918919,1,74,0.3333333333333333
11157,1,67,0.30180180180180183,1,54,0.24324324324324326
11158,1,47,0.21171171171171171,1,34,0.15315315315315314
11159,1,27,0.12162162162162163,1,14,0.06306306306306306
11160,1,40,0.18018018018018017,1,200,0.9009009009009009
11161,1,20,0.09009009009009009,1,180,0.8108108108108109
11162,1,0,0.0,1,160,0.7207207207207207
11163,1,161,0.7252252252252253,1,140,0.6306306306306306
11164,1,141,0.6351351351351351,1,120,0.5405405405405406
11165,1,121,0.545045045045045,1,100,0.45045045045045046
11166,1,101,0.45495495495495497,1,80,0.36036036036036034
11167,1,81,0.36486486486486486,1,60,0.2702702702702703
11168,1,61,0.2747747747747748,1,40,0.18018018018018017
11169,1,41,0.18468468468468469,1,20,0.09009009009009009
11170,1,21,0.0945945945945946,1,0,0.0
11171,1,1,0.0045045045045045045,1,177,0.7972972972972973
11172,1,178,0.8018018018018018,1,157,0.7072072072072072
11173,1,158,0.7117117117117117,1,137,0.6171171171171171
11174,1,138,0.6216216216216216,1,117,0.527027027027027
11175,1,118,0.5315315315315315,1,97,0.4369369369369369
11176,1,98,0.44144144144144143,1,77,0.34684684684684686
11177,1,78,0.35135135135135137,1,57,0.25675675675675674
11178,1,58,0.26126126126126126,1,37,0.16666666666666666
11179,1,38,0.17117117117117117,1,17,0.07657657657657657
11180,1,18,0.08108108108108109,0,-1,-1.0
11181,0,-1,-1.0,0,-1,-1.0
11182,0,-1,-1.0,1,212,0.954954954954955
11183,1,213,0.9594594594594594,1,192,0.8648648648648649
11184,1,193,0.8693693693693694,1,172,0.7747747747747747
11185,1,173,0.7792792792792793,1,152,0.6846846846846847
11186,1,153,0.6891891891891891,1,132,0.5945945945945946
11187,1,133,0.5990990990990991,1,112,0.5045045045045045
11188,1,113,0.509009009009009,1,92,0.4144144144144144
11189,1,93,0.4189189189189189,1,72,0.32432432432432434
11190,1,73,0.32882882882882886,1,52,0.23423423423423423
11191,1,53,0.23873873873873874,1,32,0.14414414414414414
11192,1,33,0.14864864864864866,1,12,0.05405405405405406
11193,1,13,0.05855855855855856,1,220,0.990990990990991
11194,0,-1,-1.0,1,200,0.9009009009009009
11195,1,70,0.3153153153153153,0,-1,-1.0
11196,1,50,0.22522522522522523,0,-1,-1.0
11197,1,30,0.13513513513513514,0,-1,-1.0
11198,1,10,0.04504504504504504,0,-1,-1.0
11199,0,-1,-1.0,0,-1,-1.0
11200,0,-1,-1.0,0,-1,-1.0
11201,0,-1,-1.0,0,-1,-1.0
11202,0,-1,-1.0,0,-1,-1.0
11203,0,-1,-1.0,0,-1,-1.0
11204,0,-1,-1.0,1,209,0.9414414414414415
11205,0,-1,-1.0,1,189,0.8513513513513513
11206,1,205,0.9234234234234234,1,169,0.7612612612612613
11207,1,185,0.8333333333333334,1,149,0.6711711711711712
11208,1,165,0.7432432432432432,1,129,0.581081081081081
11209,1,145,0.6531531531531531,1,109,0.49099099099099097
11210,1,125,0.5630630630630631,1,89,0.4009009009009009
11211,1,105,0.47297297297297297,1,69,0.3108108108108108
11212,1,85,0.38288288288288286,1,49,0.22072072072072071
11213,1,65,0.2927927927927928,1,29,0.13063063063063063
11214,1,45,0.20270270270270271,1,9,0.04054054054054054
11215,1,25,0.11261261261261261,1,203,0.9144144144144144
11216,1,5,0.02252252252252252,1,183,0.8243243243243243
11217,1,199,0.8963963963963963,1,163,0.7342342342342343
11218,1,179,0.8063063063063063,1,143,0.6441441441441441
11219,1,159,0.7162162162162162,1,123,0.5540540540540541
11220,1,139,0.6261261261261262,1,103,0.46396396396396394
11221,1,119,0.536036036036036,1,83,0.3738738738738739
11222,1,99,0.44594594594594594,1,63,0.28378378378378377
11223,1,79,0.35585585585585583,1,43,0.19369369369369369
11224,1,59,0.26576576576576577,1,23,0.1036036036036036
11225,1,39,0.17567567567567569,1,3,0.013513513513513514
11226,1,19,0.08558558558558559,0,-1,-1.0
11227,0,-1,-1.0,0,-1,-1.0
11228,0,-1,-1.0,0,-1,-1.0
11229,0,-1,-1.0,0,-1,-1.0
11230,0,-1,-1.0,1,209,0.9414414414414415
11231,0,-1,-1.0,1,189,0.8513513513513513
11232,1,76,0.34234234234234234,0,-1,-1.0
11233,1,56,0.25225225225225223,0,-1,-1.0
11234,1,36,0.16216216216216217,0,-1,-1.0
11235,1,16,0.07207207207207207,1,213,0.9594594594594594
11236,0,-1,-1.0,1,193,0.8693693693693694
11237,1,212,0.954954954954955,1,173,0.7792792792792793
11238,1,192,0.8648648648648649,1,153,0.6891891891891891
11239,1,172,0.7747747747747747,1,133,0.5990990990990991
11240,1,152,0.6846846846846847,1,113,0.509009009009009
11241,1,132,0.5945945945945946,1,93,0.4189189189189189
11242,1,112,0.5045045045045045,1,73,0.32882882882882886
11243,1,92,0.4144144144144144,1,53,0.23873873873873874
11244,1,72,0.32432432432432434,1,33,0.14864864864864866
11245,1,52,0.23423423423423423,1,13,0.05855855855855856
11246,1,32,0.14414414414414414,0,-1,-1.0
11247,1,12,0.05405405405405406,0,-1,-1.0
11248,0,-1,-1.0,0,-1,-1.0
11249,0,-1,-1.0,0,-1,-1.0
11250,0,-1,-1.0,1,222,1.0
11251,0,-1,-1.0,1,202,0.9099099099099099
11252,1,221,0.9954954954954955,1,182,0.8198198198198198
11253,1,201,0.9054054054054054,1,162,0.7297297297297297
11254,1,181,0.8153153153153153,1,142,0.6396396396396397
11255,1,161,0.7252252252252253,1,122,0.5495495495495496
11256,1,141,0.6351351351351351,1,102,0.4594594594594595
11257,1,121,0.545045045045045,1,82,0.36936936936936937
11258,1,101,0.45495495495495497,1,62,0.27927927927927926
11259,1,81,0.36486486486486486,1,42,0.1891891891891892
11260,1,61,0.2747747747747748,1,22,0.0990990990990991
11261,1,41,0.18468468468468469,1,2,0.009009009009009009
11262,1,21,0.0945945945945946,0,-1,-1.0
11263,1,1,0.0045045045045045045,0,-1,-1.0
11264,0,-1,-1.0,1,204,0.918918918918919
11265,0,-1,-1.0,1,184,0.8288288288288288
11266,1,203,0.9144144144144144,1,164,0.7387387387387387
11267,1,183,0.8243243243243243,1,144,0.6486486486486487
11268,1,163,0.7342342342342343,1,124,0.5585585585585585
11269,1,143,0.6441441441441441,1,104,0.46846846846846846
11270,1,123,0.5540540540540541,1,84,0.3783783783783784
11271,1,103,0.46396396396396394,1,64,0.2882882882882883
11272,1,83,0.3738738738738739,1,44,0.1981981981981982
11273,1,63,0.28378378378378377,1,24,0.10810810810810811
11274,1,43,0.19369369369369369,1,4,0.018018018018018018
11275,1,23,0.1036036036036036,0,-1,-1.0
11276,1,3,0.013513513513513514,0,-1,-1.0
11277,0,-1,-1.0,0,-1,-1.0
11278,0,-1,-1.0,0,-1,-1.0
11279,1,52,0.23423423423423423,0,-1,-1.0
11280,1,32,0.14414414414414414,0,-1,-1.0
11281,1,12,0.05405405405405406,0,-1,-1.0
11282,0,-1,-1.0,1,203,0.9144144144144144
11283,1,210,0.9459459459459459,1,183,0.8243243243243243
11284,1,190,0.8558558558558559,1,163,0.7342342342342343
11285,1,170,0.7657657657657657,1,143,0.6441441441441441
11286,1,150,0.6756756756756757,1,123,0.5540540540540541
11287,1,130,0.5855855855855856,1,103,0.46396396396396394
11288,1,110,0.4954954954954955,1,83,0.3738738738738739
11289,1,90,0.40540540540540543,1,63,0.28378378378378377
11290,1,70,0.3153153153153153,1,43,0.19369369369369369
11291,1,50,0.22522522522522523,1,23,0.1036036036036036
11292,1,30,0.13513513513513514,1,3,0.013513513513513514
11293,1,10,0.04504504504504504,1,160,0.7207207207207207
11294,1,167,0.7522522522522522,1,140,0.6306306306306306
11295,1,147,0.6621621621621622,1,120,0.5405405405405406
11296,1,127,0.5720720720720721,1,100,0.45045045045045046
11297,1,107,0.481981981981982,1,80,0.36036036036036034
11298,1,87,0.3918918918918919,1,60,0.2702702702702703
11299,1,67,0.30180180180180183,1,40,0.18018018018018017
11300,1,47,0.21171171171171171,1,20,0.09009009009009009
11301,1,27,0.12162162162162163,1,0,0.0
11302,1,7,0.03153153153153153,0,-1,-1.0
11303,0,-1,-1.0,0,-1,-1.0
11304,0,-1,-1.0,1,205,0.9234234234234234
11305,1,28,0.12612612612612611,1,196,0.8828828828828829
11306,1,8,0.036036036036036036,1,176,0.7927927927927928
11307,1,171,0.7702702702702703,1,156,0.7027027027027027
11308,1,151,0.6801801801801802,1,136,0.6126126126126126
11309,1,131,0.5900900900900901,1,116,0.5225225225225225
11310,1,111,0.5,1,96,0.43243243243243246
11311,1,91,0.4099099099099099,1,76,0.34234234234234234
11312,1,71,0.31981981981981983,1,56,0.25225225225225223
11313,1,51,0.22972972972972974,1,36,0.16216216216216217
11314,1,31,0.13963963963963963,1,16,0.07207207207207207
11315,1,11,0.04954954954954955,0,-1,-1.0
11316,0,-1,-1.0,1,220,0.990990990990991
11317,1,215,0.9684684684684685,1,200,0.9009009009009009
11318,1,195,0.8783783783783784,1,180,0.8108108108108109
11319,1,175,0.7882882882882883,1,160,0.7207207207207207
11320,1,155,0.6981981981981982,1,140,0.6306306306306306
11321,1,135,0.6081081081081081,1,120,0.5405405405405406
11322,1,115,0.5180180180180181,1,100,0.45045045045045046
11323,1,95,0.42792792792792794,1,80,0.36036036036036034
11324,1,75,0.33783783783783783,1,60,0.2702702702702703
11325,1,55,0.24774774774774774,1,40,0.18018018018018017
11326,1,20,0.09009009009009009,0,-1,-1.0
11327,1,0,0.0,0,-1,-1.0
11328,0,-1,-1.0,0,-1,-1.0
11329,0,-1,-1.0,0,-1,-1.0
11330,1,216,0.972972972972973,1,205,0.9234234234234234
11331,1,196,0.8828828828828829,1,185,0.8333333333333334
11332,1,176,0.7927927927927928,1,165,0.7432432432432432
11333,1,156,0.7027027027027027,1,145,0.6531531531531531
11334,1,136,0.6126126126126126,1,125,0.5630630630630631
11335,1,116,0.5225225225225225,1,105,0.47297297297297297
11336,1,96,0.43243243243243246,1,85,0.38288288288288286
11337,1,76,0.34234234234234234,1,65,0.2927927927927928
11338,1,56,0.25225225225225223,1,45,0.20270270270270271
11339,1,36,0.16216216216216217,1,25,0.11261261261261261
11340,1,16,0.07207207207207207,1,5,0.02252252252252252
11341,1,215,0.9684684684684685,1,204,0.918918918918919
11342,1,195,0.8783783783783784,1,184,0.8288288288288288
11343,1,175,0.7882882882882883,1,164,0.7387387387387387
11344,1,155,0.6981981981981982,1,144,0.6486486486486487
11345,1,135,0.6081081081081081,1,124,0.5585585585585585
11346,1,115,0.5180180180180181,1,104,0.46846846846846846
11347,1,95,0.42792792792792794,1,84,0.3783783783783784
11348,1,75,0.33783783783783783,1,64,0.2882882882882883
11349,1,55,0.24774774774774774,1,44,0.1981981981981982
11350,1,35,0.15765765765765766,1,24,0.10810810810810811
11351,1,15,0.06756756756756757,1,4,0.018018018018018018
11352,1,30,0.13513513513513514,0,-1,-1.0
11353,1,10,0.04504504504504504,0,-1,-1.0
11354,0,-1,-1.0,0,-1,-1.0
11355,0,-1,-1.0,1,215,0.9684684684684685
11356,1,211,0.9504504504504504,1,195,0.8783783783783784
11357,1,191,0.8603603603603603,1,175,0.7882882882882883
11358,1,171,0.7702702702702703,1,155,0.6981981981981982
11359,1,151,0.6801801801801802,1,135,0.6081081081081081
11360,1,131,0.5900900900900901,1,115,0.5180180180180181
11361,1,111,0.5,1,95,0.42792792792792794
11362,1,91,0.4099099099099099,1,75,0.33783783783783783
11363,1,71,0.31981981981981983,1,55,0.24774774774774774
11364,1,51,0.22972972972972974,1,35,0.15765765765765766
11365,1,31,0.13963963963963963,1,15,0.06756756756756757
11366,1,11,0.04954954954954955,0,-1,-1.0
11367,0,-1,-1.0,0,-1,-1.0
11368,0,-1,-1.0,0,-1,-1.0
11369,0,-1,-1.0,0,-1,-1.0
11370,0,-1,-1.0,1,211,0.9504504504504504
11371,1,207,0.9324324324324325,1,191,0.8603603603603603
11372,1,187,0.8423423423423423,1,171,0.7702702702702703
11373,1,167,0.7522522522522522,1,151,0.6801801801801802
11374,1,147,0.6621621621621622,1,131,0.5900900900900901
11375,1,127,0.5720720720720721,1,111,0.5
11376,1,107,0.481981981981982,1,91,0.4099099099099099
11377,1,87,0.3918918918918919,1,71,0.31981981981981983
11378,1,67,0.30180180180180183,1,51,0.22972972972972974
11379,1,47,0.21171171171171171,1,31,0.13963963963963963
11380,1,27,0.12162162162162163,1,11,0.04954954954954955
11381,1,7,0.03153153153153153,0,-1,-1.0
11382,0,-1,-1.0,0,-1,-1.0
11383,0,-1,-1.0,1,220,0.990990990990991
11384,1,216,0.972972972972973,1,200,0.9009009009009009
11385,1,196,0.8828828828828829,1,180,0.8108108108108109
11386,1,176,0.7927927927927928,1,160,0.7207207207207207
11387,1,156,0.7027027027027027,1,140,0.6306306306306306
11388,1,136,0.6126126126126126,1,120,0.5405405405405406
11389,1,116,0.5225225225225225,1,100,0.45045045045045046
11390,1,96,0.43243243243243246,1,80,0.36036036036036034
11391,1,76,0.34234234234234234,1,60,0.2702702702702703
11392,1,56,0.25225225225225223,1,40,0.18018018018018017
11393,1,36,0.16216216216216217,1,20,0.09009009009009009
11394,1,16,0.07207207207207207,1,0,0.0
11395,0,-1,-1.0,0,-1,-1.0
11396,0,-1,-1.0,1,212,0.954954954954955
11397,0,-1,-1.0,1,192,0.8648648648648649
11398,1,24,0.10810810810810811,0,-1,-1.0
11399,1,4,0.018018018018018018,0,-1,-1.0
11400,0,-1,-1.0,0,-1,-1.0
11401,0,-1,-1.0,0,-1,-1.0
11402,1,217,0.9774774774774775,1,204,0.918918918918919
11403,1,197,0.8873873873873874,1,184,0.8288288288288288
11404,1,177,0.7972972972972973,1,164,0.7387387387387387
11405,1,157,0.7072072072072072,1,144,0.6486486486486487
11406,1,137,0.6171171171171171,1,124,0.5585585585585585
11407,1,117,0.527027027027027,1,104,0.46846846846846846
11408,1,97,0.4369369369369369,1,84,0.3783783783783784
11409,1,77,0.34684684684684686,1,64,0.2882882882882883
11410,1,57,0.25675675675675674,1,44,0.1981981981981982
11411,1,37,0.16666666666666666,1,24,0.10810810810810811
11412,1,17,0.07657657657657657,1,4,0.018018018018018018
11413,0,-1,-1.0,0,-1,-1.0
11414,0,-1,-1.0,1,213,0.9594594594594594
11415,1,206,0.9279279279279279,1,193,0.8693693693693694
11416,1,186,0.8378378378378378,1,173,0.7792792792792793
11417,1,166,0.7477477477477478,1,153,0.6891891891891891
11418,1,146,0.6576576576576577,1,133,0.5990990990990991
11419,1,126,0.5675675675675675,1,113,0.509009009009009
11420,1,106,0.4774774774774775,1,93,0.4189189189189189
11421,1,86,0.38738738738738737,1,73,0.32882882882882886
11422,1,66,0.2972972972972973,1,53,0.23873873873873874
11423,1,46,0.2072072072072072,1,33,0.14864864864864866
11424,1,26,0.11711711711711711,1,13,0.05855855855855856
11425,1,68,0.3063063063063063,1,203,0.9144144144144144
11426,1,48,0.21621621621621623,1,183,0.8243243243243243
11427,1,28,0.12612612612612611,1,163,0.7342342342342343
11428,1,8,0.036036036036036036,1,143,0.6441441441441441
11429,1,158,0.7117117117117117,1,123,0.5540540540540541
11430,1,138,0.6216216216216216,1,103,0.46396396396396394
11431,1,118,0.5315315315315315,1,83,0.3738738738738739
11432,1,98,0.44144144144144143,1,63,0.28378378378378377
11433,1,78,0.35135135135135137,1,43,0.19369369369369369
11434,1,58,0.26126126126126126,1,23,0.1036036036036036
11435,1,38,0.17117117117117117,1,3,0.013513513513513514
11436,1,18,0.08108108108108109,1,200,0.9009009009009009
11437,1,215,0.9684684684684685,1,180,0.8108108108108109
11438,1,195,0.8783783783783784,1,160,0.7207207207207207
11439,1,175,0.7882882882882883,1,140,0.6306306306306306
11440,1,155,0.6981981981981982,1,120,0.5405405405405406
11441,1,135,0.6081081081081081,1,100,0.45045045045045046
11442,1,115,0.5180180180180181,1,80,0.36036036036036034
11443,1,95,0.42792792792792794,1,60,0.2702702702702703
11444,1,75,0.33783783783783783,1,40,0.18018018018018017
11445,1,55,0.24774774774774774,1,20,0.09009009009009009
11446,1,35,0.15765765765765766,1,0,0.0
11447,1,15,0.06756756756756757,0,-1,-1.0
11448,0,-1,-1.0,0,-1,-1.0
11449,0,-1,-1.0,0,-1,-1.0
11450,0,-1,-1.0,0,-1,-1.0
11451,0,-1,-1.0,0,-1,-1.0
11452,0,-1,-1.0,0,-1,-1.0
11453,0,-1,-1.0,1,213,0.9594594594594594
11454,1,22,0.0990990990990991,0,-1,-1.0
11455,1,2,0.009009009009009009,0,-1,-1.0
11456,0,-1,-1.0,0,-1,-1.0
11457,0,-1,-1.0,0,-1,-1.0
11458,0,-1,-1.0,1,213,0.9594594594594594
11459,1,205,0.9234234234234234,1,193,0.8693693693693694
11460,1,185,0.8333333333333334,1,173,0.7792792792792793
11461,1,165,0.7432432432432432,1,153,0.6891891891891891
11462,1,145,0.6531531531531531,1,133,0.5990990990990991
11463,1,125,0.5630630630630631,1,113,0.509009009009009
11464,1,105,0.47297297297297297,1,93,0.4189189189189189
11465,1,85,0.38288288288288286,1,73,0.32882882882882886
11466,1,65,0.2927927927927928,1,53,0.23873873873873874
11467,1,45,0.20270270270270271,1,33,0.14864864864864866
11468,1,25,0.11261261261261261,1,13,0.05855855855855856
11469,1,5,0.02252252252252252,0,-1,-1.0
11470,1,220,0.990990990990991,1,208,0.9369369369369369
11471,1,200,0.9009009009009009,1,188,0.8468468468468469
11472,1,180,0.8108108108108109,1,168,0.7567567567567568
11473,1,160,0.7207207207207207,1,148,0.6666666666666666
11474,1,140,0.6306306306306306,1,128,0.5765765765765766
11475,1,120,0.5405405405405406,1,108,0.4864864864864865
11476,1,100,0.45045045045045046,1,88,0.3963963963963964
11477,1,80,0.36036036036036034,1,68,0.3063063063063063
11478,1,60,0.2702702702702703,1,48,0.21621621621621623
11479,1,40,0.18018018018018017,1,28,0.12612612612612611
11480,1,20,0.09009009009009009,1,8,0.036036036036036036
11481,1,0,0.0,1,201,0.9054054054054054
11482,1,46,0.2072072072072072,0,-1,-1.0
11483,1,26,0.11711711711711711,0,-1,-1.0
11484,1,6,0.02702702702702703,0,-1,-1.0
11485,0,-1,-1.0,0,-1,-1.0
11486,0,-1,-1.0,0,-1,-1.0
11487,0,-1,-1.0,1,211,0.9504504504504504
11488,1,215,0.9684684684684685,1,191,0.8603603603603603
11489,1,195,0.8783783783783784,1,171,0.7702702702702703
11490,1,175,0.7882882882882883,1,151,0.6801801801801802
11491,1,155,0.6981981981981982,1,131,0.5900900900900901
11492,1,135,0.6081081081081081,1,111,0.5
11493,1,115,0.5180180180180181,1,91,0.4099099099099099
11494,1,95,0.42792792792792794,1,71,0.31981981981981983
11495,1,75,0.33783783783783783,1,51,0.22972972972972974
11496,1,55,0.24774774774774774,1,31,0.13963963963963963
11497,1,35,0.15765765765765766,1,11,0.04954954954954955
11498,1,15,0.06756756756756757,1,166,0.7477477477477478
11499,1,170,0.7657657657657657,1,146,0.6576576576576577
11500,1,150,0.6756756756756757,1,126,0.5675675675675675
11501,1,130,0.5855855855855856,1,106,0.4774774774774775
11502,1,110,0.4954954954954955,1,86,0.38738738738738737
11503,1,90,0.40540540540540543,1,66,0.2972972972972973
11504,1,70,0.3153153153153153,1,46,0.2072072072072072
11505,1,50,0.22522522522522523,1,26,0.11711711711711711
11506,1,30,0.13513513513513514,1,6,0.02702702702702703
11507,1,10,0.04504504504504504,1,172,0.7747747747747747
11508,1,176,0.7927927927927928,1,152,0.6846846846846847
11509,1,156,0.7027027027027027,1,132,0.5945945945945946
11510,1,136,0.6126126126126126,1,112,0.5045045045045045
11511,1,116,0.5225225225225225,1,92,0.4144144144144144
11512,1,96,0.43243243243243246,1,72,0.32432432432432434
11513,1,76,0.34234234234234234,1,52,0.23423423423423423
11514,1,56,0.25225225225225223,1,32,0.14414414414414414
11515,1,36,0.16216216216216217,1,12,0.05405405405405406
11516,1,16,0.07207207207207207,1,205,0.9234234234234234
11517,1,44,0.1981981981981982,0,-1,-1.0
11518,1,24,0.10810810810810811,0,-1,-1.0
11519,1,4,0.018018018018018018,1,208,0.9369369369369369
11520,1,211,0.9504504504504504,1,188,0.8468468468468469
11521,1,191,0.8603603603603603,1,168,0.7567567567567568
11522,1,171,0.7702702702702703,1,148,0.6666666666666666
11523,1,151,0.6801801801801802,1,128,0.5765765765765766
11524,1,131,0.5900900900900901,1,108,0.4864864864864865
11525,1,111,0.5,1,88,0.3963963963963964
11526,1,91,0.4099099099099099,1,68,0.3063063063063063
11527,1,71,0.31981981981981983,1,48,0.21621621621621623
11528,1,51,0.22972972972972974,1,28,0.12612612612612611
11529,1,31,0.13963963963963963,1,8,0.036036036036036036
11530,1,11,0.04954954954954955,0,-1,-1.0
11531,0,-1,-1.0,1,218,0.9819819819819819
11532,1,221,0.9954954954954955,1,198,0.8918918918918919
11533,1,201,0.9054054054054054,1,178,0.8018018018018018
11534,1,181,0.8153153153153153,1,158,0.7117117117117117
11535,1,161,0.7252252252252253,1,138,0.6216216216216216
11536,1,141,0.6351351351351351,1,118,0.5315315315315315
11537,1,121,0.545045045045045,1,98,0.44144144144144143
11538,1,101,0.45495495495495497,1,78,0.35135135135135137
11539,1,81,0.36486486486486486,1,58,0.26126126126126126
11540,1,61,0.2747747747747748,1,38,0.17117117117117117
11541,1,41,0.18468468468468469,1,18,0.08108108108108109
11542,1,21,0.0945945945945946,0,-1,-1.0
11543,1,1,0.0045045045045045045,0,-1,-1.0
11544,0,-1,-1.0,0,-1,-1.0
11545,0,-1,-1.0,0,-1,-1.0
11546,0,-1,-1.0,1,213,0.9594594594594594
11547,1,216,0.972972972972973,1,193,0.8693693693693694
11548,1,196,0.8828828828828829,1,173,0.7792792792792793
11549,1,176,0.7927927927927928,1,153,0.6891891891891891
11550,1,156,0.7027027027027027,1,133,0.5990990990990991
11551,1,136,0.6126126126126126,1,113,0.509009009009009
11552,1,116,0.5225225225225225,1,93,0.4189189189189189
11553,1,96,0.43243243243243246,1,73,0.32882882882882886
11554,1,76,0.34234234234234234,1,53,0.23873873873873874
11555,1,56,0.25225225225225223,1,33,0.14864864864864866
11556,1,36,0.16216216216216217,1,13,0.05855855855855856
11557,1,16,0.07207207207207207,0,-1,-1.0
11558,0,-1,-1.0,1,222,1.0
11559,0,-1,-1.0,1,202,0.9099099099099099
11560,1,20,0.09009009009009009,1,202,0.9099099099099099
11561,1,0,0.0,1,182,0.8198198198198198
11562,1,173,0.7792792792792793,1,162,0.7297297297297297
11563,1,153,0.6891891891891891,1,142,0.6396396396396397
11564,1,133,0.5990990990990991,1,122,0.5495495495495496
11565,1,113,0.509009009009009,1,102,0.4594594594594595
11566,1,93,0.4189189189189189,1,82,0.36936936936936937
11567,1,73,0.32882882882882886,1,62,0.27927927927927926
11568,1,53,0.23873873873873874,1,42,0.1891891891891892
11569,1,33,0.14864864864864866,1,22,0.0990990990990991
11570,1,13,0.05855855855855856,1,2,0.009009009009009009
11571,0,-1,-1.0,0,-1,-1.0
11572,0,-1,-1.0,0,-1,-1.0
11573,0,-1,-1.0,0,-1,-1.0
11574,0,-1,-1.0,0,-1,-1.0
11575,0,-1,-1.0,0,-1,-1.0
11576,0,-1,-1.0,1,213,0.9594594594594594
11577,1,204,0.918918918918919,1,193,0.8693693693693694
11578,1,184,0.8288288288288288,1,173,0.7792792792792793
11579,1,164,0.7387387387387387,1,153,0.6891891891891891
11580,1,144,0.6486486486486487,1,133,0.5990990990990991
11581,1,124,0.5585585585585585,1,113,0.509009009009009
11582,1,104,0.46846846846846846,1,93,0.4189189189189189
11583,1,84,0.3783783783783784,1,73,0.32882882882882886
11584,1,64,0.2882882882882883,1,53,0.23873873873873874
11585,1,44,0.1981981981981982,1,33,0.14864864864864866
11586,1,24,0.10810810810810811,1,13,0.05855855855855856
11587,1,4,0.018018018018018018,0,-1,-1.0
11588,0,-1,-1.0,1,217,0.9774774774774775
11589,1,208,0.9369369369369369,1,197,0.8873873873873874
11590,1,188,0.8468468468468469,1,177,0.7972972972972973
11591,1,168,0.7567567567567568,1,157,0.7072072072072072
11592,1,148,0.6666666666666666,1,137,0.6171171171171171
11593,1,128,0.5765765765765766,1,117,0.527027027027027
11594,1,108,0.4864864864864865,1,97,0.4369369369369369
11595,1,88,0.3963963963963964,1,77,0.34684684684684686
11596,1,68,0.3063063063063063,1,57,0.25675675675675674
11597,1,48,0.21621621621621623,1,37,0.16666666666666666
11598,1,28,0.12612612612612611,1,17,0.07657657657657657
11599,1,8,0.036036036036036036,0,-1,-1.0
11600,0,-1,-1.0,0,-1,-1.0
11601,0,-1,-1.0,1,212,0.954954954954955
11602,1,78,0.35135135135135137,0,-1,-1.0
11603,1,58,0.26126126126126126,0,-1,-1.0
11604,1,38,0.17117117117117117,0,-1,-1.0
11605,1,18,0.08108108108108109,1,219,0.9864864864864865
11606,0,-1,-1.0,1,199,0.8963963963963963
11607,1,219,0.9864864864864865,1,179,0.8063063063063063
11608,1,199,0.8963963963963963,1,159,0.7162162162162162
11609,1,179,0.8063063063063063,1,139,0.6261261261261262
11610,1,159,0.7162162162162162,1,119,0.536036036036036
11611,1,139,0.6261261261261262,1,99,0.44594594594594594
11612,1,119,0.536036036036036,1,79,0.35585585585585583
11613,1,99,0.44594594594594594,1,59,0.26576576576576577
11614,1,79,0.35585585585585583,1,39,0.17567567567567569
11615,1,59,0.26576576576576577,1,19,0.08558558558558559
11616,1,39,0.17567567567567569,1,205,0.9234234234234234
11617,1,19,0.08558558558558559,1,185,0.8333333333333334
11618,1,205,0.9234234234234234,1,165,0.7432432432432432
11619,1,185,0.8333333333333334,1,145,0.6531531531531531
11620,1,165,0.7432432432432432,1,125,0.5630630630630631
11621,1,145,0.6531531531531531,1,105,0.47297297297297297
11622,1,125,0.5630630630630631,1,85,0.38288288288288286
11623,1,105,0.47297297297297297,1,65,0.2927927927927928
11624,1,85,0.38288288288288286,1,45,0.20270270270270271
11625,1,65,0.2927927927927928,1,25,0.11261261261261261
11626,1,45,0.20270270270270271,1,5,0.02252252252252252
11627,1,25,0.11261261261261261,1,171,0.7702702702702703
11628,1,5,0.02252252252252252,1,151,0.6801801801801802
11629,1,171,0.7702702702702703,1,131,0.5900900900900901
11630,1,151,0.6801801801801802,1,111,0.5
11631,1,131,0.5900900900900901,1,91,0.4099099099099099
11632,1,111,0.5,1,71,0.31981981981981983
11633,1,91,0.4099099099099099,1,51,0.22972972972972974
11634,1,71,0.31981981981981983,1,31,0.13963963963963963
11635,1,51,0.22972972972972974,1,11,0.04954954954954955
11636,1,31,0.13963963963963963,0,-1,-1.0
11637,1,11,0.04954954954954955,0,-1,-1.0
11638,0,-1,-1.0,1,220,0.990990990990991
11639,1,76,0.34234234234234234,0,-1,-1.0
11640,1,56,0.25225225225225223,1,215,0.9684684684684685
11641,1,36,0.16216216216216217,1,195,0.8783783783783784
11642,1,16,0.07207207207207207,1,175,0.7882882882882883
11643,1,194,0.8738738738738738,1,155,0.6981981981981982
11644,1,174,0.7837837837837838,1,135,0.6081081081081081
11645,1,154,0.6936936936936937,1,115,0.5180180180180181
11646,1,134,0.6036036036036037,1,95,0.42792792792792794
11647,1,114,0.5135135135135135,1,75,0.33783783783783783
11648,1,94,0.42342342342342343,1,55,0.24774774774774774
11649,1,74,0.3333333333333333,1,35,0.15765765765765766
11650,1,54,0.24324324324324326,1,15,0.06756756756756757
11651,1,34,0.15315315315315314,0,-1,-1.0
11652,1,14,0.06306306306306306,0,-1,-1.0
11653,0,-1,-1.0,0,-1,-1.0
11654,0,-1,-1.0,0,-1,-1.0
11655,0,-1,-1.0,0,-1,-1.0
11656,0,-1,-1.0,0,-1,-1.0
11657,0,-1,-1.0,0,-1,-1.0
11658,0,-1,-1.0,1,212,0.954954954954955
11659,0,-1,-1.0,1,192,0.8648648648648649
11660,1,211,0.9504504504504504,1,172,0.7747747747747747
11661,1,191,0.8603603603603603,1,152,0.6846846846846847
11662,1,171,0.7702702702702703,1,132,0.5945945945945946
11663,1,151,0.6801801801801802,1,112,0.5045045045045045
11664,1,131,0.5900900900900901,1,92,0.4144144144144144
11665,1,111,0.5,1,72,0.32432432432432434
11666,1,91,0.4099099099099099,1,52,0.23423423423423423
11667,1,71,0.31981981981981983,1,32,0.14414414414414414
11668,1,51,0.22972972972972974,1,12,0.05405405405405406
11669,1,31,0.13963963963963963,1,197,0.8873873873873874
11670,1,11,0.04954954954954955,1,177,0.7972972972972973
11671,1,196,0.8828828828828829,1,157,0.7072072072072072
11672,1,176,0.7927927927927928,1,137,0.6171171171171171
11673,1,156,0.7027027027027027,1,117,0.527027027027027
11674,1,136,0.6126126126126126,1,97,0.4369369369369369
11675,1,116,0.5225225225225225,1,77,0.34684684684684686
11676,1,96,0.43243243243243246,1,57,0.25675675675675674
11677,1,76,0.34234234234234234,1,37,0.16666666666666666
11678,1,56,0.25225225225225223,1,17,0.07657657657657657
11679,1,36,0.16216216216216217,0,-1,-1.0
11680,1,16,0.07207207207207207,0,-1,-1.0
11681,0,-1,-1.0,0,-1,-1.0
11682,0,-1,-1.0,1,206,0.9279279279279279
11683,1,50,0.22522522522522523,1,216,0.972972972972973
11684,1,30,0.13513513513513514,1,196,0.8828828828828829
11685,1,10,0.04504504504504504,1,176,0.7927927927927928
11686,1,182,0.8198198198198198,1,156,0.7027027027027027
11687,1,162,0.7297297297297297,1,136,0.6126126126126126
11688,1,142,0.6396396396396397,1,116,0.5225225225225225
11689,1,122,0.5495495495495496,1,96,0.43243243243243246
11690,1,102,0.4594594594594595,1,76,0.34234234234234234
11691,1,82,0.36936936936936937,1,56,0.25225225225225223
11692,1,62,0.27927927927927926,1,36,0.16216216216216217
11693,1,42,0.1891891891891892,1,16,0.07207207207207207
11694,1,22,0.0990990990990991,0,-1,-1.0
11695,1,2,0.009009009009009009,0,-1,-1.0
11696,0,-1,-1.0,1,212,0.954954954954955
11697,1,218,0.9819819819819819,1,192,0.8648648648648649
11698,1,198,0.8918918918918919,1,172,0.7747747747747747
11699,1,178,0.8018018018018018,1,152,0.6846846846846847
11700,1,158,0.7117117117117117,1,132,0.5945945945945946
11701,1,138,0.6216216216216216,1,112,0.5045045045045045
11702,1,118,0.5315315315315315,1,92,0.4144144144144144
11703,1,98,0.44144144144144143,1,72,0.32432432432432434
11704,1,78,0.35135135135135137,1,52,0.23423423423423423
11705,1,58,0.26126126126126126,1,32,0.14414414414414414
11706,1,38,0.17117117117117117,1,12,0.05405405405405406
11707,1,18,0.08108108108108109,1,186,0.8378378378378378
11708,1,192,0.8648648648648649,1,166,0.7477477477477478
11709,1,172,0.7747747747747747,1,146,0.6576576576576577
11710,1,152,0.6846846846846847,1,126,0.5675675675675675
11711,1,132,0.5945945945945946,1,106,0.4774774774774775
11712,1,112,0.5045045045045045,1,86,0.38738738738738737
11713,1,92,0.4144144144144144,1,66,0.2972972972972973
11714,1,72,0.32432432432432434,1,46,0.2072072072072072
11715,1,52,0.23423423423423423,1,26,0.11711711711711711
11716,1,32,0.14414414414414414,1,6,0.02702702702702703
11717,1,12,0.05405405405405406,0,-1,-1.0
11718,0,-1,-1.0,0,-1,-1.0
11719,0,-1,-1.0,0,-1,-1.0
11720,0,-1,-1.0,1,222,1.0
11721,0,-1,-1.0,1,202,0.9099099099099099
11722,1,30,0.13513513513513514,1,196,0.8828828828828829
11723,1,10,0.04504504504504504,1,176,0.7927927927927928
11724,1,172,0.7747747747747747,1,156,0.7027027027027027
11725,1,152,0.6846846846846847,1,136,0.6126126126126126
11726,1,132,0.5945945945945946,1,116,0.5225225225225225
11727,1,112,0.5045045045045045,1,96,0.43243243243243246
11728,1,92,0.4144144144144144,1,76,0.34234234234234234
11729,1,72,0.32432432432432434,1,56,0.25225225225225223
11730,1,52,0.23423423423423423,1,36,0.16216216216216217
11731,1,32,0.14414414414414414,1,16,0.07207207207207207
11732,1,12,0.05405405405405406,1,194,0.8738738738738738
11733,1,190,0.8558558558558559,1,174,0.7837837837837838
11734,1,170,0.7657657657657657,1,154,0.6936936936936937
11735,1,150,0.6756756756756757,1,134,0.6036036036036037
11736,1,130,0.5855855855855856,1,114,0.5135135135135135
11737,1,110,0.4954954954954955,1,94,0.42342342342342343
11738,1,90,0.40540540540540543,1,74,0.3333333333333333
11739,1,70,0.3153153153153153,1,54,0.24324324324324326
11740,1,50,0.22522522522522523,1,34,0.15315315315315314
11741,1,30,0.13513513513513514,1,14,0.06306306306306306
11742,1,10,0.04504504504504504,0,-1,-1.0
11743,0,-1,-1.0,1,219,0.9864864864864865
11744,1,215,0.9684684684684685,1,199,0.8963963963963963
11745,1,195,0.8783783783783784,1,179,0.8063063063063063
11746,1,175,0.7882882882882883,1,159,0.7162162162162162
11747,1,155,0.6981981981981982,1,139,0.6261261261261262
11748,1,135,0.6081081081081081,1,119,0.536036036036036
11749,1,115,0.5180180180180181,1,99,0.44594594594594594
11750,1,95,0.42792792792792794,1,79,0.35585585585585583
11751,1,75,0.33783783783783783,1,59,0.26576576576576577
11752,1,55,0.24774774774774774,1,39,0.17567567567567569
11753,1,35,0.15765765765765766,1,19,0.08558558558558559
11754,1,15,0.06756756756756757,0,-1,-1.0
11755,0,-1,-1.0,0,-1,-1.0
11756,0,-1,-1.0,0,-1,-1.0
11757,0,-1,-1.0,0,-1,-1.0
11758,0,-1,-1.0,1,205,0.9234234234234234
11759,1,48,0.21621621621621623,0,-1,-1.0
11760,1,28,0.12612612612612611,0,-1,-1.0
11761,1,8,0.036036036036036036,0,-1,-1.0
11762,0,-1,-1.0,0,-1,-1.0
11763,0,-1,-1.0,0,-1,-1.0
11764,0,-1,-1.0,0,-1,-1.0
11765,0,-1,-1.0,0,-1,-1.0
11766,0,-1,-1.0,1,204,0.918918918918919
11767,1,209,0.9414414414414415,1,184,0.8288288288288288
11768,1,189,0.8513513513513513,1,164,0.7387387387387387
11769,1,169,0.7612612612612613,1,144,0.6486486486486487
11770,1,149,0.6711711711711712,1,124,0.5585585585585585
11771,1,129,0.581081081081081,1,104,0.46846846846846846
11772,1,109,0.49099099099099097,1,84,0.3783783783783784
11773,1,89,0.4009009009009009,1,64,0.2882882882882883
11774,1,69,0.3108108108108108,1,44,0.1981981981981982
11775,1,49,0.22072072072072071,1,24,0.10810810810810811
11776,1,29,0.13063063063063063,1,4,0.018018018018018018
11777,1,9,0.04054054054054054,1,203,0.9144144144144144
11778,1,208,0.9369369369369369,1,183,0.8243243243243243
11779,1,188,0.8468468468468469,1,163,0.7342342342342343
11780,1,168,0.7567567567567568,1,143,0.6441441441441441
11781,1,148,0.6666666666666666,1,123,0.5540540540540541
11782,1,128,0.5765765765765766,1,103,0.46396396396396394
11783,1,108,0.4864864864864865,1,83,0.3738738738738739
11784,1,88,0.3963963963963964,1,63,0.28378378378378377
11785,1,68,0.3063063063063063,1,43,0.19369369369369369
11786,1,48,0.21621621621621623,1,23,0.1036036036036036
11787,1,28,0.12612612612612611,1,3,0.013513513513513514
11788,1,8,0.036036036036036036,1,185,0.8333333333333334
11789,1,190,0.8558558558558559,1,165,0.7432432432432432
11790,1,170,0.7657657657657657,1,145,0.6531531531531531
11791,1,150,0.6756756756756757,1,125,0.5630630630630631
11792,1,130,0.5855855855855856,1,105,0.47297297297297297
11793,1,110,0.4954954954954955,1,85,0.38288288288288286
11794,1,90,0.40540540540540543,1,65,0.2927927927927928
11795,1,70,0.3153153153153153,1,45,0.20270270270270271
11796,1,50,0.22522522522522523,1,25,0.11261261261261261
11797,1,30,0.13513513513513514,1,5,0.02252252252252252
11798,1,10,0.04504504504504504,1,221,0.9954954954954955
11799,1,48,0.21621621621621623,0,-1,-1.0
11800,1,28,0.12612612612612611,0,-1,-1.0
11801,1,8,0.036036036036036036,1,220,0.990990990990991
11802,0,-1,-1.0,1,200,0.9009009009009009
11803,1,205,0.9234234234234234,1,180,0.8108108108108109
11804,1,185,0.8333333333333334,1,160,0.7207207207207207
11805,1,165,0.7432432432432432,1,140,0.6306306306306306
11806,1,145,0.6531531531531531,1,120,0.5405405405405406
11807,1,125,0.5630630630630631,1,100,0.45045045045045046
11808,1,105,0.47297297297297297,1,80,0.36036036036036034
11809,1,85,0.38288288288288286,1,60,0.2702702702702703
11810,1,65,0.2927927927927928,1,40,0.18018018018018017
11811,1,45,0.20270270270270271,1,20,0.09009009009009009
11812,1,25,0.11261261261261261,1,0,0.0
11813,1,5,0.02252252252252252,0,-1,-1.0
11814,0,-1,-1.0,0,-1,-1.0
11815,0,-1,-1.0,0,-1,-1.0
11816,0,-1,-1.0,1,205,0.9234234234234234
11817,1,210,0.9459459459459459,1,185,0.8333333333333334
11818,1,190,0.8558558558558559,1,165,0.7432432432432432
11819,1,170,0.7657657657657657,1,145,0.6531531531531531
11820,1,150,0.6756756756756757,1,125,0.5630630630630631
11821,1,130,0.5855855855855856,1,105,0.47297297297297297
11822,1,110,0.4954954954954955,1,85,0.38288288288288286
11823,1,90,0.40540540540540543,1,65,0.2927927927927928
11824,1,70,0.3153153153153153,1,45,0.20270270270270271
11825,1,50,0.22522522522522523,1,25,0.11261261261261261
11826,1,30,0.13513513513513514,1,5,0.02252252252252252
11827,1,10,0.04504504504504504,0,-1,-1.0
11828,0,-1,-1.0,0,-1,-1.0
11829,0,-1,-1.0,0,-1,-1.0
11830,0,-1,-1.0,1,214,0.963963963963964
11831,1,66,0.2972972972972973,0,-1,-1.0
11832,1,46,0.2072072072072072,0,-1,-1.0
11833,1,26,0.11711711711711711,0,-1,-1.0
11834,1,6,0.02702702702702703,0,-1,-1.0
11835,0,-1,-1.0,0,-1,-1.0
11836,0,-1,-1.0,1,208,0.9369369369369369
11837,1,222,1.0,1,188,0.8468468468468469
11838,1,202,0.9099099099099099,1,168,0.7567567567567568
11839,1,182,0.8198198198198198,1,148,0.6666666666666666
11840,1,162,0.7297297297297297,1,128,0.5765765765765766
11841,1,142,0.6396396396396397,1,108,0.4864864864864865
11842,1,122,0.5495495495495496,1,88,0.3963963963963964
11843,1,102,0.4594594594594595,1,68,0.3063063063063063
11844,1,82,0.36936936936936937,1,48,0.21621621621621623
11845,1,62,0.27927927927927926,1,28,0.12612612612612611
11846,1,42,0.1891891891891892,1,8,0.036036036036036036
11847,1,22,0.0990990990990991,0,-1,-1.0
11848,1,2,0.009009009009009009,0,-1,-1.0
11849,0,-1,-1.0,0,-1,-1.0
11850,0,-1,-1.0,0,-1,-1.0
11851,0,-1,-1.0,1,208,0.9369369369369369
11852,1,222,1.0,1,188,0.8468468468468469
11853,1,202,0.9099099099099099,1,168,0.7567567567567568
11854,1,182,0.8198198198198198,1,148,0.6666666666666666
11855,1,162,0.7297297297297297,1,128,0.5765765765765766
11856,1,142,0.6396396396396397,1,108,0.4864864864864865
11857,1,122,0.5495495495495496,1,88,0.3963963963963964
11858,1,102,0.4594594594594595,1,68,0.3063063063063063
11859,1,82,0.36936936936936937,1,48,0.21621621621621623
11860,1,62,0.27927927927927926,1,28,0.12612612612612611
11861,1,42,0.1891891891891892,1,8,0.036036036036036036
11862,1,22,0.0990990990990991,0,-1,-1.0
11863,1,2,0.009009009009009009,0,-1,-1.0
11864,0,-1,-1.0,0,-1,-1.0
11865,0,-1,-1.0,1,216,0.972972972972973
11866,0,-1,-1.0,1,196,0.8828828828828829
11867,1,210,0.9459459459459459,1,176,0.7927927927927928
11868,1,190,0.8558558558558559,1,156,0.7027027027027027
11869,1,170,0.7657657657657657,1,136,0.6126126126126126
11870,1,150,0.6756756756756757,1,116,0.5225225225225225
11871,1,130,0.5855855855855856,1,96,0.43243243243243246
11872,1,110,0.4954954954954955,1,76,0.34234234234234234
11873,1,90,0.40540540540540543,1,56,0.25225225225225223
11874,1,70,0.3153153153153153,1,36,0.16216216216216217
11875,1,50,0.22522522522522523,1,16,0.07207207207207207
11876,1,30,0.13513513513513514,0,-1,-1.0
11877,1,10,0.04504504504504504,0,-1,-1.0
11878,0,-1,-1.0,1,212,0.954954954954955
11879,1,24,0.10810810810810811,1,219,0.9864864864864865
11880,1,4,0.018018018018018018,1,199,0.8963963963963963
11881,1,192,0.8648648648648649,1,179,0.8063063063063063
11882,1,172,0.7747747747747747,1,159,0.7162162162162162
11883,1,152,0.6846846846846847,1,139,0.6261261261261262
11884,1,132,0.5945945945945946,1,119,0.536036036036036
11885,1,112,0.5045045045045045,1,99,0.44594594594594594
11886,1,92,0.4144144144144144,1,79,0.35585585585585583
11887,1,72,0.32432432432432434,1,59,0.26576576576576577
11888,1,52,0.23423423423423423,1,39,0.17567567567567569
11889,1,32,0.14414414414414414,1,19,0.08558558558558559
11890,1,12,0.05405405405405406,1,188,0.8468468468468469
11891,1,181,0.8153153153153153,1,168,0.7567567567567568
11892,1,161,0.7252252252252253,1,148,0.6666666666666666
11893,1,141,0.6351351351351351,1,128,0.5765765765765766
11894,1,121,0.545045045045045,1,108,0.4864864864864865
11895,1,101,0.45495495495495497,1,88,0.3963963963963964
11896,1,81,0.36486486486486486,1,68,0.3063063063063063
11897,1,61,0.2747747747747748,1,48,0.21621621621621623
11898,1,41,0.18468468468468469,1,28,0.12612612612612611
11899,1,21,0.0945945945945946,1,8,0.036036036036036036
11900,1,1,0.0045045045045045045,0,-1,-1.0
11901,0,-1,-1.0,0,-1,-1.0
11902,0,-1,-1.0,0,-1,-1.0
11903,0,-1,-1.0,0,-1,-1.0
11904,0,-1,-1.0,1,212,0.954954954954955
11905,0,-1,-1.0,1,192,0.8648648648648649
11906,1,42,0.1891891891891892,0,-1,-1.0
11907,1,22,0.0990990990990991,1,203,0.9144144144144144
11908,1,2,0.009009009009009009,1,183,0.8243243243243243
11909,1,185,0.8333333333333334,1,163,0.7342342342342343
11910,1,165,0.7432432432432432,1,143,0.6441441441441441
11911,1,145,0.6531531531531531,1,123,0.5540540540540541
11912,1,125,0.5630630630630631,1,103,0.46396396396396394
11913,1,105,0.47297297297297297,1,83,0.3738738738738739
11914,1,85,0.38288288288288286,1,63,0.28378378378378377
11915,1,65,0.2927927927927928,1,43,0.19369369369369369
11916,1,45,0.20270270270270271,1,23,0.1036036036036036
11917,1,25,0.11261261261261261,1,3,0.013513513513513514
11918,1,5,0.02252252252252252,1,202,0.9099099099099099
11919,1,204,0.918918918918919,1,182,0.8198198198198198
11920,1,184,0.8288288288288288,1,162,0.7297297297297297
11921,1,164,0.7387387387387387,1,142,0.6396396396396397
11922,1,144,0.6486486486486487,1,122,0.5495495495495496
11923,1,124,0.5585585585585585,1,102,0.4594594594594595
11924,1,104,0.46846846846846846,1,82,0.36936936936936937
11925,1,84,0.3783783783783784,1,62,0.27927927927927926
11926,1,64,0.2882882882882883,1,42,0.1891891891891892
11927,1,44,0.1981981981981982,1,22,0.0990990990990991
11928,1,24,0.10810810810810811,1,2,0.009009009009009009
11929,1,30,0.13513513513513514,1,191,0.8603603603603603
11930,1,10,0.04504504504504504,1,171,0.7702702702702703
11931,1,167,0.7522522522522522,1,151,0.6801801801801802
11932,1,147,0.6621621621621622,1,131,0.5900900900900901
11933,1,127,0.5720720720720721,1,111,0.5
11934,1,107,0.481981981981982,1,91,0.4099099099099099
11935,1,87,0.3918918918918919,1,71,0.31981981981981983
11936,1,67,0.30180180180180183,1,51,0.22972972972972974
11937,1,47,0.21171171171171171,1,31,0.13963963963963963
11938,1,27,0.12162162162162163,1,11,0.04954954954954955
11939,1,7,0.03153153153153153,0,-1,-1.0
11940,0,-1,-1.0,1,207,0.9324324324324325
11941,1,203,0.9144144144144144,1,187,0.8423423423423423
11942,1,183,0.8243243243243243,1,167,0.7522522522522522
11943,1,163,0.7342342342342343,1,147,0.6621621621621622
11944,1,143,0.6441441441441441,1,127,0.5720720720720721
11945,1,123,0.5540540540540541,1,107,0.481981981981982
11946,1,103,0.46396396396396394,1,87,0.3918918918918919
11947,1,83,0.3738738738738739,1,67,0.30180180180180183
11948,1,63,0.28378378378378377,1,47,0.21171171171171171
11949,1,43,0.19369369369369369,1,27,0.12162162162162163
11950,1,23,0.1036036036036036,1,7,0.03153153153153153
11951,1,3,0.013513513513513514,0,-1,-1.0
11952,0,-1,-1.0,0,-1,-1.0
11953,0,-1,-1.0,0,-1,-1.0
11954,0,-1,-1.0,1,207,0.9324324324324325
11955,1,203,0.9144144144144144,1,187,0.8423423423423423
11956,1,183,0.8243243243243243,1,167,0.7522522522522522
11957,1,163,0.7342342342342343,1,147,0.6621621621621622
11958,1,143,0.6441441441441441,1,127,0.5720720720720721
11959,1,123,0.5540540540540541,1,107,0.481981981981982
11960,1,103,0.46396396396396394,1,87,0.3918918918918919
11961,1,83,0.3738738738738739,1,67,0.30180180180180183
11962,1,63,0.28378378378378377,1,47,0.21171171171171171
11963,1,46,0.2072072072072072,0,-1,-1.0
11964,1,26,0.11711711711711711,0,-1,-1.0
11965,1,6,0.02702702702702703,0,-1,-1.0
11966,0,-1,-1.0,0,-1,-1.0
11967,0,-1,-1.0,0,-1,-1.0
11968,0,-1,-1.0,1,213,0.9594594594594594
11969,1,217,0.9774774774774775,1,193,0.8693693693693694
11970,1,197,0.8873873873873874,1,173,0.7792792792792793
11971,1,177,0.7972972972972973,1,153,0.6891891891891891
11972,1,157,0.7072072072072072,1,133,0.5990990990990991
11973,1,137,0.6171171171171171,1,113,0.509009009009009
11974,1,117,0.527027027027027,1,93,0.4189189189189189
11975,1,97,0.4369369369369369,1,73,0.32882882882882886
11976,1,77,0.34684684684684686,1,53,0.23873873873873874
11977,1,57,0.25675675675675674,1,33,0.14864864864864866
11978,1,37,0.16666666666666666,1,13,0.05855855855855856
11979,1,17,0.07657657657657657,1,166,0.7477477477477478
11980,1,170,0.7657657657657657,1,146,0.6576576576576577
11981,1,150,0.6756756756756757,1,126,0.5675675675675675
11982,1,130,0.5855855855855856,1,106,0.4774774774774775
11983,1,110,0.4954954954954955,1,86,0.38738738738738737
11984,1,90,0.40540540540540543,1,66,0.2972972972972973
11985,1,70,0.3153153153153153,1,46,0.2072072072072072
11986,1,50,0.22522522522522523,1,26,0.11711711711711711
11987,1,30,0.13513513513513514,1,6,0.02702702702702703
11988,1,10,0.04504504504504504,0,-1,-1.0
11989,0,-1,-1.0,0,-1,-1.0
11990,0,-1,-1.0,0,-1,-1.0
11991,0,-1,-1.0,0,-1,-1.0
11992,0,-1,-1.0,1,210,0.9459459459459459
11993,1,214,0.963963963963964,1,190,0.8558558558558559
11994,1,194,0.8738738738738738,1,170,0.7657657657657657
11995,1,174,0.7837837837837838,1,150,0.6756756756756757
11996,1,154,0.6936936936936937,1,130,0.5855855855855856
11997,1,134,0.6036036036036037,1,110,0.4954954954954955
11998,1,114,0.5135135135135135,1,90,0.40540540540540543
11999,1,94,0.42342342342342343,1,70,0.3153153153153153
12000,1,74,0.3333333333333333,1,50,0.22522522522522523
12001,1,54,0.24324324324324326,1,30,0.13513513513513514
12002,1,34,0.15315315315315314,1,10,0.04504504504504504
12003,1,14,0.06306306306306306,0,-1,-1.0
12004,0,-1,-1.0,0,-1,-1.0
12005,0,-1,-1.0,0,-1,-1.0
12006,0,-1,-1.0,0,-1,-1.0
12007,0,-1,-1.0,1,204,0.918918918918919
12008,0,-1,-1.0,1,184,0.8288288288288288
12009,1,24,0.10810810810810811,1,200,0.9009009009009009
12010,1,4,0.018018018018018018,1,180,0.8108108108108109
12011,1,173,0.7792792792792793,1,160,0.7207207207207207
12012,1,153,0.6891891891891891,1,140,0.6306306306306306
12013,1,133,0.5990990990990991,1,120,0.5405405405405406
12014,1,113,0.509009009009009,1,100,0.45045045045045046
12015,1,93,0.4189189189189189,1,80,0.36036036036036034
12016,1,73,0.32882882882882886,1,60,0.2702702702702703
12017,1,53,0.23873873873873874,1,40,0.18018018018018017
12018,1,33,0.14864864864864866,1,20,0.09009009009009009
12019,1,13,0.05855855855855856,1,0,0.0
12020,0,-1,-1.0,0,-1,-1.0
12021,0,-1,-1.0,0,-1,-1.0
12022,1,217,0.9774774774774775,1,204,0.918918918918919
12023,1,197,0.8873873873873874,1,184,0.8288288288288288
12024,1,177,0.7972972972972973,1,164,0.7387387387387387
12025,1,157,0.7072072072072072,1,144,0.6486486486486487
12026,1,137,0.6171171171171171,1,124,0.5585585585585585
12027,1,117,0.527027027027027,1,104,0.46846846846846846
12028,1,97,0.4369369369369369,1,84,0.3783783783783784
12029,1,77,0.34684684684684686,1,64,0.2882882882882883
12030,1,57,0.25675675675675674,1,44,0.1981981981981982
12031,1,37,0.16666666666666666,1,24,0.10810810810810811
12032,1,17,0.07657657657657657,1,4,0.018018018018018018
12033,1,44,0.1981981981981982,0,-1,-1.0
12034,1,24,0.10810810810810811,0,-1,-1.0
12035,1,4,0.018018018018018018,0,-1,-1.0
12036,0,-1,-1.0,0,-1,-1.0
12037,0,-1,-1.0,1,208,0.9369369369369369
12038,1,211,0.9504504504504504,1,188,0.8468468468468469
12039,1,191,0.8603603603603603,1,168,0.7567567567567568
12040,1,171,0.7702702702702703,1,148,0.6666666666666666
12041,1,151,0.6801801801801802,1,128,0.5765765765765766
12042,1,131,0.5900900900900901,1,108,0.4864864864864865
12043,1,111,0.5,1,88,0.3963963963963964
12044,1,91,0.4099099099099099,1,68,0.3063063063063063
12045,1,71,0.31981981981981983,1,48,0.21621621621621623
12046,1,51,0.22972972972972974,1,28,0.12612612612612611
12047,1,31,0.13963963963963963,1,8,0.036036036036036036
12048,1,11,0.04954954954954955,0,-1,-1.0
12049,0,-1,-1.0,1,216,0.972972972972973
12050,1,219,0.9864864864864865,1,196,0.8828828828828829
12051,1,199,0.8963963963963963,1,176,0.7927927927927928
12052,1,179,0.8063063063063063,1,156,0.7027027027027027
12053,1,159,0.7162162162162162,1,136,0.6126126126126126
12054,1,139,0.6261261261261262,1,116,0.5225225225225225
12055,1,119,0.536036036036036,1,96,0.43243243243243246
12056,1,99,0.44594594594594594,1,76,0.34234234234234234
12057,1,79,0.35585585585585583,1,56,0.25225225225225223
12058,1,59,0.26576576576576577,1,36,0.16216216216216217
12059,1,39,0.17567567567567569,1,16,0.07207207207207207
12060,1,19,0.08558558558558559,1,202,0.9099099099099099
12061,1,205,0.9234234234234234,1,182,0.8198198198198198
12062,1,185,0.8333333333333334,1,162,0.7297297297297297
12063,1,165,0.7432432432432432,1,142,0.6396396396396397
12064,1,145,0.6531531531531531,1,122,0.5495495495495496
12065,1,125,0.5630630630630631,1,102,0.4594594594594595
12066,1,105,0.47297297297297297,1,82,0.36936936936936937
12067,1,85,0.38288288288288286,1,62,0.27927927927927926
12068,1,65,0.2927927927927928,1,42,0.1891891891891892
12069,1,45,0.20270270270270271,1,22,0.0990990990990991
12070,1,25,0.11261261261261261,1,2,0.009009009009009009
12071,1,5,0.02252252252252252,0,-1,-1.0
12072,0,-1,-1.0,0,-1,-1.0
12073,0,-1,-1.0,0,-1,-1.0
12074,0,-1,-1.0,0,-1,-1.0
12075,0,-1,-1.0,0,-1,-1.0
12076,0,-1,-1.0,1,217,0.9774774774774775
12077,0,-1,-1.0,1,197,0.8873873873873874
12078,1,20,0.09009009009009009,1,202,0.9099099099099099
12079,1,0,0.0,1,182,0.8198198198198198
12080,1,173,0.7792792792792793,1,162,0.7297297297297297
12081,1,153,0.6891891891891891,1,142,0.6396396396396397
12082,1,133,0.5990990990990991,1,122,0.5495495495495496
12083,1,113,0.509009009009009,1,102,0.4594594594594595
12084,1,93,0.4189189189189189,1,82,0.36936936936936937
12085,1,73,0.32882882882882886,1,62,0.27927927927927926
12086,1,53,0.23873873873873874,1,42,0.1891891891891892
12087,1,33,0.14864864864864866,1,22,0.0990990990990991
12088,1,13,0.05855855855855856,1,2,0.009009009009009009
12089,1,183,0.8243243243243243,1,172,0.7747747747747747
12090,1,163,0.7342342342342343,1,152,0.6846846846846847
12091,1,143,0.6441441441441441,1,132,0.5945945945945946
12092,1,123,0.5540540540540541,1,112,0.5045045045045045
12093,1,103,0.46396396396396394,1,92,0.4144144144144144
12094,1,83,0.3738738738738739,1,72,0.32432432432432434
12095,1,63,0.28378378378378377,1,52,0.23423423423423423
12096,1,88,0.3963963963963964,0,-1,-1.0
12097,1,68,0.3063063063063063,0,-1,-1.0
12098,1,48,0.21621621621621623,0,-1,-1.0
12099,1,28,0.12612612612612611,0,-1,-1.0
12100,1,8,0.036036036036036036,0,-1,-1.0
12101,0,-1,-1.0,0,-1,-1.0
12102,0,-1,-1.0,0,-1,-1.0
12103,0,-1,-1.0,0,-1,-1.0
12104,0,-1,-1.0,0,-1,-1.0
12105,0,-1,-1.0,1,215,0.9684684684684685
12106,0,-1,-1.0,1,195,0.8783783783783784
12107,1,220,0.990990990990991,1,175,0.7882882882882883
12108,1,200,0.9009009009009009,1,155,0.6981981981981982
12109,1,180,0.8108108108108109,1,135,0.6081081081081081
12110,1,160,0.7207207207207207,1,115,0.5180180180180181
12111,1,140,0.6306306306306306,1,95,0.42792792792792794
12112,1,120,0.5405405405405406,1,75,0.33783783783783783
12113,1,100,0.45045045045045046,1,55,0.24774774774774774
12114,1,80,0.36036036036036034,1,35,0.15765765765765766
12115,1,60,0.2702702702702703,1,15,0.06756756756756757
12116,1,40,0.18018018018018017,0,-1,-1.0
12117,1,20,0.09009009009009009,0,-1,-1.0
12118,1,0,0.0,0,-1,-1.0
12119,0,-1,-1.0,0,-1,-1.0
12120,0,-1,-1.0,1,220,0.990990990990991
12121,0,-1,-1.0,1,200,0.9009009009009009
12122,0,-1,-1.0,1,180,0.8108108108108109
12123,1,205,0.9234234234234234,1,160,0.7207207207207207
12124,1,185,0.8333333333333334,1,140,0.6306306306306306
12125,1,165,0.7432432432432432,1,120,0.5405405405405406
12126,1,145,0.6531531531531531,1,100,0.45045045045045046
12127,1,125,0.5630630630630631,1,80,0.36036036036036034
12128,1,105,0.47297297297297297,1,60,0.2702702702702703
12129,1,85,0.38288288288288286,1,40,0.18018018018018017
12130,1,65,0.2927927927927928,1,20,0.09009009009009009
12131,1,45,0.20270270270270271,1,0,0.0
12132,1,25,0.11261261261261261,1,189,0.8513513513513513
12133,1,5,0.02252252252252252,1,169,0.7612612612612613
12134,1,194,0.8738738738738738,1,149,0.6711711711711712
12135,1,174,0.7837837837837838,1,129,0.581081081081081
12136,1,154,0.6936936936936937,1,109,0.49099099099099097
12137,1,134,0.6036036036036037,1,89,0.4009009009009009
12138,1,114,0.5135135135135135,1,69,0.3108108108108108
12139,1,94,0.42342342342342343,1,49,0.22072072072072071
12140,1,74,0.3333333333333333,1,29,0.13063063063063063
12141,1,54,0.24324324324324326,1,9,0.04054054054054054
12142,1,34,0.15315315315315314,0,-1,-1.0
12143,1,14,0.06306306306306306,0,-1,-1.0
12144,0,-1,-1.0,0,-1,-1.0
12145,0,-1,-1.0,0,-1,-1.0
12146,0,-1,-1.0,0,-1,-1.0
12147,0,-1,-1.0,1,204,0.918918918918919
12148,1,80,0.36036036036036034,0,-1,-1.0
12149,1,60,0.2702702702702703,0,-1,-1.0
12150,1,40,0.18018018018018017,0,-1,-1.0
12151,1,20,0.09009009009009009,0,-1,-1.0
12152,1,0,0.0,1,214,0.963963963963964
12153,0,-1,-1.0,1,194,0.8738738738738738
12154,1,215,0.9684684684684685,1,174,0.7837837837837838
12155,1,195,0.8783783783783784,1,154,0.6936936936936937
12156,1,175,0.7882882882882883,1,134,0.6036036036036037
12157,1,155,0.6981981981981982,1,114,0.5135135135135135
12158,1,135,0.6081081081081081,1,94,0.42342342342342343
12159,1,115,0.5180180180180181,1,74,0.3333333333333333
12160,1,95,0.42792792792792794,1,54,0.24324324324324326
12161,1,75,0.33783783783783783,1,34,0.15315315315315314
12162,1,55,0.24774774774774774,1,14,0.06306306306306306
12163,1,35,0.15765765765765766,0,-1,-1.0
12164,1,15,0.06756756756756757,0,-1,-1.0
12165,0,-1,-1.0,0,-1,-1.0
12166,0,-1,-1.0,0,-1,-1.0
12167,0,-1,-1.0,1,206,0.9279279279279279
12168,0,-1,-1.0,1,186,0.8378378378378378
12169,1,207,0.9324324324324325,1,166,0.7477477477477478
12170,1,187,0.8423423423423423,1,146,0.6576576576576577
12171,1,167,0.7522522522522522,1,126,0.5675675675675675
12172,1,147,0.6621621621621622,1,106,0.4774774774774775
12173,1,127,0.5720720720720721,1,86,0.38738738738738737
12174,1,107,0.481981981981982,1,66,0.2972972972972973
12175,1,87,0.3918918918918919,1,46,0.2072072072072072
12176,1,67,0.30180180180180183,1,26,0.11711711711711711
12177,1,47,0.21171171171171171,1,6,0.02702702702702703
12178,1,27,0.12162162162162163,1,217,0.9774774774774775
12179,1,7,0.03153153153153153,1,197,0.8873873873873874
12180,1,20,0.09009009009009009,0,-1,-1.0
12181,1,0,0.0,0,-1,-1.0
12182,0,-1,-1.0,1,219,0.9864864864864865
12183,1,210,0.9459459459459459,1,199,0.8963963963963963
12184,1,190,0.8558558558558559,1,179,0.8063063063063063
12185,1,170,0.7657657657657657,1,159,0.7162162162162162
12186,1,150,0.6756756756756757,1,139,0.6261261261261262
12187,1,130,0.5855855855855856,1,119,0.536036036036036
12188,1,110,0.4954954954954955,1,99,0.44594594594594594
12189,1,90,0.40540540540540543,1,79,0.35585585585585583
12190,1,70,0.3153153153153153,1,59,0.26576576576576577
12191,1,50,0.22522522522522523,1,39,0.17567567567567569
12192,1,30,0.13513513513513514,1,19,0.08558558558558559
12193,1,10,0.04504504504504504,1,191,0.8603603603603603
12194,1,182,0.8198198198198198,1,171,0.7702702702702703
12195,1,162,0.7297297297297297,1,151,0.6801801801801802
12196,1,142,0.6396396396396397,1,131,0.5900900900900901
12197,1,122,0.5495495495495496,1,111,0.5
12198,1,102,0.4594594594594595,1,91,0.4099099099099099
12199,1,82,0.36936936936936937,1,71,0.31981981981981983
12200,1,62,0.27927927927927926,1,51,0.22972972972972974
12201,1,42,0.1891891891891892,1,31,0.13963963963963963
12202,1,22,0.0990990990990991,1,11,0.04954954954954955
12203,1,2,0.009009009009009009,0,-1,-1.0
12204,0,-1,-1.0,0,-1,-1.0
12205,1,76,0.34234234234234234,0,-1,-1.0
12206,1,56,0.25225225225225223,1,217,0.9774774774774775
12207,1,36,0.16216216216216217,1,197,0.8873873873873874
12208,1,16,0.07207207207207207,1,177,0.7972972972972973
12209,1,196,0.8828828828828829,1,157,0.7072072072072072
12210,1,176,0.7927927927927928,1,137,0.6171171171171171
12211,1,156,0.7027027027027027,1,117,0.527027027027027
12212,1,136,0.6126126126126126,1,97,0.4369369369369369
12213,1,116,0.5225225225225225,1,77,0.34684684684684686
12214,1,96,0.43243243243243246,1,57,0.25675675675675674
12215,1,76,0.34234234234234234,1,37,0.16666666666666666
12216,1,56,0.25225225225225223,1,17,0.07657657657657657
12217,1,36,0.16216216216216217,0,-1,-1.0
12218,1,16,0.07207207207207207,0,-1,-1.0
12219,0,-1,-1.0,0,-1,-1.0
12220,0,-1,-1.0,0,-1,-1.0
12221,0,-1,-1.0,0,-1,-1.0
12222,0,-1,-1.0,0,-1,-1.0
12223,0,-1,-1.0,0,-1,-1.0
12224,0,-1,-1.0,1,208,0.9369369369369369
12225,0,-1,-1.0,1,188,0.8468468468468469
12226,1,207,0.9324324324324325,1,168,0.7567567567567568
12227,1,187,0.8423423423423423,1,148,0.6666666666666666
12228,1,167,0.7522522522522522,1,128,0.5765765765765766
12229,1,147,0.6621621621621622,1,108,0.4864864864864865
12230,1,127,0.5720720720720721,1,88,0.3963963963963964
12231,1,107,0.481981981981982,1,68,0.3063063063063063
12232,1,87,0.3918918918918919,1,48,0.21621621621621623
12233,1,67,0.30180180180180183,1,28,0.12612612612612611
12234,1,47,0.21171171171171171,1,8,0.036036036036036036
12235,1,27,0.12162162162162163,1,189,0.8513513513513513
12236,1,7,0.03153153153153153,1,169,0.7612612612612613
12237,1,188,0.8468468468468469,1,149,0.6711711711711712
12238,1,168,0.7567567567567568,1,129,0.581081081081081
12239,1,148,0.6666666666666666,1,109,0.49099099099099097
12240,1,128,0.5765765765765766,1,89,0.4009009009009009
12241,1,108,0.4864864864864865,1,69,0.3108108108108108
12242,1,88,0.3963963963963964,1,49,0.22072072072072071
12243,1,68,0.3063063063063063,1,29,0.13063063063063063
12244,1,48,0.21621621621621623,1,9,0.04054054054054054
12245,1,28,0.12612612612612611,0,-1,-1.0
12246,1,8,0.036036036036036036,0,-1,-1.0
12247,0,-1,-1.0,0,-1,-1.0
12248,0,-1,-1.0,0,-1,-1.0
12249,0,-1,-1.0,1,206,0.9279279279279279
12250,0,-1,-1.0,1,186,0.8378378378378378
12251,1,68,0.3063063063063063,0,-1,-1.0
12252,1,48,0.21621621621621623,0,-1,-1.0
12253,1,28,0.12612612612612611,0,-1,-1.0
12254,1,8,0.036036036036036036,0,-1,-1.0
12255,0,-1,-1.0,1,206,0.9279279279279279
12256,1,221,0.9954954954954955,1,186,0.8378378378378378
12257,1,201,0.9054054054054054,1,166,0.7477477477477478
12258,1,181,0.8153153153153153,1,146,0.6576576576576577
12259,1,161,0.7252252252252253,1,126,0.5675675675675675
12260,1,141,0.6351351351351351,1,106,0.4774774774774775
12261,1,121,0.545045045045045,1,86,0.38738738738738737
12262,1,101,0.45495495495495497,1,66,0.2972972972972973
12263,1,81,0.36486486486486486,1,46,0.2072072072072072
12264,1,61,0.2747747747747748,1,26,0.11711711711711711
12265,1,41,0.18468468468468469,1,6,0.02702702702702703
12266,1,21,0.0945945945945946,0,-1,-1.0
12267,1,1,0.0045045045045045045,0,-1,-1.0
12268,0,-1,-1.0,0,-1,-1.0
12269,0,-1,-1.0,0,-1,-1.0
12270,0,-1,-1.0,0,-1,-1.0
12271,0,-1,-1.0,1,216,0.972972972972973
12272,0,-1,-1.0,1,196,0.8828828828828829
12273,1,211,0.9504504504504504,1,176,0.7927927927927928
12274,1,191,0.8603603603603603,1,156,0.7027027027027027
12275,1,171,0.7702702702702703,1,136,0.6126126126126126
12276,1,151,0.6801801801801802,1,116,0.5225225225225225
12277,1,131,0.5900900900900901,1,96,0.43243243243243246
12278,1,111,0.5,1,76,0.34234234234234234
12279,1,91,0.4099099099099099,1,56,0.25225225225225223
12280,1,71,0.31981981981981983,1,36,0.16216216216216217
12281,1,51,0.22972972972972974,1,16,0.07207207207207207
12282,1,31,0.13963963963963963,1,166,0.7477477477477478
12283,1,11,0.04954954954954955,1,146,0.6576576576576577
12284,1,161,0.7252252252252253,1,126,0.5675675675675675
12285,1,141,0.6351351351351351,1,106,0.4774774774774775
12286,1,121,0.545045045045045,1,86,0.38738738738738737
12287,1,101,0.45495495495495497,1,66,0.2972972972972973
12288,1,81,0.36486486486486486,1,46,0.2072072072072072
12289,1,61,0.2747747747747748,1,26,0.11711711711711711
12290,1,41,0.18468468468468469,1,6,0.02702702702702703
12291,1,21,0.0945945945945946,1,187,0.8423423423423423
12292,1,30,0.13513513513513514,0,-1,-1.0
12293,1,10,0.04504504504504504,0,-1,-1.0
12294,0,-1,-1.0,0,-1,-1.0
12295,0,-1,-1.0,0,-1,-1.0
12296,0,-1,-1.0,0,-1,-1.0
12297,0,-1,-1.0,1,214,0.963963963963964
12298,1,210,0.9459459459459459,1,194,0.8738738738738738
12299,1,190,0.8558558558558559,1,174,0.7837837837837838
12300,1,170,0.7657657657657657,1,154,0.6936936936936937
12301,1,150,0.6756756756756757,1,134,0.6036036036036037
12302,1,130,0.5855855855855856,1,114,0.5135135135135135
12303,1,110,0.4954954954954955,1,94,0.42342342342342343
12304,1,90,0.40540540540540543,1,74,0.3333333333333333
12305,1,70,0.3153153153153153,1,54,0.24324324324324326
12306,1,50,0.22522522522522523,1,34,0.15315315315315314
12307,1,30,0.13513513513513514,1,14,0.06306306306306306
12308,1,10,0.04504504504504504,0,-1,-1.0
12309,0,-1,-1.0,1,216,0.972972972972973
12310,1,212,0.954954954954955,1,196,0.8828828828828829
12311,1,192,0.8648648648648649,1,176,0.7927927927927928
12312,1,172,0.7747747747747747,1,156,0.7027027027027027
12313,1,152,0.6846846846846847,1,136,0.6126126126126126
12314,1,132,0.5945945945945946,1,116,0.5225225225225225
12315,1,112,0.5045045045045045,1,96,0.43243243243243246
12316,1,92,0.4144144144144144,1,76,0.34234234234234234
12317,1,72,0.32432432432432434,1,56,0.25225225225225223
12318,1,52,0.23423423423423423,1,36,0.16216216216216217
12319,1,32,0.14414414414414414,1,16,0.07207207207207207
12320,1,12,0.05405405405405406,1,220,0.990990990990991
12321,0,-1,-1.0,1,200,0.9009009009009009
12322,1,28,0.12612612612612611,0,-1,-1.0
12323,1,8,0.036036036036036036,0,-1,-1.0
12324,0,-1,-1.0,0,-1,-1.0
12325,0,-1,-1.0,0,-1,-1.0
12326,0,-1,-1.0,0,-1,-1.0
12327,0,-1,-1.0,1,208,0.9369369369369369
12328,1,203,0.9144144144144144,1,188,0.8468468468468469
12329,1,183,0.8243243243243243,1,168,0.7567567567567568
12330,1,163,0.7342342342342343,1,148,0.6666666666666666
12331,1,143,0.6441441441441441,1,128,0.5765765765765766
12332,1,123,0.5540540540540541,1,108,0.4864864864864865
12333,1,103,0.46396396396396394,1,88,0.3963963963963964
12334,1,83,0.3738738738738739,1,68,0.3063063063063063
12335,1,63,0.28378378378378377,1,48,0.21621621621621623
12336,1,43,0.19369369369369369,1,28,0.12612612612612611
12337,1,23,0.1036036036036036,1,8,0.036036036036036036
12338,1,3,0.013513513513513514,0,-1,-1.0
12339,0,-1,-1.0,0,-1,-1.0
12340,0,-1,-1.0,0,-1,-1.0
12341,0,-1,-1.0,0,-1,-1.0
12342,1,220,0.990990990990991,1,205,0.9234234234234234
12343,1,200,0.9009009009009009,1,185,0.8333333333333334
12344,1,180,0.8108108108108109,1,165,0.7432432432432432
12345,1,160,0.7207207207207207,1,145,0.6531531531531531
12346,1,140,0.6306306306306306,1,125,0.5630630630630631
12347,1,120,0.5405405405405406,1,105,0.47297297297297297
12348,1,100,0.45045045045045046,1,85,0.38288288288288286
12349,1,80,0.36036036036036034,1,65,0.2927927927927928
12350,1,60,0.2702702702702703,1,45,0.20270270270270271
12351,1,40,0.18018018018018017,1,25,0.11261261261261261
12352,1,20,0.09009009009009009,1,5,0.02252252252252252
12353,1,0,0.0,0,-1,-1.0
12354,1,20,0.09009009009009009,1,207,0.9324324324324325
12355,1,0,0.0,1,187,0.8423423423423423
12356,1,178,0.8018018018018018,1,167,0.7522522522522522
12357,1,158,0.7117117117117117,1,147,0.6621621621621622
12358,1,138,0.6216216216216216,1,127,0.5720720720720721
12359,1,118,0.5315315315315315,1,107,0.481981981981982
12360,1,98,0.44144144144144143,1,87,0.3918918918918919
12361,1,78,0.35135135135135137,1,67,0.30180180180180183
12362,1,58,0.26126126126126126,1,47,0.21171171171171171
12363,1,38,0.17117117117117117,1,27,0.12162162162162163
12364,1,18,0.08108108108108109,1,7,0.03153153153153153
12365,0,-1,-1.0,0,-1,-1.0
12366,0,-1,-1.0,0,-1,-1.0
12367,0,-1,-1.0,0,-1,-1.0
12368,0,-1,-1.0,1,220,0.990990990990991
12369,1,211,0.9504504504504504,1,200,0.9009009009009009
12370,1,191,0.8603603603603603,1,180,0.8108108108108109
12371,1,171,0.7702702702702703,1,160,0.7207207207207207
12372,1,151,0.6801801801801802,1,140,0.6306306306306306
12373,1,131,0.5900900900900901,1,120,0.5405405405405406
12374,1,111,0.5,1,100,0.45045045045045046
12375,1,91,0.4099099099099099,1,80,0.36036036036036034
12376,1,71,0.31981981981981983,1,60,0.2702702702702703
12377,1,51,0.22972972972972974,1,40,0.18018018018018017
12378,1,31,0.13963963963963963,1,20,0.09009009009009009
12379,1,11,0.04954954954954955,1,0,0.0
12380,1,157,0.7072072072072072,1,146,0.6576576576576577
12381,1,137,0.6171171171171171,1,126,0.5675675675675675
12382,1,117,0.527027027027027,1,106,0.4774774774774775
12383,1,97,0.4369369369369369,1,86,0.38738738738738737
12384,1,77,0.34684684684684686,1,66,0.2972972972972973
12385,1,57,0.25675675675675674,1,46,0.2072072072072072
12386,1,37,0.16666666666666666,1,26,0.11711711711711711
12387,1,20,0.09009009009009009,0,-1,-1.0
12388,1,0,0.0,0,-1,-1.0
12389,0,-1,-1.0,0,-1,-1.0
12390,1,216,0.972972972972973,1,205,0.9234234234234234
12391,1,196,0.8828828828828829,1,185,0.8333333333333334
12392,1,176,0.7927927927927928,1,165,0.7432432432432432
12393,1,156,0.7027027027027027,1,145,0.6531531531531531
12394,1,136,0.6126126126126126,1,125,0.5630630630630631
12395,1,116,0.5225225225225225,1,105,0.47297297297297297
12396,1,96,0.43243243243243246,1,85,0.38288288288288286
12397,1,76,0.34234234234234234,1,65,0.2927927927927928
12398,1,56,0.25225225225225223,1,45,0.20270270270270271
12399,1,36,0.16216216216216217,1,25,0.11261261261261261
12400,1,16,0.07207207207207207,1,5,0.02252252252252252
12401,0,-1,-1.0,1,219,0.9864864864864865
12402,1,210,0.9459459459459459,1,199,0.8963963963963963
12403,1,190,0.8558558558558559,1,179,0.8063063063063063
12404,1,170,0.7657657657657657,1,159,0.7162162162162162
12405,1,150,0.6756756756756757,1,139,0.6261261261261262
12406,1,130,0.5855855855855856,1,119,0.536036036036036
12407,1,110,0.4954954954954955,1,99,0.44594594594594594
12408,1,90,0.40540540540540543,1,79,0.35585585585585583
12409,1,70,0.3153153153153153,1,59,0.26576576576576577
12410,1,50,0.22522522522522523,1,39,0.17567567567567569
12411,1,30,0.13513513513513514,1,19,0.08558558558558559
12412,1,10,0.04504504504504504,1,166,0.7477477477477478
12413,1,157,0.7072072072072072,1,146,0.6576576576576577
12414,1,137,0.6171171171171171,1,126,0.5675675675675675
12415,1,117,0.527027027027027,1,106,0.4774774774774775
12416,1,97,0.4369369369369369,1,86,0.38738738738738737
12417,1,77,0.34684684684684686,1,66,0.2972972972972973
12418,1,57,0.25675675675675674,1,46,0.2072072072072072
12419,1,37,0.16666666666666666,1,26,0.11711711711711711
12420,1,17,0.07657657657657657,1,6,0.02702702702702703
12421,0,-1,-1.0,1,211,0.9504504504504504
12422,1,44,0.1981981981981982,0,-1,-1.0
12423,1,24,0.10810810810810811,0,-1,-1.0
12424,1,4,0.018018018018018018,0,-1,-1.0
12425,0,-1,-1.0,1,217,0.9774774774774775
12426,1,220,0.990990990990991,1,197,0.8873873873873874
12427,1,200,0.9009009009009009,1,177,0.7972972972972973
12428,1,180,0.8108108108108109,1,157,0.7072072072072072
12429,1,160,0.7207207207207207,1,137,0.6171171171171171
12430,1,140,0.6306306306306306,1,117,0.527027027027027
12431,1,120,0.5405405405405406,1,97,0.4369369369369369
12432,1,100,0.45045045045045046,1,77,0.34684684684684686
12433,1,80,0.36036036036036034,1,57,0.25675675675675674
12434,1,60,0.2702702702702703,1,37,0.16666666666666666
12435,1,40,0.18018018018018017,1,17,0.07657657657657657
12436,1,20,0.09009009009009009,1,203,0.9144144144144144
12437,1,0,0.0,1,183,0.8243243243243243
12438,1,186,0.8378378378378378,1,163,0.7342342342342343
12439,1,166,0.7477477477477478,1,143,0.6441441441441441
12440,1,146,0.6576576576576577,1,123,0.5540540540540541
12441,1,126,0.5675675675675675,1,103,0.46396396396396394
12442,1,106,0.4774774774774775,1,83,0.3738738738738739
12443,1,86,0.38738738738738737,1,63,0.28378378378378377
12444,1,66,0.2972972972972973,1,43,0.19369369369369369
12445,1,46,0.2072072072072072,1,23,0.1036036036036036
12446,1,26,0.11711711711711711,1,3,0.013513513513513514
12447,1,6,0.02702702702702703,0,-1,-1.0
12448,0,-1,-1.0,0,-1,-1.0
12449,0,-1,-1.0,1,217,0.9774774774774775
12450,1,220,0.990990990990991,1,197,0.8873873873873874
12451,1,200,0.9009009009009009,1,177,0.7972972972972973
12452,1,180,0.8108108108108109,1,157,0.7072072072072072
12453,1,160,0.7207207207207207,1,137,0.6171171171171171
12454,1,140,0.6306306306306306,1,117,0.527027027027027
12455,1,120,0.5405405405405406,1,97,0.4369369369369369
12456,1,100,0.45045045045045046,1,77,0.34684684684684686
12457,1,80,0.36036036036036034,1,57,0.25675675675675674
12458,1,60,0.2702702702702703,1,37,0.16666666666666666
12459,1,40,0.18018018018018017,1,17,0.07657657657657657
12460,1,20,0.09009009009009009,1,208,0.9369369369369369
12461,1,0,0.0,1,188,0.8468468468468469
12462,1,44,0.1981981981981982,0,-1,-1.0
12463,1,24,0.10810810810810811,1,222,1.0
12464,1,4,0.018018018018018018,1,202,0.9099099099099099
12465,1,205,0.9234234234234234,1,182,0.8198198198198198
12466,1,185,0.8333333333333334,1,162,0.7297297297297297
12467,1,165,0.7432432432432432,1,142,0.6396396396396397
12468,1,145,0.6531531531531531,1,122,0.5495495495495496
12469,1,125,0.5630630630630631,1,102,0.4594594594594595
12470,1,105,0.47297297297297297,1,82,0.36936936936936937
12471,1,85,0.38288288288288286,1,62,0.27927927927927926
12472,1,65,0.2927927927927928,1,42,0.1891891891891892
12473,1,45,0.20270270270270271,1,22,0.0990990990990991
12474,1,25,0.11261261261261261,1,2,0.009009009009009009
12475,1,5,0.02252252252252252,0,-1,-1.0
12476,0,-1,-1.0,1,214,0.963963963963964
12477,1,217,0.9774774774774775,1,194,0.8738738738738738
12478,1,197,0.8873873873873874,1,174,0.7837837837837838
12479,1,177,0.7972972972972973,1,154,0.6936936936936937
12480,1,157,0.7072072072072072,1,134,0.6036036036036037
12481,1,137,0.6171171171171171,1,114,0.5135135135135135
12482,1,117,0.527027027027027,1,94,0.42342342342342343
12483,1,97,0.4369369369369369,1,74,0.3333333333333333
12484,1,77,0.34684684684684686,1,54,0.24324324324324326
12485,1,57,0.25675675675675674,1,34,0.15315315315315314
12486,1,37,0.16666666666666666,1,14,0.06306306306306306
12487,1,17,0.07657657657657657,0,-1,-1.0
12488,0,-1,-1.0,1,215,0.9684684684684685
12489,1,218,0.9819819819819819,1,195,0.8783783783783784
12490,1,198,0.8918918918918919,1,175,0.7882882882882883
12491,1,178,0.8018018018018018,1,155,0.6981981981981982
12492,1,158,0.7117117117117117,1,135,0.6081081081081081
12493,1,138,0.6216216216216216,1,115,0.5180180180180181
12494,1,118,0.5315315315315315,1,95,0.42792792792792794
12495,1,98,0.44144144144144143,1,75,0.33783783783783783
12496,1,78,0.35135135135135137,1,55,0.24774774774774774
12497,1,58,0.26126126126126126,1,35,0.15765765765765766
12498,1,38,0.17117117117117117,1,15,0.06756756756756757
12499,1,18,0.08108108108108109,0,-1,-1.0
12500,0,-1,-1.0,0,-1,-1.0
12501,0,-1,-1.0,1,216,0.972972972972973
12502,1,54,0.24324324324324326,0,-1,-1.0
12503,1,34,0.15315315315315314,0,-1,-1.0
12504,1,14,0.06306306306306306,1,210,0.9459459459459459
12505,1,218,0.9819819819819819,1,190,0.8558558558558559
12506,1,198,0.8918918918918919,1,170,0.7657657657657657
12507,1,178,0.8018018018018018,1,150,0.6756756756756757
12508,1,158,0.7117117117117117,1,130,0.5855855855855856
12509,1,138,0.6216216216216216,1,110,0.4954954954954955
12510,1,118,0.5315315315315315,1,90,0.40540540540540543
12511,1,98,0.44144144144144143,1,70,0.3153153153153153
12512,1,78,0.35135135135135137,1,50,0.22522522522522523
12513,1,58,0.26126126126126126,1,30,0.13513513513513514
12514,1,38,0.17117117117117117,1,10,0.04504504504504504
12515,1,18,0.08108108108108109,0,-1,-1.0
12516,0,-1,-1.0,0,-1,-1.0
12517,0,-1,-1.0,1,205,0.9234234234234234
12518,1,213,0.9594594594594594,1,185,0.8333333333333334
12519,1,193,0.8693693693693694,1,165,0.7432432432432432
12520,1,173,0.7792792792792793,1,145,0.6531531531531531
12521,1,153,0.6891891891891891,1,125,0.5630630630630631
12522,1,133,0.5990990990990991,1,105,0.47297297297297297
12523,1,113,0.509009009009009,1,85,0.38288288288288286
12524,1,93,0.4189189189189189,1,65,0.2927927927927928
12525,1,73,0.32882882882882886,1,45,0.20270270270270271
12526,1,53,0.23873873873873874,1,25,0.11261261261261261
12527,1,33,0.14864864864864866,1,5,0.02252252252252252
12528,1,13,0.05855855855855856,0,-1,-1.0
12529,0,-1,-1.0,0,-1,-1.0
12530,0,-1,-1.0,0,-1,-1.0
12531,0,-1,-1.0,0,-1,-1.0
12532,0,-1,-1.0,0,-1,-1.0
12533,0,-1,-1.0,1,208,0.9369369369369369
12534,0,-1,-1.0,1,188,0.8468468468468469
12535,1,72,0.32432432432432434,0,-1,-1.0
12536,1,52,0.23423423423423423,0,-1,-1.0
12537,1,32,0.14414414414414414,0,-1,-1.0
12538,1,12,0.05405405405405406,1,206,0.9279279279279279
12539,0,-1,-1.0,1,186,0.8378378378378378
12540,1,203,0.9144144144144144,1,166,0.7477477477477478
12541,1,183,0.8243243243243243,1,146,0.6576576576576577
12542,1,163,0.7342342342342343,1,126,0.5675675675675675
12543,1,143,0.6441441441441441,1,106,0.4774774774774775
12544,1,123,0.5540540540540541,1,86,0.38738738738738737
12545,1,103,0.46396396396396394,1,66,0.2972972972972973
12546,1,83,0.3738738738738739,1,46,0.2072072072072072
12547,1,63,0.28378378378378377,1,26,0.11711711711711711
12548,1,43,0.19369369369369369,1,6,0.02702702702702703
12549,1,23,0.1036036036036036,0,-1,-1.0
12550,1,3,0.013513513513513514,0,-1,-1.0
12551,0,-1,-1.0,1,221,0.9954954954954955
12552,0,-1,-1.0,1,201,0.9054054054054054
12553,1,218,0.9819819819819819,1,181,0.8153153153153153
12554,1,198,0.8918918918918919,1,161,0.7252252252252253
12555,1,178,0.8018018018018018,1,141,0.6351351351351351
12556,1,158,0.7117117117117117,1,121,0.545045045045045
12557,1,138,0.6216216216216216,1,101,0.45495495495495497
12558,1,118,0.5315315315315315,1,81,0.36486486486486486
12559,1,98,0.44144144144144143,1,61,0.2747747747747748
12560,1,78,0.35135135135135137,1,41,0.18468468468468469
12561,1,58,0.26126126126126126,1,21,0.0945945945945946
12562,1,38,0.17117117117117117,1,1,0.0045045045045045045
12563,1,18,0.08108108108108109,0,-1,-1.0
12564,0,-1,-1.0,0,-1,-1.0
12565,0,-1,-1.0,0,-1,-1.0
12566,0,-1,-1.0,0,-1,-1.0
12567,0,-1,-1.0,1,211,0.9504504504504504
12568,0,-1,-1.0,1,191,0.8603603603603603
12569,1,30,0.13513513513513514,0,-1,-1.0
12570,1,10,0.04504504504504504,0,-1,-1.0
12571,0,-1,-1.0,1,219,0.9864864864864865
12572,1,215,0.9684684684684685,1,199,0.8963963963963963
12573,1,195,0.8783783783783784,1,179,0.8063063063063063
12574,1,175,0.7882882882882883,1,159,0.7162162162162162
12575,1,155,0.6981981981981982,1,139,0.6261261261261262
12576,1,135,0.6081081081081081,1,119,0.536036036036036
12577,1,115,0.5180180180180181,1,99,0.44594594594594594
12578,1,95,0.42792792792792794,1,79,0.35585585585585583
12579,1,75,0.33783783783783783,1,59,0.26576576576576577
12580,1,55,0.24774774774774774,1,39,0.17567567567567569
12581,1,35,0.15765765765765766,1,19,0.08558558558558559
12582,1,15,0.06756756756756757,1,201,0.9054054054054054
12583,1,197,0.8873873873873874,1,181,0.8153153153153153
12584,1,177,0.7972972972972973,1,161,0.7252252252252253
12585,1,157,0.7072072072072072,1,141,0.6351351351351351
12586,1,137,0.6171171171171171,1,121,0.545045045045045
12587,1,117,0.527027027027027,1,101,0.45495495495495497
12588,1,97,0.4369369369369369,1,81,0.36486486486486486
12589,1,77,0.34684684684684686,1,61,0.2747747747747748
12590,1,26,0.11711711711711711,0,-1,-1.0
12591,1,6,0.02702702702702703,0,-1,-1.0
12592,0,-1,-1.0,0,-1,-1.0
12593,0,-1,-1.0,0,-1,-1.0
12594,0,-1,-1.0,0,-1,-1.0
12595,0,-1,-1.0,1,210,0.9459459459459459
12596,1,204,0.918918918918919,1,190,0.8558558558558559
12597,1,184,0.8288288288288288,1,170,0.7657657657657657
12598,1,164,0.7387387387387387,1,150,0.6756756756756757
12599,1,144,0.6486486486486487,1,130,0.5855855855855856
12600,1,124,0.5585585585585585,1,110,0.4954954954954955
12601,1,104,0.46846846846846846,1,90,0.40540540540540543
12602,1,84,0.3783783783783784,1,70,0.3153153153153153
12603,1,64,0.2882882882882883,1,50,0.22522522522522523
12604,1,44,0.1981981981981982,1,30,0.13513513513513514
12605,1,24,0.10810810810810811,1,10,0.04504504504504504
12606,1,4,0.018018018018018018,1,218,0.9819819819819819
12607,1,212,0.954954954954955,1,198,0.8918918918918919
12608,1,192,0.8648648648648649,1,178,0.8018018018018018
12609,1,172,0.7747747747747747,1,158,0.7117117117117117
12610,1,152,0.6846846846846847,1,138,0.6216216216216216
12611,1,132,0.5945945945945946,1,118,0.5315315315315315
12612,1,112,0.5045045045045045,1,98,0.44144144144144143
12613,1,92,0.4144144144144144,1,78,0.35135135135135137
12614,1,72,0.32432432432432434,1,58,0.26126126126126126
12615,1,46,0.2072072072072072,0,-1,-1.0
12616,1,26,0.11711711711711711,0,-1,-1.0
12617,1,6,0.02702702702702703,0,-1,-1.0
12618,0,-1,-1.0,0,-1,-1.0
12619,0,-1,-1.0,0,-1,-1.0
12620,0,-1,-1.0,1,221,0.9954954954954955
12621,0,-1,-1.0,1,201,0.9054054054054054
12622,1,205,0.9234234234234234,1,181,0.8153153153153153
12623,1,185,0.8333333333333334,1,161,0.7252252252252253
12624,1,165,0.7432432432432432,1,141,0.6351351351351351
12625,1,145,0.6531531531531531,1,121,0.545045045045045
12626,1,125,0.5630630630630631,1,101,0.45495495495495497
12627,1,105,0.47297297297297297,1,81,0.36486486486486486
12628,1,85,0.38288288288288286,1,61,0.2747747747747748
12629,1,65,0.2927927927927928,1,41,0.18468468468468469
12630,1,45,0.20270270270270271,1,21,0.0945945945945946
12631,1,25,0.11261261261261261,1,1,0.0045045045045045045
12632,1,5,0.02252252252252252,0,-1,-1.0
12633,0,-1,-1.0,0,-1,-1.0
12634,0,-1,-1.0,1,210,0.9459459459459459
12635,1,214,0.963963963963964,1,190,0.8558558558558559
12636,1,194,0.8738738738738738,1,170,0.7657657657657657
12637,1,174,0.7837837837837838,1,150,0.6756756756756757
12638,1,154,0.6936936936936937,1,130,0.5855855855855856
12639,1,134,0.6036036036036037,1,110,0.4954954954954955
12640,1,114,0.5135135135135135,1,90,0.40540540540540543
12641,1,94,0.42342342342342343,1,70,0.3153153153153153
12642,1,74,0.3333333333333333,1,50,0.22522522522522523
12643,1,54,0.24324324324324326,1,30,0.13513513513513514
12644,1,34,0.15315315315315314,1,10,0.04504504504504504
12645,1,14,0.06306306306306306,0,-1,-1.0
12646,0,-1,-1.0,1,216,0.972972972972973
12647,1,20,0.09009009009009009,0,-1,-1.0
12648,1,0,0.0,0,-1,-1.0
12649,0,-1,-1.0,0,-1,-1.0
12650,1,218,0.9819819819819819,1,207,0.9324324324324325
12651,1,198,0.8918918918918919,1,187,0.8423423423423423
12652,1,178,0.8018018018018018,1,167,0.7522522522522522
12653,1,158,0.7117117117117117,1,147,0.6621621621621622
12654,1,138,0.6216216216216216,1,127,0.5720720720720721
12655,1,118,0.5315315315315315,1,107,0.481981981981982
12656,1,98,0.44144144144144143,1,87,0.3918918918918919
12657,1,78,0.35135135135135137,1,67,0.30180180180180183
12658,1,58,0.26126126126126126,1,47,0.21171171171171171
12659,1,38,0.17117117117117117,1,27,0.12162162162162163
12660,1,18,0.08108108108108109,1,7,0.03153153153153153
12661,1,171,0.7702702702702703,1,160,0.7207207207207207
12662,1,151,0.6801801801801802,1,140,0.6306306306306306
12663,1,131,0.5900900900900901,1,120,0.5405405405405406
12664,1,111,0.5,1,100,0.45045045045045046
12665,1,91,0.4099099099099099,1,80,0.36036036036036034
12666,1,71,0.31981981981981983,1,60,0.2702702702702703
12667,1,51,0.22972972972972974,1,40,0.18018018018018017
12668,1,31,0.13963963963963963,1,20,0.09009009009009009
12669,1,11,0.04954954954954955,1,0,0.0
12670,0,-1,-1.0,1,221,0.9954954954954955
12671,1,76,0.34234234234234234,0,-1,-1.0
12672,1,56,0.25225225225225223,0,-1,-1.0
12673,1,36,0.16216216216216217,0,-1,-1.0
12674,1,16,0.07207207207207207,1,213,0.9594594594594594
12675,0,-1,-1.0,1,193,0.8693693693693694
12676,1,212,0.954954954954955,1,173,0.7792792792792793
12677,1,192,0.8648648648648649,1,153,0.6891891891891891
12678,1,172,0.7747747747747747,1,133,0.5990990990990991
12679,1,152,0.6846846846846847,1,113,0.509009009009009
12680,1,132,0.5945945945945946,1,93,0.4189189189189189
12681,1,112,0.5045045045045045,1,73,0.32882882882882886
12682,1,92,0.4144144144144144,1,53,0.23873873873873874
12683,1,72,0.32432432432432434,1,33,0.14864864864864866
12684,1,52,0.23423423423423423,1,13,0.05855855855855856
12685,1,32,0.14414414414414414,0,-1,-1.0
12686,1,12,0.05405405405405406,1,207,0.9324324324324325
12687,0,-1,-1.0,1,187,0.8423423423423423
12688,1,206,0.9279279279279279,1,167,0.7522522522522522
12689,1,186,0.8378378378378378,1,147,0.6621621621621622
12690,1,166,0.7477477477477478,1,127,0.5720720720720721
12691,1,146,0.6576576576576577,1,107,0.481981981981982
12692,1,126,0.5675675675675675,1,87,0.3918918918918919
12693,1,106,0.4774774774774775,1,67,0.30180180180180183
12694,1,86,0.38738738738738737,1,47,0.21171171171171171
12695,1,66,0.2972972972972973,1,27,0.12162162162162163
12696,1,46,0.2072072072072072,1,7,0.03153153153153153
12697,1,26,0.11711711711711711,1,213,0.9594594594594594
12698,1,6,0.02702702702702703,1,193,0.8693693693693694
12699,1,20,0.09009009009009009,0,-1,-1.0
12700,1,0,0.0,1,218,0.9819819819819819
12701,1,209,0.9414414414414415,1,198,0.8918918918918919
12702,1,189,0.8513513513513513,1,178,0.8018018018018018
12703,1,169,0.7612612612612613,1,158,0.7117117117117117
12704,1,149,0.6711711711711712,1,138,0.6216216216216216
12705,1,129,0.581081081081081,1,118,0.5315315315315315
12706,1,109,0.49099099099099097,1,98,0.44144144144144143
12707,1,89,0.4009009009009009,1,78,0.35135135135135137
12708,1,69,0.3108108108108108,1,58,0.26126126126126126
12709,1,49,0.22072072072072071,1,38,0.17117117117117117
12710,1,29,0.13063063063063063,1,18,0.08108108108108109
12711,1,9,0.04054054054054054,0,-1,-1.0
12712,0,-1,-1.0,0,-1,-1.0
12713,0,-1,-1.0,0,-1,-1.0
12714,1,216,0.972972972972973,1,205,0.9234234234234234
12715,1,196,0.8828828828828829,1,185,0.8333333333333334
12716,1,176,0.7927927927927928,1,165,0.7432432432432432
12717,1,156,0.7027027027027027,1,145,0.6531531531531531
12718,1,136,0.6126126126126126,1,125,0.5630630630630631
12719,1,116,0.5225225225225225,1,105,0.47297297297297297
12720,1,96,0.43243243243243246,1,85,0.38288288288288286
12721,1,76,0.34234234234234234,1,65,0.2927927927927928
12722,1,56,0.25225225225225223,1,45,0.20270270270270271
12723,1,36,0.16216216216216217,1,25,0.11261261261261261
12724,1,30,0.13513513513513514,0,-1,-1.0
12725,1,10,0.04504504504504504,0,-1,-1.0
12726,0,-1,-1.0,0,-1,-1.0
12727,0,-1,-1.0,0,-1,-1.0
12728,0,-1,-1.0,1,221,0.9954954954954955
12729,1,217,0.9774774774774775,1,201,0.9054054054054054
12730,1,197,0.8873873873873874,1,181,0.8153153153153153
12731,1,177,0.7972972972972973,1,161,0.7252252252252253
12732,1,157,0.7072072072072072,1,141,0.6351351351351351
12733,1,137,0.6171171171171171,1,121,0.545045045045045
12734,1,117,0.527027027027027,1,101,0.45495495495495497
12735,1,97,0.4369369369369369,1,81,0.36486486486486486
12736,1,77,0.34684684684684686,1,61,0.2747747747747748
12737,1,57,0.25675675675675674,1,41,0.18468468468468469
12738,1,37,0.16666666666666666,1,21,0.0945945945945946
12739,1,17,0.07657657657657657,1,1,0.0045045045045045045
12740,0,-1,-1.0,0,-1,-1.0
12741,0,-1,-1.0,0,-1,-1.0
12742,0,-1,-1.0,0,-1,-1.0
12743,0,-1,-1.0,1,207,0.9324324324324325
12744,1,203,0.9144144144144144,1,187,0.8423423423423423
12745,1,183,0.8243243243243243,1,167,0.7522522522522522
12746,1,163,0.7342342342342343,1,147,0.6621621621621622
12747,1,143,0.6441441441441441,1,127,0.5720720720720721
12748,1,123,0.5540540540540541,1,107,0.481981981981982
12749,1,103,0.46396396396396394,1,87,0.3918918918918919
12750,1,83,0.3738738738738739,1,67,0.30180180180180183
12751,1,63,0.28378378378378377,1,47,0.21171171171171171
12752,1,43,0.19369369369369369,1,27,0.12162162162162163
12753,1,23,0.1036036036036036,1,7,0.03153153153153153
12754,1,3,0.013513513513513514,1,152,0.6846846846846847
12755,1,148,0.6666666666666666,1,132,0.5945945945945946
12756,1,128,0.5765765765765766,1,112,0.5045045045045045
12757,1,108,0.4864864864864865,1,92,0.4144144144144144
12758,1,88,0.3963963963963964,1,72,0.32432432432432434
12759,1,68,0.3063063063063063,1,52,0.23423423423423423
12760,1,48,0.21621621621621623,1,32,0.14414414414414414
12761,1,28,0.12612612612612611,1,12,0.05405405405405406
12762,1,8,0.036036036036036036,0,-1,-1.0
12763,0,-1,-1.0,0,-1,-1.0
12764,0,-1,-1.0,1,210,0.9459459459459459
12765,1,30,0.13513513513513514,0,-1,-1.0
12766,1,10,0.04504504504504504,1,217,0.9774774774774775
12767,1,213,0.9594594594594594,1,197,0.8873873873873874
12768,1,193,0.8693693693693694,1,177,0.7972972972972973
12769,1,173,0.7792792792792793,1,157,0.7072072072072072
12770,1,153,0.6891891891891891,1,137,0.6171171171171171
12771,1,133,0.5990990990990991,1,117,0.527027027027027
12772,1,113,0.509009009009009,1,97,0.4369369369369369
12773,1,93,0.4189189189189189,1,77,0.34684684684684686
12774,1,73,0.32882882882882886,1,57,0.25675675675675674
12775,1,53,0.23873873873873874,1,37,0.16666666666666666
12776,1,33,0.14864864864864866,1,17,0.07657657657657657
12777,1,13,0.05855855855855856,1,196,0.8828828828828829
12778,1,192,0.8648648648648649,1,176,0.7927927927927928
12779,1,172,0.7747747747747747,1,156,0.7027027027027027
12780,1,152,0.6846846846846847,1,136,0.6126126126126126
12781,1,132,0.5945945945945946,1,116,0.5225225225225225
12782,1,112,0.5045045045045045,1,96,0.43243243243243246
12783,1,92,0.4144144144144144,1,76,0.34234234234234234
12784,1,72,0.32432432432432434,1,56,0.25225225225225223
12785,1,52,0.23423423423423423,1,36,0.16216216216216217
12786,1,32,0.14414414414414414,1,16,0.07207207207207207
12787,1,12,0.05405405405405406,0,-1,-1.0
12788,0,-1,-1.0,0,-1,-1.0
12789,0,-1,-1.0,0,-1,-1.0
12790,0,-1,-1.0,0,-1,-1.0
12791,0,-1,-1.0,0,-1,-1.0
12792,0,-1,-1.0,0,-1,-1.0
12793,0,-1,-1.0,1,211,0.9504504504504504
12794,0,-1,-1.0,1,191,0.8603603603603603
12795,1,66,0.2972972972972973,0,-1,-1.0
12796,1,46,0.2072072072072072,0,-1,-1.0
12797,1,26,0.11711711711711711,0,-1,-1.0
12798,1,6,0.02702702702702703,0,-1,-1.0
12799,0,-1,-1.0,1,216,0.972972972972973
12800,0,-1,-1.0,1,196,0.8828828828828829
12801,1,210,0.9459459459459459,1,176,0.7927927927927928
12802,1,190,0.8558558558558559,1,156,0.7027027027027027
12803,1,170,0.7657657657657657,1,136,0.6126126126126126
12804,1,150,0.6756756756756757,1,116,0.5225225225225225
12805,1,130,0.5855855855855856,1,96,0.43243243243243246
12806,1,110,0.4954954954954955,1,76,0.34234234234234234
12807,1,90,0.40540540540540543,1,56,0.25225225225225223
12808,1,70,0.3153153153153153,1,36,0.16216216216216217
12809,1,50,0.22522522522522523,1,16,0.07207207207207207
12810,1,30,0.13513513513513514,0,-1,-1.0
12811,1,10,0.04504504504504504,0,-1,-1.0
12812,0,-1,-1.0,1,212,0.954954954954955
12813,0,-1,-1.0,1,192,0.8648648648648649
12814,1,206,0.9279279279279279,1,172,0.7747747747747747
12815,1,186,0.8378378378378378,1,152,0.6846846846846847
12816,1,166,0.7477477477477478,1,132,0.5945945945945946
12817,1,146,0.6576576576576577,1,112,0.5045045045045045
12818,1,126,0.5675675675675675,1,92,0.4144144144144144
12819,1,106,0.4774774774774775,1,72,0.32432432432432434
12820,1,86,0.38738738738738737,1,52,0.23423423423423423
12821,1,66,0.2972972972972973,1,32,0.14414414414414414
12822,1,46,0.2072072072072072,1,12,0.05405405405405406
12823,1,26,0.11711711711711711,1,215,0.9684684684684685
12824,1,26,0.11711711711711711,0,-1,-1.0
12825,1,6,0.02702702702702703,0,-1,-1.0
12826,0,-1,-1.0,0,-1,-1.0
12827,0,-1,-1.0,0,-1,-1.0
12828,0,-1,-1.0,0,-1,-1.0
12829,0,-1,-1.0,0,-1,-1.0
12830,1,220,0.990990990990991,1,206,0.9279279279279279
12831,1,200,0.9009009009009009,1,186,0.8378378378378378
12832,1,180,0.8108108108108109,1,166,0.7477477477477478
12833,1,160,0.7207207207207207,1,146,0.6576576576576577
12834,1,140,0.6306306306306306,1,126,0.5675675675675675
12835,1,120,0.5405405405405406,1,106,0.4774774774774775
12836,1,100,0.45045045045045046,1,86,0.38738738738738737
12837,1,80,0.36036036036036034,1,66,0.2972972972972973
12838,1,60,0.2702702702702703,1,46,0.2072072072072072
12839,1,40,0.18018018018018017,1,26,0.11711711711711711
12840,1,20,0.09009009009009009,1,6,0.02702702702702703
12841,1,0,0.0,0,-1,-1.0
12842,0,-1,-1.0,0,-1,-1.0
12843,0,-1,-1.0,1,220,0.990990990990991
12844,1,214,0.963963963963964,1,200,0.9009009009009009
12845,1,194,0.8738738738738738,1,180,0.8108108108108109
12846,1,174,0.7837837837837838,1,160,0.7207207207207207
12847,1,154,0.6936936936936937,1,140,0.6306306306306306
12848,1,134,0.6036036036036037,1,120,0.5405405405405406
12849,1,114,0.5135135135135135,1,100,0.45045045045045046
12850,1,94,0.42342342342342343,1,80,0.36036036036036034
12851,1,74,0.3333333333333333,1,60,0.2702702702702703
12852,1,54,0.24324324324324326,1,40,0.18018018018018017
12853,1,34,0.15315315315315314,1,20,0.09009009009009009
12854,1,14,0.06306306306306306,1,0,0.0
12855,1,169,0.7612612612612613,1,155,0.6981981981981982
12856,1,149,0.6711711711711712,1,135,0.6081081081081081
12857,1,129,0.581081081081081,1,115,0.5180180180180181
12858,1,109,0.49099099099099097,1,95,0.42792792792792794
12859,1,89,0.4009009009009009,1,75,0.33783783783783783
12860,1,69,0.3108108108108108,1,55,0.24774774774774774
12861,1,49,0.22072072072072071,1,35,0.15765765765765766
12862,1,29,0.13063063063063063,1,15,0.06756756756756757
12863,1,9,0.04054054054054054,0,-1,-1.0
12864,0,-1,-1.0,0,-1,-1.0
12865,0,-1,-1.0,0,-1,-1.0
12866,0,-1,-1.0,1,222,1.0
12867,0,-1,-1.0,1,202,0.9099099099099099
12868,0,-1,-1.0,1,182,0.8198198198198198
12869,1,28,0.12612612612612611,1,208,0.9369369369369369
12870,1,8,0.036036036036036036,1,188,0.8468468468468469
12871,1,183,0.8243243243243243,1,168,0.7567567567567568
12872,1,163,0.7342342342342343,1,148,0.6666666666666666
12873,1,143,0.6441441441441441,1,128,0.5765765765765766
12874,1,123,0.5540540540540541,1,108,0.4864864864864865
12875,1,103,0.46396396396396394,1,88,0.3963963963963964
12876,1,83,0.3738738738738739,1,68,0.3063063063063063
12877,1,63,0.28378378378378377,1,48,0.21621621621621623
12878,1,43,0.19369369369369369,1,28,0.12612612612612611
12879,1,23,0.1036036036036036,1,8,0.036036036036036036
12880,1,3,0.013513513513513514,1,182,0.8198198198198198
12881,1,177,0.7972972972972973,1,162,0.7297297297297297
12882,1,157,0.7072072072072072,1,142,0.6396396396396397
12883,1,137,0.6171171171171171,1,122,0.5495495495495496
12884,1,117,0.527027027027027,1,102,0.4594594594594595
12885,1,97,0.4369369369369369,1,82,0.36936936936936937
12886,1,77,0.34684684684684686,1,62,0.27927927927927926
12887,1,57,0.25675675675675674,1,42,0.1891891891891892
12888,1,37,0.16666666666666666,1,22,0.0990990990990991
12889,1,17,0.07657657657657657,1,2,0.009009009009009009
12890,1,172,0.7747747747747747,1,157,0.7072072072072072
12891,1,152,0.6846846846846847,1,137,0.6171171171171171
12892,1,132,0.5945945945945946,1,117,0.527027027027027
12893,1,112,0.5045045045045045,1,97,0.4369369369369369
12894,1,92,0.4144144144144144,1,77,0.34684684684684686
12895,1,72,0.32432432432432434,1,57,0.25675675675675674
12896,1,52,0.23423423423423423,1,37,0.16666666666666666
12897,1,32,0.14414414414414414,1,17,0.07657657657657657
12898,1,12,0.05405405405405406,0,-1,-1.0
12899,0,-1,-1.0,0,-1,-1.0
12900,0,-1,-1.0,0,-1,-1.0
12901,1,42,0.1891891891891892,1,221,0.9954954954954955
12902,1,22,0.0990990990990991,1,201,0.9054054054054054
12903,1,2,0.009009009009009009,1,181,0.8153153153153153
12904,1,183,0.8243243243243243,1,161,0.7252252252252253
12905,1,163,0.7342342342342343,1,141,0.6351351351351351
12906,1,143,0.6441441441441441,1,121,0.545045045045045
12907,1,123,0.5540540540540541,1,101,0.45495495495495497
12908,1,103,0.46396396396396394,1,81,0.36486486486486486
12909,1,83,0.3738738738738739,1,61,0.2747747747747748
12910,1,63,0.28378378378378377,1,41,0.18468468468468469
12911,1,43,0.19369369369369369,1,21,0.0945945945945946
12912,1,23,0.1036036036036036,1,1,0.0045045045045045045
12913,1,3,0.013513513513513514,1,175,0.7882882882882883
12914,1,177,0.7972972972972973,1,155,0.6981981981981982
12915,1,157,0.7072072072072072,1,135,0.6081081081081081
12916,1,137,0.6171171171171171,1,115,0.5180180180180181
12917,1,117,0.527027027027027,1,95,0.42792792792792794
12918,1,97,0.4369369369369369,1,75,0.33783783783783783
12919,1,77,0.34684684684684686,1,55,0.24774774774774774
12920,1,57,0.25675675675675674,1,35,0.15765765765765766
12921,1,37,0.16666666666666666,1,15,0.06756756756756757
12922,1,17,0.07657657657657657,1,200,0.9009009009009009
12923,1,202,0.9099099099099099,1,180,0.8108108108108109
12924,1,182,0.8198198198198198,1,160,0.7207207207207207
12925,1,162,0.7297297297297297,1,140,0.6306306306306306
12926,1,142,0.6396396396396397,1,120,0.5405405405405406
12927,1,122,0.5495495495495496,1,100,0.45045045045045046
12928,1,102,0.4594594594594595,1,80,0.36036036036036034
12929,1,82,0.36936936936936937,1,60,0.2702702702702703
12930,1,62,0.27927927927927926,1,40,0.18018018018018017
12931,1,42,0.1891891891891892,1,20,0.09009009009009009
12932,1,22,0.0990990990990991,1,0,0.0
12933,1,2,0.009009009009009009,0,-1,-1.0
12934,0,-1,-1.0,0,-1,-1.0
12935,0,-1,-1.0,0,-1,-1.0
12936,0,-1,-1.0,1,207,0.9324324324324325
12937,1,40,0.18018018018018017,0,-1,-1.0
12938,1,20,0.09009009009009009,1,213,0.9594594594594594
12939,1,0,0.0,1,193,0.8693693693693694
12940,1,194,0.8738738738738738,1,173,0.7792792792792793
12941,1,174,0.7837837837837838,1,153,0.6891891891891891
12942,1,154,0.6936936936936937,1,133,0.5990990990990991
12943,1,134,0.6036036036036037,1,113,0.509009009009009
12944,1,114,0.5135135135135135,1,93,0.4189189189189189
12945,1,94,0.42342342342342343,1,73,0.32882882882882886
12946,1,74,0.3333333333333333,1,53,0.23873873873873874
12947,1,54,0.24324324324324326,1,33,0.14864864864864866
12948,1,34,0.15315315315315314,1,13,0.05855855855855856
12949,1,14,0.06306306306306306,0,-1,-1.0
12950,0,-1,-1.0,0,-1,-1.0
12951,0,-1,-1.0,0,-1,-1.0
12952,0,-1,-1.0,1,209,0.9414414414414415
12953,1,210,0.9459459459459459,1,189,0.8513513513513513
12954,1,190,0.8558558558558559,1,169,0.7612612612612613
12955,1,170,0.7657657657657657,1,149,0.6711711711711712
12956,1,150,0.6756756756756757,1,129,0.581081081081081
12957,1,130,0.5855855855855856,1,109,0.49099099099099097
12958,1,110,0.4954954954954955,1,89,0.4009009009009009
12959,1,90,0.40540540540540543,1,69,0.3108108108108108
12960,1,70,0.3153153153153153,1,49,0.22072072072072071
12961,1,50,0.22522522522522523,1,29,0.13063063063063063
12962,1,30,0.13513513513513514,1,9,0.04054054054054054
12963,1,10,0.04504504504504504,0,-1,-1.0
12964,0,-1,-1.0,0,-1,-1.0
12965,0,-1,-1.0,0,-1,-1.0
12966,0,-1,-1.0,0,-1,-1.0
12967,0,-1,-1.0,1,211,0.9504504504504504
12968,1,52,0.23423423423423423,0,-1,-1.0
12969,1,32,0.14414414414414414,0,-1,-1.0
12970,1,12,0.05405405405405406,0,-1,-1.0
12971,0,-1,-1.0,0,-1,-1.0
12972,0,-1,-1.0,1,203,0.9144144144144144
12973,1,210,0.9459459459459459,1,183,0.8243243243243243
12974,1,190,0.8558558558558559,1,163,0.7342342342342343
12975,1,170,0.7657657657657657,1,143,0.6441441441441441
12976,1,150,0.6756756756756757,1,123,0.5540540540540541
12977,1,130,0.5855855855855856,1,103,0.46396396396396394
12978,1,110,0.4954954954954955,1,83,0.3738738738738739
12979,1,90,0.40540540540540543,1,63,0.28378378378378377
12980,1,70,0.3153153153153153,1,43,0.19369369369369369
12981,1,50,0.22522522522522523,1,23,0.1036036036036036
12982,1,30,0.13513513513513514,1,3,0.013513513513513514
12983,1,10,0.04504504504504504,0,-1,-1.0
12984,0,-1,-1.0,1,208,0.9369369369369369
12985,1,215,0.9684684684684685,1,188,0.8468468468468469
12986,1,195,0.8783783783783784,1,168,0.7567567567567568
12987,1,175,0.7882882882882883,1,148,0.6666666666666666
12988,1,155,0.6981981981981982,1,128,0.5765765765765766
12989,1,135,0.6081081081081081,1,108,0.4864864864864865
12990,1,115,0.5180180180180181,1,88,0.3963963963963964
12991,1,95,0.42792792792792794,1,68,0.3063063063063063
12992,1,75,0.33783783783783783,1,48,0.21621621621621623
12993,1,55,0.24774774774774774,1,28,0.12612612612612611
12994,1,35,0.15765765765765766,1,8,0.036036036036036036
12995,1,15,0.06756756756756757,0,-1,-1.0
12996,0,-1,-1.0,0,-1,-1.0
12997,0,-1,-1.0,0,-1,-1.0
12998,0,-1,-1.0,0,-1,-1.0
12999,0,-1,-1.0,0,-1,-1.0
13000,0,-1,-1.0,0,-1,-1.0
13001,1,46,0.2072072072072072,0,-1,-1.0
13002,1,26,0.11711711711711711,1,213,0.9594594594594594
13003,1,6,0.02702702702702703,1,193,0.8693693693693694
13004,1,197,0.8873873873873874,1,173,0.7792792792792793
13005,1,177,0.7972972972972973,1,153,0.6891891891891891
13006,1,157,0.7072072072072072,1,133,0.5990990990990991
13007,1,137,0.6171171171171171,1,113,0.509009009009009
13008,1,117,0.527027027027027,1,93,0.4189189189189189
13009,1,97,0.4369369369369369,1,73,0.32882882882882886
13010,1,77,0.34684684684684686,1,53,0.23873873873873874
13011,1,57,0.25675675675675674,1,33,0.14864864864864866
13012,1,37,0.16666666666666666,1,13,0.05855855855855856
13013,1,17,0.07657657657657657,0,-1,-1.0
13014,0,-1,-1.0,0,-1,-1.0
13015,0,-1,-1.0,0,-1,-1.0
13016,0,-1,-1.0,0,-1,-1.0
13017,0,-1,-1.0,0,-1,-1.0
13018,0,-1,-1.0,0,-1,-1.0
13019,0,-1,-1.0,1,204,0.918918918918919
13020,1,208,0.9369369369369369,1,184,0.8288288288288288
13021,1,188,0.8468468468468469,1,164,0.7387387387387387
13022,1,168,0.7567567567567568,1,144,0.6486486486486487
13023,1,148,0.6666666666666666,1,124,0.5585585585585585
13024,1,128,0.5765765765765766,1,104,0.46846846846846846
13025,1,108,0.4864864864864865,1,84,0.3783783783783784
13026,1,88,0.3963963963963964,1,64,0.2882882882882883
13027,1,68,0.3063063063063063,1,44,0.1981981981981982
13028,1,48,0.21621621621621623,1,24,0.10810810810810811
13029,1,28,0.12612612612612611,1,4,0.018018018018018018
13030,1,8,0.036036036036036036,1,217,0.9774774774774775
13031,1,221,0.9954954954954955,1,197,0.8873873873873874
13032,1,201,0.9054054054054054,1,177,0.7972972972972973
13033,1,181,0.8153153153153153,1,157,0.7072072072072072
13034,1,161,0.7252252252252253,1,137,0.6171171171171171
13035,1,141,0.6351351351351351,1,117,0.527027027027027
13036,1,121,0.545045045045045,1,97,0.4369369369369369
13037,1,101,0.45495495495495497,1,77,0.34684684684684686
13038,1,81,0.36486486486486486,1,57,0.25675675675675674
13039,1,61,0.2747747747747748,1,37,0.16666666666666666
13040,1,41,0.18468468468468469,1,17,0.07657657657657657
13041,1,21,0.0945945945945946,1,204,0.918918918918919
13042,1,80,0.36036036036036034,0,-1,-1.0
13043,1,60,0.2702702702702703,0,-1,-1.0
13044,1,40,0.18018018018018017,0,-1,-1.0
13045,1,20,0.09009009009009009,0,-1,-1.0
13046,1,0,0.0,0,-1,-1.0
13047,0,-1,-1.0,0,-1,-1.0
13048,0,-1,-1.0,0,-1,-1.0
13049,0,-1,-1.0,0,-1,-1.0
13050,0,-1,-1.0,1,215,0.9684684684684685
13051,0,-1,-1.0,1,195,0.8783783783783784
13052,1,216,0.972972972972973,1,175,0.7882882882882883
13053,1,196,0.8828828828828829,1,155,0.6981981981981982
13054,1,176,0.7927927927927928,1,135,0.6081081081081081
13055,1,156,0.7027027027027027,1,115,0.5180180180180181
13056,1,136,0.6126126126126126,1,95,0.42792792792792794
13057,1,116,0.5225225225225225,1,75,0.33783783783783783
13058,1,96,0.43243243243243246,1,55,0.24774774774774774
13059,1,76,0.34234234234234234,1,35,0.15765765765765766
13060,1,56,0.25225225225225223,1,15,0.06756756756756757
13061,1,36,0.16216216216216217,0,-1,-1.0
13062,1,16,0.07207207207207207,0,-1,-1.0
13063,0,-1,-1.0,1,204,0.918918918918919
13064,0,-1,-1.0,1,184,0.8288288288288288
13065,1,205,0.9234234234234234,1,164,0.7387387387387387
13066,1,185,0.8333333333333334,1,144,0.6486486486486487
13067,1,165,0.7432432432432432,1,124,0.5585585585585585
13068,1,145,0.6531531531531531,1,104,0.46846846846846846
13069,1,125,0.5630630630630631,1,84,0.3783783783783784
13070,1,105,0.47297297297297297,1,64,0.2882882882882883
13071,1,85,0.38288288288288286,1,44,0.1981981981981982
13072,1,65,0.2927927927927928,1,24,0.10810810810810811
13073,1,45,0.20270270270270271,1,4,0.018018018018018018
13074,1,25,0.11261261261261261,0,-1,-1.0
13075,1,5,0.02252252252252252,0,-1,-1.0
13076,0,-1,-1.0,0,-1,-1.0
13077,0,-1,-1.0,0,-1,-1.0
13078,0,-1,-1.0,1,210,0.9459459459459459
13079,0,-1,-1.0,1,190,0.8558558558558559
13080,1,211,0.9504504504504504,1,170,0.7657657657657657
13081,1,191,0.8603603603603603,1,150,0.6756756756756757
13082,1,171,0.7702702702702703,1,130,0.5855855855855856
13083,1,151,0.6801801801801802,1,110,0.4954954954954955
13084,1,131,0.5900900900900901,1,90,0.40540540540540543
13085,1,111,0.5,1,70,0.3153153153153153
13086,1,91,0.4099099099099099,1,50,0.22522522522522523
13087,1,71,0.31981981981981983,1,30,0.13513513513513514
13088,1,51,0.22972972972972974,1,10,0.04504504504504504
13089,1,31,0.13963963963963963,0,-1,-1.0
13090,1,11,0.04954954954954955,1,208,0.9369369369369369
13091,1,76,0.34234234234234234,0,-1,-1.0
13092,1,56,0.25225225225225223,0,-1,-1.0
13093,1,36,0.16216216216216217,0,-1,-1.0
13094,1,16,0.07207207207207207,0,-1,-1.0
13095,0,-1,-1.0,0,-1,-1.0
13096,0,-1,-1.0,1,219,0.9864864864864865
13097,0,-1,-1.0,1,199,0.8963963963963963
13098,1,218,0.9819819819819819,1,179,0.8063063063063063
13099,1,198,0.8918918918918919,1,159,0.7162162162162162
13100,1,178,0.8018018018018018,1,139,0.6261261261261262
13101,1,158,0.7117117117117117,1,119,0.536036036036036
13102,1,138,0.6216216216216216,1,99,0.44594594594594594
13103,1,118,0.5315315315315315,1,79,0.35585585585585583
13104,1,98,0.44144144144144143,1,59,0.26576576576576577
13105,1,78,0.35135135135135137,1,39,0.17567567567567569
13106,1,58,0.26126126126126126,1,19,0.08558558558558559
13107,1,38,0.17117117117117117,0,-1,-1.0
13108,1,18,0.08108108108108109,1,215,0.9684684684684685
13109,0,-1,-1.0,1,195,0.8783783783783784
13110,1,214,0.963963963963964,1,175,0.7882882882882883
13111,1,194,0.8738738738738738,1,155,0.6981981981981982
13112,1,174,0.7837837837837838,1,135,0.6081081081081081
13113,1,154,0.6936936936936937,1,115,0.5180180180180181
13114,1,134,0.6036036036036037,1,95,0.42792792792792794
13115,1,114,0.5135135135135135,1,75,0.33783783783783783
13116,1,94,0.42342342342342343,1,55,0.24774774774774774
13117,1,74,0.3333333333333333,1,35,0.15765765765765766
13118,1,54,0.24324324324324326,1,15,0.06756756756756757
13119,1,34,0.15315315315315314,0,-1,-1.0
13120,1,14,0.06306306306306306,0,-1,-1.0
13121,0,-1,-1.0,0,-1,-1.0
13122,0,-1,-1.0,0,-1,-1.0
13123,0,-1,-1.0,1,220,0.990990990990991
13124,0,-1,-1.0,1,200,0.9009009009009009
13125,1,28,0.12612612612612611,1,190,0.8558558558558559
13126,1,8,0.036036036036036036,1,170,0.7657657657657657
13127,1,165,0.7432432432432432,1,150,0.6756756756756757
13128,1,145,0.6531531531531531,1,130,0.5855855855855856
13129,1,125,0.5630630630630631,1,110,0.4954954954954955
13130,1,105,0.47297297297297297,1,90,0.40540540540540543
13131,1,85,0.38288288288288286,1,70,0.3153153153153153
13132,1,65,0.2927927927927928,1,50,0.22522522522522523
13133,1,45,0.20270270270270271,1,30,0.13513513513513514
13134,1,25,0.11261261261261261,1,10,0.04504504504504504
13135,1,5,0.02252252252252252,1,165,0.7432432432432432
13136,1,160,0.7207207207207207,1,145,0.6531531531531531
13137,1,140,0.6306306306306306,1,125,0.5630630630630631
13138,1,120,0.5405405405405406,1,105,0.47297297297297297
13139,1,100,0.45045045045045046,1,85,0.38288288288288286
13140,1,80,0.36036036036036034,1,65,0.2927927927927928
13141,1,60,0.2702702702702703,1,45,0.20270270270270271
13142,1,40,0.18018018018018017,1,25,0.11261261261261261
13143,1,20,0.09009009009009009,1,5,0.02252252252252252
13144,1,22,0.0990990990990991,0,-1,-1.0
13145,1,2,0.009009009009009009,0,-1,-1.0
13146,0,-1,-1.0,0,-1,-1.0
13147,0,-1,-1.0,0,-1,-1.0
13148,1,220,0.990990990990991,1,208,0.9369369369369369
13149,1,200,0.9009009009009009,1,188,0.8468468468468469
13150,1,180,0.8108108108108109,1,168,0.7567567567567568
13151,1,160,0.7207207207207207,1,148,0.6666666666666666
13152,1,140,0.6306306306306306,1,128,0.5765765765765766
13153,1,120,0.5405405405405406,1,108,0.4864864864864865
13154,1,100,0.45045045045045046,1,88,0.3963963963963964
13155,1,80,0.36036036036036034,1,68,0.3063063063063063
13156,1,60,0.2702702702702703,1,48,0.21621621621621623
13157,1,40,0.18018018018018017,1,28,0.12612612612612611
13158,1,20,0.09009009009009009,1,8,0.036036036036036036
13159,1,0,0.0,0,-1,-1.0
13160,0,-1,-1.0,0,-1,-1.0
13161,0,-1,-1.0,0,-1,-1.0
13162,0,-1,-1.0,0,-1,-1.0
13163,0,-1,-1.0,1,216,0.972972972972973
13164,1,208,0.9369369369369369,1,196,0.8828828828828829
13165,1,188,0.8468468468468469,1,176,0.7927927927927928
13166,1,168,0.7567567567567568,1,156,0.7027027027027027
13167,1,148,0.6666666666666666,1,136,0.6126126126126126
13168,1,128,0.5765765765765766,1,116,0.5225225225225225
13169,1,108,0.4864864864864865,1,96,0.43243243243243246
13170,1,88,0.3963963963963964,1,76,0.34234234234234234
13171,1,68,0.3063063063063063,1,56,0.25225225225225223
13172,1,48,0.21621621621621623,1,36,0.16216216216216217
13173,1,28,0.12612612612612611,1,16,0.07207207207207207
13174,1,8,0.036036036036036036,0,-1,-1.0
13175,0,-1,-1.0,0,-1,-1.0
13176,0,-1,-1.0,0,-1,-1.0
13177,0,-1,-1.0,1,212,0.954954954954955
13178,1,204,0.918918918918919,1,192,0.8648648648648649
13179,1,184,0.8288288288288288,1,172,0.7747747747747747
13180,1,164,0.7387387387387387,1,152,0.6846846846846847
13181,1,144,0.6486486486486487,1,132,0.5945945945945946
13182,1,124,0.5585585585585585,1,112,0.5045045045045045
13183,1,104,0.46846846846846846,1,92,0.4144144144144144
13184,1,84,0.3783783783783784,1,72,0.32432432432432434
13185,1,64,0.2882882882882883,1,52,0.23423423423423423
13186,1,44,0.1981981981981982,1,32,0.14414414414414414
13187,1,54,0.24324324324324326,1,202,0.9099099099099099
13188,1,34,0.15315315315315314,1,182,0.8198198198198198
13189,1,14,0.06306306306306306,1,162,0.7297297297297297
13190,1,170,0.7657657657657657,1,142,0.6396396396396397
13191,1,150,0.6756756756756757,1,122,0.5495495495495496
13192,1,130,0.5855855855855856,1,102,0.4594594594594595
13193,1,110,0.4954954954954955,1,82,0.36936936936936937
13194,1,90,0.40540540540540543,1,62,0.27927927927927926
13195,1,70,0.3153153153153153,1,42,0.1891891891891892
13196,1,50,0.22522522522522523,1,22,0.0990990990990991
13197,1,30,0.13513513513513514,1,2,0.009009009009009009
13198,1,10,0.04504504504504504,0,-1,-1.0
13199,0,-1,-1.0,0,-1,-1.0
13200,0,-1,-1.0,0,-1,-1.0
13201,0,-1,-1.0,1,220,0.990990990990991
13202,0,-1,-1.0,1,200,0.9009009009009009
13203,1,208,0.9369369369369369,1,180,0.8108108108108109
13204,1,188,0.8468468468468469,1,160,0.7207207207207207
13205,1,168,0.7567567567567568,1,140,0.6306306306306306
13206,1,148,0.6666666666666666,1,120,0.5405405405405406
13207,1,128,0.5765765765765766,1,100,0.45045045045045046
13208,1,108,0.4864864864864865,1,80,0.36036036036036034
13209,1,88,0.3963963963963964,1,60,0.2702702702702703
13210,1,68,0.3063063063063063,1,40,0.18018018018018017
13211,1,48,0.21621621621621623,1,20,0.09009009009009009
13212,1,28,0.12612612612612611,1,0,0.0
13213,1,8,0.036036036036036036,1,189,0.8513513513513513
13214,1,197,0.8873873873873874,1,169,0.7612612612612613
13215,1,177,0.7972972972972973,1,149,0.6711711711711712
13216,1,157,0.7072072072072072,1,129,0.581081081081081
13217,1,137,0.6171171171171171,1,109,0.49099099099099097
13218,1,117,0.527027027027027,1,89,0.4009009009009009
13219,1,97,0.4369369369369369,1,69,0.3108108108108108
13220,1,77,0.34684684684684686,1,49,0.22072072072072071
13221,1,57,0.25675675675675674,1,29,0.13063063063063063
13222,1,37,0.16666666666666666,1,9,0.04054054054054054
13223,1,17,0.07657657657657657,0,-1,-1.0
13224,0,-1,-1.0,1,215,0.9684684684684685
13225,1,76,0.34234234234234234,0,-1,-1.0
13226,1,56,0.25225225225225223,0,-1,-1.0
13227,1,36,0.16216216216216217,0,-1,-1.0
13228,1,16,0.07207207207207207,0,-1,-1.0
13229,0,-1,-1.0,0,-1,-1.0
13230,0,-1,-1.0,0,-1,-1.0
13231,0,-1,-1.0,1,203,0.9144144144144144
13232,1,222,1.0,1,183,0.8243243243243243
13233,1,202,0.9099099099099099,1,163,0.7342342342342343
13234,1,182,0.8198198198198198,1,143,0.6441441441441441
13235,1,162,0.7297297297297297,1,123,0.5540540540540541
13236,1,142,0.6396396396396397,1,103,0.46396396396396394
13237,1,122,0.5495495495495496,1,83,0.3738738738738739
13238,1,102,0.4594594594594595,1,63,0.28378378378378377
13239,1,82,0.36936936936936937,1,43,0.19369369369369369
13240,1,62,0.27927927927927926,1,23,0.1036036036036036
13241,1,42,0.1891891891891892,1,3,0.013513513513513514
13242,1,22,0.0990990990990991,0,-1,-1.0
13243,1,2,0.009009009009009009,0,-1,-1.0
13244,0,-1,-1.0,0,-1,-1.0
13245,0,-1,-1.0,0,-1,-1.0
13246,0,-1,-1.0,1,213,0.9594594594594594
13247,0,-1,-1.0,1,193,0.8693693693693694
13248,1,212,0.954954954954955,1,173,0.7792792792792793
13249,1,192,0.8648648648648649,1,153,0.6891891891891891
13250,1,172,0.7747747747747747,1,133,0.5990990990990991
13251,1,152,0.6846846846846847,1,113,0.509009009009009
13252,1,132,0.5945945945945946,1,93,0.4189189189189189
13253,1,112,0.5045045045045045,1,73,0.32882882882882886
13254,1,92,0.4144144144144144,1,53,0.23873873873873874
13255,1,72,0.32432432432432434,1,33,0.14864864864864866
13256,1,52,0.23423423423423423,1,13,0.05855855855855856
13257,1,32,0.14414414414414414,0,-1,-1.0
13258,1,12,0.05405405405405406,0,-1,-1.0
13259,0,-1,-1.0,0,-1,-1.0
13260,0,-1,-1.0,1,222,1.0
13261,0,-1,-1.0,1,202,0.9099099099099099
13262,1,76,0.34234234234234234,0,-1,-1.0
13263,1,56,0.25225225225225223,0,-1,-1.0
13264,1,36,0.16216216216216217,0,-1,-1.0
13265,1,16,0.07207207207207207,0,-1,-1.0
13266,0,-1,-1.0,0,-1,-1.0
13267,0,-1,-1.0,0,-1,-1.0
13268,0,-1,-1.0,1,210,0.9459459459459459
13269,0,-1,-1.0,1,190,0.8558558558558559
13270,1,209,0.9414414414414415,1,170,0.7657657657657657
13271,1,189,0.8513513513513513,1,150,0.6756756756756757
13272,1,169,0.7612612612612613,1,130,0.5855855855855856
13273,1,149,0.6711711711711712,1,110,0.4954954954954955
13274,1,129,0.581081081081081,1,90,0.40540540540540543
13275,1,109,0.49099099099099097,1,70,0.3153153153153153
13276,1,89,0.4009009009009009,1,50,0.22522522522522523
13277,1,69,0.3108108108108108,1,30,0.13513513513513514
13278,1,49,0.22072072072072071,1,10,0.04504504504504504
13279,1,29,0.13063063063063063,1,212,0.954954954954955
13280,1,9,0.04054054054054054,1,192,0.8648648648648649
13281,1,211,0.9504504504504504,1,172,0.7747747747747747
13282,1,191,0.8603603603603603,1,152,0.6846846846846847
13283,1,171,0.7702702702702703,1,132,0.5945945945945946
13284,1,151,0.6801801801801802,1,112,0.5045045045045045
13285,1,131,0.5900900900900901,1,92,0.4144144144144144
13286,1,111,0.5,1,72,0.32432432432432434
13287,1,91,0.4099099099099099,1,52,0.23423423423423423
13288,1,71,0.31981981981981983,1,32,0.14414414414414414
13289,1,51,0.22972972972972974,1,12,0.05405405405405406
13290,1,31,0.13963963963963963,0,-1,-1.0
13291,1,11,0.04954954954954955,0,-1,-1.0
13292,0,-1,-1.0,0,-1,-1.0
13293,0,-1,-1.0,0,-1,-1.0
13294,0,-1,-1.0,0,-1,-1.0
13295,0,-1,-1.0,0,-1,-1.0
13296,0,-1,-1.0,1,218,0.9819819819819819
13297,0,-1,-1.0,1,198,0.8918918918918919
13298,1,24,0.10810810810810811,0,-1,-1.0
13299,1,4,0.018018018018018018,0,-1,-1.0
13300,0,-1,-1.0,0,-1,-1.0
13301,0,-1,-1.0,0,-1,-1.0
13302,0,-1,-1.0,0,-1,-1.0
13303,0,-1,-1.0,1,220,0.990990990990991
13304,1,213,0.9594594594594594,1,200,0.9009009009009009
13305,1,193,0.8693693693693694,1,180,0.8108108108108109
13306,1,173,0.7792792792792793,1,160,0.7207207207207207
13307,1,153,0.6891891891891891,1,140,0.6306306306306306
13308,1,133,0.5990990990990991,1,120,0.5405405405405406
13309,1,113,0.509009009009009,1,100,0.45045045045045046
13310,1,93,0.4189189189189189,1,80,0.36036036036036034
13311,1,73,0.32882882882882886,1,60,0.2702702702702703
13312,1,53,0.23873873873873874,1,40,0.18018018018018017
13313,1,33,0.14864864864864866,1,20,0.09009009009009009
13314,1,13,0.05855855855855856,1,0,0.0
13315,0,-1,-1.0,0,-1,-1.0
13316,0,-1,-1.0,0,-1,-1.0
13317,0,-1,-1.0,0,-1,-1.0
13318,1,216,0.972972972972973,1,203,0.9144144144144144
13319,1,196,0.8828828828828829,1,183,0.8243243243243243
13320,1,176,0.7927927927927928,1,163,0.7342342342342343
13321,1,156,0.7027027027027027,1,143,0.6441441441441441
13322,1,136,0.6126126126126126,1,123,0.5540540540540541
13323,1,116,0.5225225225225225,1,103,0.46396396396396394
13324,1,96,0.43243243243243246,1,83,0.3738738738738739
13325,1,76,0.34234234234234234,1,63,0.28378378378378377
13326,1,56,0.25225225225225223,1,43,0.19369369369369369
13327,1,36,0.16216216216216217,1,23,0.1036036036036036
13328,1,16,0.07207207207207207,1,3,0.013513513513513514
13329,0,-1,-1.0,1,218,0.9819819819819819
13330,1,211,0.9504504504504504,1,198,0.8918918918918919
13331,1,191,0.8603603603603603,1,178,0.8018018018018018
13332,1,171,0.7702702702702703,1,158,0.7117117117117117
13333,1,151,0.6801801801801802,1,138,0.6216216216216216
13334,1,131,0.5900900900900901,1,118,0.5315315315315315
13335,1,111,0.5,1,98,0.44144144144144143
13336,1,91,0.4099099099099099,1,78,0.35135135135135137
13337,1,71,0.31981981981981983,1,58,0.26126126126126126
13338,1,51,0.22972972972972974,1,38,0.17117117117117117
13339,1,31,0.13963963963963963,1,18,0.08108108108108109
13340,1,46,0.2072072072072072,0,-1,-1.0
13341,1,26,0.11711711711711711,1,207,0.9324324324324325
13342,1,6,0.02702702702702703,1,187,0.8423423423423423
13343,1,191,0.8603603603603603,1,167,0.7522522522522522
13344,1,171,0.7702702702702703,1,147,0.6621621621621622
13345,1,151,0.6801801801801802,1,127,0.5720720720720721
13346,1,131,0.5900900900900901,1,107,0.481981981981982
13347,1,111,0.5,1,87,0.3918918918918919
13348,1,91,0.4099099099099099,1,67,0.30180180180180183
13349,1,71,0.31981981981981983,1,47,0.21171171171171171
13350,1,51,0.22972972972972974,1,27,0.12162162162162163
13351,1,31,0.13963963963963963,1,7,0.03153153153153153
13352,1,11,0.04954954954954955,1,220,0.990990990990991
13353,0,-1,-1.0,1,200,0.9009009009009009
13354,1,204,0.918918918918919,1,180,0.8108108108108109
13355,1,184,0.8288288288288288,1,160,0.7207207207207207
13356,1,164,0.7387387387387387,1,140,0.6306306306306306
13357,1,144,0.6486486486486487,1,120,0.5405405405405406
13358,1,124,0.5585585585585585,1,100,0.45045045045045046
13359,1,104,0.46846846846846846,1,80,0.36036036036036034
13360,1,84,0.3783783783783784,1,60,0.2702702702702703
13361,1,64,0.2882882882882883,1,40,0.18018018018018017
13362,1,44,0.1981981981981982,1,20,0.09009009009009009
13363,1,24,0.10810810810810811,1,0,0.0
13364,1,4,0.018018018018018018,0,-1,-1.0
13365,0,-1,-1.0,1,222,1.0
13366,0,-1,-1.0,1,202,0.9099099099099099
13367,1,206,0.9279279279279279,1,182,0.8198198198198198
13368,1,186,0.8378378378378378,1,162,0.7297297297297297
13369,1,166,0.7477477477477478,1,142,0.6396396396396397
13370,1,146,0.6576576576576577,1,122,0.5495495495495496
13371,1,126,0.5675675675675675,1,102,0.4594594594594595
13372,1,106,0.4774774774774775,1,82,0.36936936936936937
13373,1,86,0.38738738738738737,1,62,0.27927927927927926
13374,1,66,0.2972972972972973,1,42,0.1891891891891892
13375,1,46,0.2072072072072072,1,22,0.0990990990990991
13376,1,26,0.11711711711711711,1,2,0.009009009009009009
13377,1,6,0.02702702702702703,0,-1,-1.0
13378,0,-1,-1.0,0,-1,-1.0
13379,0,-1,-1.0,0,-1,-1.0
13380,1,42,0.1891891891891892,0,-1,-1.0
13381,1,22,0.0990990990990991,0,-1,-1.0
13382,1,2,0.009009009009009009,0,-1,-1.0
13383,0,-1,-1.0,0,-1,-1.0
13384,0,-1,-1.0,1,222,1.0
13385,0,-1,-1.0,1,202,0.9099099099099099
13386,1,204,0.918918918918919,1,182,0.8198198198198198
13387,1,184,0.8288288288288288,1,162,0.7297297297297297
13388,1,164,0.7387387387387387,1,142,0.6396396396396397
13389,1,144,0.6486486486486487,1,122,0.5495495495495496
13390,1,124,0.5585585585585585,1,102,0.4594594594594595
13391,1,104,0.46846846846846846,1,82,0.36936936936936937
13392,1,84,0.3783783783783784,1,62,0.27927927927927926
13393,1,64,0.2882882882882883,1,42,0.1891891891891892
13394,1,44,0.1981981981981982,1,22,0.0990990990990991
13395,1,24,0.10810810810810811,1,2,0.009009009009009009
13396,1,4,0.018018018018018018,0,-1,-1.0
13397,0,-1,-1.0,0,-1,-1.0
13398,0,-1,-1.0,1,209,0.9414414414414415
13399,1,211,0.9504504504504504,1,189,0.8513513513513513
13400,1,191,0.8603603603603603,1,169,0.7612612612612613
13401,1,171,0.7702702702702703,1,149,0.6711711711711712
13402,1,151,0.6801801801801802,1,129,0.581081081081081
13403,1,131,0.5900900900900901,1,109,0.49099099099099097
13404,1,111,0.5,1,89,0.4009009009009009
13405,1,91,0.4099099099099099,1,69,0.3108108108108108
13406,1,71,0.31981981981981983,1,49,0.22072072072072071
13407,1,51,0.22972972972972974,1,29,0.13063063063063063
13408,1,31,0.13963963963963963,1,9,0.04054054054054054
13409,1,11,0.04954954954954955,0,-1,-1.0
13410,0,-1,-1.0,1,220,0.990990990990991
13411,1,222,1.0,1,200,0.9009009009009009
13412,1,202,0.9099099099099099,1,180,0.8108108108108109
13413,1,182,0.8198198198198198,1,160,0.7207207207207207
13414,1,162,0.7297297297297297,1,140,0.6306306306306306
13415,1,142,0.6396396396396397,1,120,0.5405405405405406
13416,1,122,0.5495495495495496,1,100,0.45045045045045046
13417,1,102,0.4594594594594595,1,80,0.36036036036036034
13418,1,82,0.36936936936936937,1,60,0.2702702702702703
13419,1,62,0.27927927927927926,1,40,0.18018018018018017
13420,1,42,0.1891891891891892,1,20,0.09009009009009009
13421,1,22,0.0990990990990991,1,0,0.0
13422,1,2,0.009009009009009009,0,-1,-1.0
13423,0,-1,-1.0,0,-1,-1.0
13424,1,52,0.23423423423423423,0,-1,-1.0
13425,1,32,0.14414414414414414,0,-1,-1.0
13426,1,12,0.05405405405405406,0,-1,-1.0
13427,0,-1,-1.0,1,210,0.9459459459459459
13428,1,217,0.9774774774774775,1,190,0.8558558558558559
13429,1,197,0.8873873873873874,1,170,0.7657657657657657
13430,1,177,0.7972972972972973,1,150,0.6756756756756757
13431,1,157,0.7072072072072072,1,130,0.5855855855855856
13432,1,137,0.6171171171171171,1,110,0.4954954954954955
13433,1,117,0.527027027027027,1,90,0.40540540540540543
13434,1,97,0.4369369369369369,1,70,0.3153153153153153
13435,1,77,0.34684684684684686,1,50,0.22522522522522523
13436,1,57,0.25675675675675674,1,30,0.13513513513513514
13437,1,37,0.16666666666666666,1,10,0.04504504504504504
13438,1,17,0.07657657657657657,1,178,0.8018018018018018
13439,1,185,0.8333333333333334,1,158,0.7117117117117117
13440,1,165,0.7432432432432432,1,138,0.6216216216216216
13441,1,145,0.6531531531531531,1,118,0.5315315315315315
13442,1,125,0.5630630630630631,1,98,0.44144144144144143
13443,1,105,0.47297297297297297,1,78,0.35135135135135137
13444,1,85,0.38288288288288286,1,58,0.26126126126126126
13445,1,65,0.2927927927927928,1,38,0.17117117117117117
13446,1,45,0.20270270270270271,1,18,0.08108108108108109
13447,1,20,0.09009009009009009,0,-1,-1.0
13448,1,0,0.0,0,-1,-1.0
13449,1,216,0.972972972972973,1,205,0.9234234234234234
13450,1,196,0.8828828828828829,1,185,0.8333333333333334
13451,1,176,0.7927927927927928,1,165,0.7432432432432432
13452,1,156,0.7027027027027027,1,145,0.6531531531531531
13453,1,136,0.6126126126126126,1,125,0.5630630630630631
13454,1,116,0.5225225225225225,1,105,0.47297297297297297
13455,1,96,0.43243243243243246,1,85,0.38288288288288286
13456,1,76,0.34234234234234234,1,65,0.2927927927927928
13457,1,56,0.25225225225225223,1,45,0.20270270270270271
13458,1,36,0.16216216216216217,1,25,0.11261261261261261
13459,1,16,0.07207207207207207,1,5,0.02252252252252252
13460,0,-1,-1.0,0,-1,-1.0
13461,0,-1,-1.0,0,-1,-1.0
13462,0,-1,-1.0,0,-1,-1.0
13463,0,-1,-1.0,0,-1,-1.0
13464,0,-1,-1.0,0,-1,-1.0
13465,1,219,0.9864864864864865,1,208,0.9369369369369369
13466,1,199,0.8963963963963963,1,188,0.8468468468468469
13467,1,179,0.8063063063063063,1,168,0.7567567567567568
13468,1,159,0.7162162162162162,1,148,0.6666666666666666
13469,1,139,0.6261261261261262,1,128,0.5765765765765766
13470,1,119,0.536036036036036,1,108,0.4864864864864865
13471,1,99,0.44594594594594594,1,88,0.3963963963963964
13472,1,79,0.35585585585585583,1,68,0.3063063063063063
13473,1,59,0.26576576576576577,1,48,0.21621621621621623
13474,1,39,0.17567567567567569,1,28,0.12612612612612611
13475,1,19,0.08558558558558559,1,8,0.036036036036036036
13476,0,-1,-1.0,0,-1,-1.0
13477,1,221,0.9954954954954955,1,210,0.9459459459459459
13478,1,201,0.9054054054054054,1,190,0.8558558558558559
13479,1,181,0.8153153153153153,1,170,0.7657657657657657
13480,1,161,0.7252252252252253,1,150,0.6756756756756757
13481,1,141,0.6351351351351351,1,130,0.5855855855855856
13482,1,121,0.545045045045045,1,110,0.4954954954954955
13483,1,101,0.45495495495495497,1,90,0.40540540540540543
13484,1,81,0.36486486486486486,1,70,0.3153153153153153
13485,1,61,0.2747747747747748,1,50,0.22522522522522523
13486,1,41,0.18468468468468469,1,30,0.13513513513513514
13487,1,21,0.0945945945945946,1,10,0.04504504504504504
13488,1,1,0.0045045045045045045,0,-1,-1.0
13489,0,-1,-1.0,1,211,0.9504504504504504
13490,1,48,0.21621621621621623,0,-1,-1.0
13491,1,28,0.12612612612612611,0,-1,-1.0
13492,1,8,0.036036036036036036,0,-1,-1.0
13493,0,-1,-1.0,0,-1,-1.0
13494,0,-1,-1.0,1,206,0.9279279279279279
13495,1,211,0.9504504504504504,1,186,0.8378378378378378
13496,1,191,0.8603603603603603,1,166,0.7477477477477478
13497,1,171,0.7702702702702703,1,146,0.6576576576576577
13498,1,151,0.6801801801801802,1,126,0.5675675675675675
13499,1,131,0.5900900900900901,1,106,0.4774774774774775
13500,1,111,0.5,1,86,0.38738738738738737
13501,1,91,0.4099099099099099,1,66,0.2972972972972973
13502,1,71,0.31981981981981983,1,46,0.2072072072072072
13503,1,51,0.22972972972972974,1,26,0.11711711711711711
13504,1,31,0.13963963963963963,1,6,0.02702702702702703
13505,1,11,0.04954954954954955,0,-1,-1.0
13506,0,-1,-1.0,0,-1,-1.0
13507,0,-1,-1.0,0,-1,-1.0
13508,0,-1,-1.0,0,-1,-1.0
13509,0,-1,-1.0,1,220,0.990990990990991
13510,0,-1,-1.0,1,200,0.9009009009009009
13511,1,205,0.9234234234234234,1,180,0.8108108108108109
13512,1,185,0.8333333333333334,1,160,0.7207207207207207
13513,1,165,0.7432432432432432,1,140,0.6306306306306306
13514,1,145,0.6531531531531531,1,120,0.5405405405405406
13515,1,125,0.5630630630630631,1,100,0.45045045045045046
13516,1,105,0.47297297297297297,1,80,0.36036036036036034
13517,1,85,0.38288288288288286,1,60,0.2702702702702703
13518,1,65,0.2927927927927928,1,40,0.18018018018018017
13519,1,45,0.20270270270270271,1,20,0.09009009009009009
13520,1,25,0.11261261261261261,1,0,0.0
13521,1,5,0.02252252252252252,0,-1,-1.0
13522,0,-1,-1.0,0,-1,-1.0
13523,0,-1,-1.0,1,209,0.9414414414414415
13524,1,214,0.963963963963964,1,189,0.8513513513513513
13525,1,194,0.8738738738738738,1,169,0.7612612612612613
13526,1,174,0.7837837837837838,1,149,0.6711711711711712
13527,1,154,0.6936936936936937,1,129,0.581081081081081
13528,1,134,0.6036036036036037,1,109,0.49099099099099097
13529,1,114,0.5135135135135135,1,89,0.4009009009009009
13530,1,94,0.42342342342342343,1,69,0.3108108108108108
13531,1,74,0.3333333333333333,1,49,0.22072072072072071
13532,1,54,0.24324324324324326,1,29,0.13063063063063063
13533,1,34,0.15315315315315314,1,9,0.04054054054054054
13534,1,14,0.06306306306306306,0,-1,-1.0
13535,0,-1,-1.0,0,-1,-1.0
13536,0,-1,-1.0,1,213,0.9594594594594594
13537,1,28,0.12612612612612611,0,-1,-1.0
13538,1,8,0.036036036036036036,0,-1,-1.0
13539,0,-1,-1.0,1,222,1.0
13540,1,217,0.9774774774774775,1,202,0.9099099099099099
13541,1,197,0.8873873873873874,1,182,0.8198198198198198
13542,1,177,0.7972972972972973,1,162,0.7297297297297297
13543,1,157,0.7072072072072072,1,142,0.6396396396396397
13544,1,137,0.6171171171171171,1,122,0.5495495495495496
13545,1,117,0.527027027027027,1,102,0.4594594594594595
13546,1,97,0.4369369369369369,1,82,0.36936936936936937
13547,1,77,0.34684684684684686,1,62,0.27927927927927926
13548,1,57,0.25675675675675674,1,42,0.1891891891891892
13549,1,37,0.16666666666666666,1,22,0.0990990990990991
13550,1,17,0.07657657657657657,1,2,0.009009009009009009
13551,0,-1,-1.0,1,220,0.990990990990991
13552,1,215,0.9684684684684685,1,200,0.9009009009009009
13553,1,195,0.8783783783783784,1,180,0.8108108108108109
13554,1,175,0.7882882882882883,1,160,0.7207207207207207
13555,1,155,0.6981981981981982,1,140,0.6306306306306306
13556,1,135,0.6081081081081081,1,120,0.5405405405405406
13557,1,115,0.5180180180180181,1,100,0.45045045045045046
13558,1,95,0.42792792792792794,1,80,0.36036036036036034
13559,1,75,0.33783783783783783,1,60,0.2702702702702703
13560,1,55,0.24774774774774774,1,40,0.18018018018018017
13561,1,35,0.15765765765765766,1,20,0.09009009009009009
13562,1,15,0.06756756756756757,1,0,0.0
13563,0,-1,-1.0,0,-1,-1.0
13564,0,-1,-1.0,0,-1,-1.0
13565,0,-1,-1.0,1,213,0.9594594594594594
13566,1,80,0.36036036036036034,0,-1,-1.0
13567,1,60,0.2702702702702703,0,-1,-1.0
13568,1,40,0.18018018018018017,0,-1,-1.0
13569,1,20,0.09009009009009009,1,221,0.9954954954954955
13570,1,0,0.0,1,201,0.9054054054054054
13571,1,222,1.0,1,181,0.8153153153153153
13572,1,202,0.9099099099099099,1,161,0.7252252252252253
13573,1,182,0.8198198198198198,1,141,0.6351351351351351
13574,1,162,0.7297297297297297,1,121,0.545045045045045
13575,1,142,0.6396396396396397,1,101,0.45495495495495497
13576,1,122,0.5495495495495496,1,81,0.36486486486486486
13577,1,102,0.4594594594594595,1,61,0.2747747747747748
13578,1,82,0.36936936936936937,1,41,0.18468468468468469
13579,1,62,0.27927927927927926,1,21,0.0945945945945946
13580,1,42,0.1891891891891892,1,1,0.0045045045045045045
13581,1,22,0.0990990990990991,0,-1,-1.0
13582,1,2,0.009009009009009009,0,-1,-1.0
13583,0,-1,-1.0,0,-1,-1.0
13584,0,-1,-1.0,0,-1,-1.0
13585,0,-1,-1.0,1,206,0.9279279279279279
13586,0,-1,-1.0,1,186,0.8378378378378378
13587,1,207,0.9324324324324325,1,166,0.7477477477477478
13588,1,187,0.8423423423423423,1,146,0.6576576576576577
13589,1,167,0.7522522522522522,1,126,0.5675675675675675
13590,1,147,0.6621621621621622,1,106,0.4774774774774775
13591,1,127,0.5720720720720721,1,86,0.38738738738738737
13592,1,107,0.481981981981982,1,66,0.2972972972972973
13593,1,87,0.3918918918918919,1,46,0.2072072072072072
13594,1,67,0.30180180180180183,1,26,0.11711711711711711
13595,1,47,0.21171171171171171,1,6,0.02702702702702703
13596,1,72,0.32432432432432434,0,-1,-1.0
13597,1,52,0.23423423423423423,0,-1,-1.0
13598,1,32,0.14414414414414414,0,-1,-1.0
13599,1,12,0.05405405405405406,0,-1,-1.0
13600,0,-1,-1.0,1,209,0.9414414414414415
13601,0,-1,-1.0,1,189,0.8513513513513513
13602,1,206,0.9279279279279279,1,169,0.7612612612612613
13603,1,186,0.8378378378378378,1,149,0.6711711711711712
13604,1,166,0.7477477477477478,1,129,0.581081081081081
13605,1,146,0.6576576576576577,1,109,0.49099099099099097
13606,1,126,0.5675675675675675,1,89,0.4009009009009009
13607,1,106,0.4774774774774775,1,69,0.3108108108108108
13608,1,86,0.38738738738738737,1,49,0.22072072072072071
13609,1,66,0.2972972972972973,1,29,0.13063063063063063
13610,1,46,0.2072072072072072,1,9,0.04054054054054054
13611,1,26,0.11711711711711711,1,196,0.8828828828828829
13612,1,6,0.02702702702702703,1,176,0.7927927927927928
13613,1,193,0.8693693693693694,1,156,0.7027027027027027
13614,1,173,0.7792792792792793,1,136,0.6126126126126126
13615,1,153,0.6891891891891891,1,116,0.5225225225225225
13616,1,133,0.5990990990990991,1,96,0.43243243243243246
13617,1,113,0.509009009009009,1,76,0.34234234234234234
13618,1,93,0.4189189189189189,1,56,0.25225225225225223
13619,1,73,0.32882882882882886,1,36,0.16216216216216217
13620,1,53,0.23873873873873874,1,16,0.07207207207207207
13621,1,33,0.14864864864864866,0,-1,-1.0
13622,1,13,0.05855855855855856,0,-1,-1.0
13623,0,-1,-1.0,0,-1,-1.0
13624,0,-1,-1.0,1,220,0.990990990990991
13625,0,-1,-1.0,1,200,0.9009009009009009
13626,1,217,0.9774774774774775,1,180,0.8108108108108109
13627,1,197,0.8873873873873874,1,160,0.7207207207207207
13628,1,177,0.7972972972972973,1,140,0.6306306306306306
13629,1,157,0.7072072072072072,1,120,0.5405405405405406
13630,1,137,0.6171171171171171,1,100,0.45045045045045046
13631,1,117,0.527027027027027,1,80,0.36036036036036034
13632,1,97,0.4369369369369369,1,60,0.2702702702702703
13633,1,77,0.34684684684684686,1,40,0.18018018018018017
13634,1,57,0.25675675675675674,1,20,0.09009009009009009
13635,1,37,0.16666666666666666,1,0,0.0
13636,1,17,0.07657657657657657,0,-1,-1.0
13637,0,-1,-1.0,0,-1,-1.0
13638,0,-1,-1.0,0,-1,-1.0
13639,0,-1,-1.0,0,-1,-1.0
13640,0,-1,-1.0,1,221,0.9954954954954955
13641,1,48,0.21621621621621623,0,-1,-1.0
13642,1,28,0.12612612612612611,0,-1,-1.0
13643,1,8,0.036036036036036036,1,222,1.0
13644,0,-1,-1.0,1,202,0.9099099099099099
13645,1,207,0.9324324324324325,1,182,0.8198198198198198
13646,1,187,0.8423423423423423,1,162,0.7297297297297297
13647,1,167,0.7522522522522522,1,142,0.6396396396396397
13648,1,147,0.6621621621621622,1,122,0.5495495495495496
13649,1,127,0.5720720720720721,1,102,0.4594594594594595
13650,1,107,0.481981981981982,1,82,0.36936936936936937
13651,1,87,0.3918918918918919,1,62,0.27927927927927926
13652,1,67,0.30180180180180183,1,42,0.1891891891891892
13653,1,47,0.21171171171171171,1,22,0.0990990990990991
13654,1,27,0.12162162162162163,1,2,0.009009009009009009
13655,1,7,0.03153153153153153,1,196,0.8828828828828829
13656,1,201,0.9054054054054054,1,176,0.7927927927927928
13657,1,181,0.8153153153153153,1,156,0.7027027027027027
13658,1,161,0.7252252252252253,1,136,0.6126126126126126
13659,1,141,0.6351351351351351,1,116,0.5225225225225225
13660,1,121,0.545045045045045,1,96,0.43243243243243246
13661,1,101,0.45495495495495497,1,76,0.34234234234234234
13662,1,81,0.36486486486486486,1,56,0.25225225225225223
13663,1,61,0.2747747747747748,1,36,0.16216216216216217
13664,1,41,0.18468468468468469,1,16,0.07207207207207207
13665,1,21,0.0945945945945946,1,216,0.972972972972973
13666,1,1,0.0045045045045045045,1,196,0.8828828828828829
13667,1,74,0.3333333333333333,0,-1,-1.0
13668,1,54,0.24324324324324326,0,-1,-1.0
13669,1,34,0.15315315315315314,0,-1,-1.0
13670,1,14,0.06306306306306306,0,-1,-1.0
13671,0,-1,-1.0,0,-1,-1.0
13672,0,-1,-1.0,0,-1,-1.0
13673,0,-1,-1.0,1,205,0.9234234234234234
13674,0,-1,-1.0,1,185,0.8333333333333334
13675,1,203,0.9144144144144144,1,165,0.7432432432432432
13676,1,183,0.8243243243243243,1,145,0.6531531531531531
13677,1,163,0.7342342342342343,1,125,0.5630630630630631
13678,1,143,0.6441441441441441,1,105,0.47297297297297297
13679,1,123,0.5540540540540541,1,85,0.38288288288288286
13680,1,103,0.46396396396396394,1,65,0.2927927927927928
13681,1,83,0.3738738738738739,1,45,0.20270270270270271
13682,1,63,0.28378378378378377,1,25,0.11261261261261261
13683,1,43,0.19369369369369369,1,5,0.02252252252252252
13684,1,23,0.1036036036036036,0,-1,-1.0
13685,1,3,0.013513513513513514,0,-1,-1.0
13686,0,-1,-1.0,0,-1,-1.0
13687,0,-1,-1.0,0,-1,-1.0
13688,0,-1,-1.0,0,-1,-1.0
13689,0,-1,-1.0,0,-1,-1.0
13690,0,-1,-1.0,1,214,0.963963963963964
13691,0,-1,-1.0,1,194,0.8738738738738738
13692,1,212,0.954954954954955,1,174,0.7837837837837838
13693,1,192,0.8648648648648649,1,154,0.6936936936936937
13694,1,172,0.7747747747747747,1,134,0.6036036036036037
13695,1,152,0.6846846846846847,1,114,0.5135135135135135
13696,1,132,0.5945945945945946,1,94,0.42342342342342343
13697,1,112,0.5045045045045045,1,74,0.3333333333333333
13698,1,92,0.4144144144144144,1,54,0.24324324324324326
13699,1,72,0.32432432432432434,1,34,0.15315315315315314
13700,1,52,0.23423423423423423,1,14,0.06306306306306306
13701,1,32,0.14414414414414414,1,167,0.7522522522522522
13702,1,12,0.05405405405405406,1,147,0.6621621621621622
13703,1,165,0.7432432432432432,1,127,0.5720720720720721
13704,1,145,0.6531531531531531,1,107,0.481981981981982
13705,1,125,0.5630630630630631,1,87,0.3918918918918919
13706,1,105,0.47297297297297297,1,67,0.30180180180180183
13707,1,85,0.38288288288288286,1,47,0.21171171171171171
13708,1,65,0.2927927927927928,1,27,0.12162162162162163
13709,1,45,0.20270270270270271,1,7,0.03153153153153153
13710,1,25,0.11261261261261261,1,214,0.963963963963964
13711,1,54,0.24324324324324326,0,-1,-1.0
13712,1,34,0.15315315315315314,0,-1,-1.0
13713,1,14,0.06306306306306306,0,-1,-1.0
13714,0,-1,-1.0,0,-1,-1.0
13715,0,-1,-1.0,0,-1,-1.0
13716,0,-1,-1.0,1,208,0.9369369369369369
13717,1,216,0.972972972972973,1,188,0.8468468468468469
13718,1,196,0.8828828828828829,1,168,0.7567567567567568
13719,1,176,0.7927927927927928,1,148,0.6666666666666666
13720,1,156,0.7027027027027027,1,128,0.5765765765765766
13721,1,136,0.6126126126126126,1,108,0.4864864864864865
13722,1,116,0.5225225225225225,1,88,0.3963963963963964
13723,1,96,0.43243243243243246,1,68,0.3063063063063063
13724,1,76,0.34234234234234234,1,48,0.21621621621621623
13725,1,56,0.25225225225225223,1,28,0.12612612612612611
13726,1,36,0.16216216216216217,1,8,0.036036036036036036
13727,1,16,0.07207207207207207,0,-1,-1.0
13728,0,-1,-1.0,0,-1,-1.0
13729,0,-1,-1.0,0,-1,-1.0
13730,0,-1,-1.0,1,203,0.9144144144144144
13731,1,211,0.9504504504504504,1,183,0.8243243243243243
13732,1,191,0.8603603603603603,1,163,0.7342342342342343
13733,1,171,0.7702702702702703,1,143,0.6441441441441441
13734,1,151,0.6801801801801802,1,123,0.5540540540540541
13735,1,131,0.5900900900900901,1,103,0.46396396396396394
13736,1,111,0.5,1,83,0.3738738738738739
13737,1,91,0.4099099099099099,1,63,0.28378378378378377
13738,1,71,0.31981981981981983,1,43,0.19369369369369369
13739,1,51,0.22972972972972974,1,23,0.1036036036036036
13740,1,31,0.13963963963963963,1,3,0.013513513513513514
13741,1,11,0.04954954954954955,1,200,0.9009009009009009
13742,1,208,0.9369369369369369,1,180,0.8108108108108109
13743,1,188,0.8468468468468469,1,160,0.7207207207207207
13744,1,168,0.7567567567567568,1,140,0.6306306306306306
13745,1,148,0.6666666666666666,1,120,0.5405405405405406
13746,1,128,0.5765765765765766,1,100,0.45045045045045046
13747,1,108,0.4864864864864865,1,80,0.36036036036036034
13748,1,88,0.3963963963963964,1,60,0.2702702702702703
13749,1,68,0.3063063063063063,1,40,0.18018018018018017
13750,1,48,0.21621621621621623,1,20,0.09009009009009009
13751,1,28,0.12612612612612611,1,0,0.0
13752,1,72,0.32432432432432434,0,-1,-1.0
13753,1,52,0.23423423423423423,0,-1,-1.0
13754,1,32,0.14414414414414414,0,-1,-1.0
13755,1,12,0.05405405405405406,0,-1,-1.0
13756,0,-1,-1.0,0,-1,-1.0
13757,0,-1,-1.0,0,-1,-1.0
13758,0,-1,-1.0,0,-1,-1.0
13759,0,-1,-1.0,0,-1,-1.0
13760,0,-1,-1.0,1,219,0.9864864864864865
13761,0,-1,-1.0,1,199,0.8963963963963963
13762,1,216,0.972972972972973,1,179,0.8063063063063063
13763,1,196,0.8828828828828829,1,159,0.7162162162162162
13764,1,176,0.7927927927927928,1,139,0.6261261261261262
13765,1,156,0.7027027027027027,1,119,0.536036036036036
13766,1,136,0.6126126126126126,1,99,0.44594594594594594
13767,1,116,0.5225225225225225,1,79,0.35585585585585583
13768,1,96,0.43243243243243246,1,59,0.26576576576576577
13769,1,76,0.34234234234234234,1,39,0.17567567567567569
13770,1,56,0.25225225225225223,1,19,0.08558558558558559
13771,1,36,0.16216216216216217,1,215,0.9684684684684685
13772,1,16,0.07207207207207207,1,195,0.8783783783783784
13773,1,212,0.954954954954955,1,175,0.7882882882882883
13774,1,192,0.8648648648648649,1,155,0.6981981981981982
13775,1,172,0.7747747747747747,1,135,0.6081081081081081
13776,1,152,0.6846846846846847,1,115,0.5180180180180181
13777,1,132,0.5945945945945946,1,95,0.42792792792792794
13778,1,112,0.5045045045045045,1,75,0.33783783783783783
13779,1,92,0.4144144144144144,1,55,0.24774774774774774
13780,1,72,0.32432432432432434,1,35,0.15765765765765766
13781,1,52,0.23423423423423423,1,15,0.06756756756756757
13782,1,32,0.14414414414414414,0,-1,-1.0
13783,1,12,0.05405405405405406,0,-1,-1.0
13784,0,-1,-1.0,0,-1,-1.0
13785,0,-1,-1.0,1,217,0.9774774774774775
13786,0,-1,-1.0,1,197,0.8873873873873874
13787,1,76,0.34234234234234234,0,-1,-1.0
13788,1,56,0.25225225225225223,0,-1,-1.0
13789,1,36,0.16216216216216217,0,-1,-1.0
13790,1,16,0.07207207207207207,0,-1,-1.0
13791,0,-1,-1.0,1,219,0.9864864864864865
13792,0,-1,-1.0,1,199,0.8963963963963963
13793,1,218,0.9819819819819819,1,179,0.8063063063063063
13794,1,198,0.8918918918918919,1,159,0.7162162162162162
13795,1,178,0.8018018018018018,1,139,0.6261261261261262
13796,1,158,0.7117117117117117,1,119,0.536036036036036
13797,1,138,0.6216216216216216,1,99,0.44594594594594594
13798,1,118,0.5315315315315315,1,79,0.35585585585585583
13799,1,98,0.44144144144144143,1,59,0.26576576576576577
13800,1,78,0.35135135135135137,1,39,0.17567567567567569
13801,1,58,0.26126126126126126,1,19,0.08558558558558559
13802,1,38,0.17117117117117117,0,-1,-1.0
13803,1,18,0.08108108108108109,0,-1,-1.0
13804,0,-1,-1.0,0,-1,-1.0
13805,0,-1,-1.0,1,206,0.9279279279279279
13806,0,-1,-1.0,1,186,0.8378378378378378
13807,1,205,0.9234234234234234,1,166,0.7477477477477478
13808,1,185,0.8333333333333334,1,146,0.6576576576576577
13809,1,165,0.7432432432432432,1,126,0.5675675675675675
13810,1,145,0.6531531531531531,1,106,0.4774774774774775
13811,1,125,0.5630630630630631,1,86,0.38738738738738737
13812,1,105,0.47297297297297297,1,66,0.2972972972972973
13813,1,85,0.38288288288288286,1,46,0.2072072072072072
13814,1,65,0.2927927927927928,1,26,0.11711711711711711
13815,1,45,0.20270270270270271,1,6,0.02702702702702703
13816,1,25,0.11261261261261261,1,222,1.0
13817,1,5,0.02252252252252252,1,202,0.9099099099099099
13818,1,76,0.34234234234234234,0,-1,-1.0
13819,1,56,0.25225225225225223,0,-1,-1.0
13820,1,36,0.16216216216216217,0,-1,-1.0
13821,1,16,0.07207207207207207,0,-1,-1.0
13822,0,-1,-1.0,0,-1,-1.0
13823,0,-1,-1.0,0,-1,-1.0
13824,0,-1,-1.0,1,207,0.9324324324324325
13825,0,-1,-1.0,1,187,0.8423423423423423
13826,1,206,0.9279279279279279,1,167,0.7522522522522522
13827,1,186,0.8378378378378378,1,147,0.6621621621621622
13828,1,166,0.7477477477477478,1,127,0.5720720720720721
13829,1,146,0.6576576576576577,1,107,0.481981981981982
13830,1,126,0.5675675675675675,1,87,0.3918918918918919
13831,1,106,0.4774774774774775,1,67,0.30180180180180183
13832,1,86,0.38738738738738737,1,47,0.21171171171171171
13833,1,66,0.2972972972972973,1,27,0.12162162162162163
13834,1,46,0.2072072072072072,1,7,0.03153153153153153
13835,1,26,0.11711711711711711,0,-1,-1.0
13836,1,6,0.02702702702702703,0,-1,-1.0
13837,0,-1,-1.0,1,209,0.9414414414414415
13838,0,-1,-1.0,1,189,0.8513513513513513
13839,1,208,0.9369369369369369,1,169,0.7612612612612613
13840,1,188,0.8468468468468469,1,149,0.6711711711711712
13841,1,168,0.7567567567567568,1,129,0.581081081081081
13842,1,148,0.6666666666666666,1,109,0.49099099099099097
13843,1,128,0.5765765765765766,1,89,0.4009009009009009
13844,1,108,0.4864864864864865,1,69,0.3108108108108108
13845,1,88,0.3963963963963964,1,49,0.22072072072072071
13846,1,68,0.3063063063063063,1,29,0.13063063063063063
13847,1,48,0.21621621621621623,1,9,0.04054054054054054
13848,1,28,0.12612612612612611,0,-1,-1.0
13849,1,8,0.036036036036036036,0,-1,-1.0
13850,0,-1,-1.0,0,-1,-1.0
13851,0,-1,-1.0,0,-1,-1.0
13852,0,-1,-1.0,1,218,0.9819819819819819
13853,1,54,0.24324324324324326,0,-1,-1.0
13854,1,34,0.15315315315315314,0,-1,-1.0
13855,1,14,0.06306306306306306,0,-1,-1.0
13856,0,-1,-1.0,1,208,0.9369369369369369
13857,1,216,0.972972972972973,1,188,0.8468468468468469
13858,1,196,0.8828828828828829,1,168,0.7567567567567568
13859,1,176,0.7927927927927928,1,148,0.6666666666666666
13860,1,156,0.7027027027027027,1,128,0.5765765765765766
13861,1,136,0.6126126126126126,1,108,0.4864864864864865
13862,1,116,0.5225225225225225,1,88,0.3963963963963964
13863,1,96,0.43243243243243246,1,68,0.3063063063063063
13864,1,76,0.34234234234234234,1,48,0.21621621621621623
13865,1,56,0.25225225225225223,1,28,0.12612612612612611
13866,1,36,0.16216216216216217,1,8,0.036036036036036036
13867,1,16,0.07207207207207207,0,-1,-1.0
13868,0,-1,-1.0,1,222,1.0
13869,0,-1,-1.0,1,202,0.9099099099099099
13870,1,210,0.9459459459459459,1,182,0.8198198198198198
13871,1,190,0.8558558558558559,1,162,0.7297297297297297
13872,1,170,0.7657657657657657,1,142,0.6396396396396397
13873,1,150,0.6756756756756757,1,122,0.5495495495495496
13874,1,130,0.5855855855855856,1,102,0.4594594594594595
13875,1,110,0.4954954954954955,1,82,0.36936936936936937
13876,1,90,0.40540540540540543,1,62,0.27927927927927926
13877,1,70,0.3153153153153153,1,42,0.1891891891891892
13878,1,50,0.22522522522522523,1,22,0.0990990990990991
13879,1,30,0.13513513513513514,1,2,0.009009009009009009
13880,1,10,0.04504504504504504,1,186,0.8378378378378378
13881,1,194,0.8738738738738738,1,166,0.7477477477477478
13882,1,174,0.7837837837837838,1,146,0.6576576576576577
13883,1,154,0.6936936936936937,1,126,0.5675675675675675
13884,1,134,0.6036036036036037,1,106,0.4774774774774775
13885,1,114,0.5135135135135135,1,86,0.38738738738738737
13886,1,94,0.42342342342342343,1,66,0.2972972972972973
13887,1,74,0.3333333333333333,1,46,0.2072072072072072
13888,1,54,0.24324324324324326,1,26,0.11711711711711711
13889,1,34,0.15315315315315314,1,6,0.02702702702702703
13890,1,14,0.06306306306306306,0,-1,-1.0
13891,0,-1,-1.0,0,-1,-1.0
13892,0,-1,-1.0,0,-1,-1.0
13893,0,-1,-1.0,0,-1,-1.0
13894,0,-1,-1.0,0,-1,-1.0
13895,0,-1,-1.0,1,210,0.9459459459459459
13896,1,82,0.36936936936936937,0,-1,-1.0
13897,1,62,0.27927927927927926,0,-1,-1.0
13898,1,42,0.1891891891891892,0,-1,-1.0
13899,1,22,0.0990990990990991,0,-1,-1.0
13900,1,2,0.009009009009009009,0,-1,-1.0
13901,0,-1,-1.0,0,-1,-1.0
13902,0,-1,-1.0,1,204,0.918918918918919
13903,0,-1,-1.0,1,184,0.8288288288288288
13904,1,206,0.9279279279279279,1,164,0.7387387387387387
13905,1,186,0.8378378378378378,1,144,0.6486486486486487
13906,1,166,0.7477477477477478,1,124,0.5585585585585585
13907,1,146,0.6576576576576577,1,104,0.46846846846846846
13908,1,126,0.5675675675675675,1,84,0.3783783783783784
13909,1,106,0.4774774774774775,1,64,0.2882882882882883
13910,1,86,0.38738738738738737,1,44,0.1981981981981982
13911,1,66,0.2972972972972973,1,24,0.10810810810810811
13912,1,46,0.2072072072072072,1,4,0.018018018018018018
13913,1,26,0.11711711711711711,0,-1,-1.0
13914,1,6,0.02702702702702703,1,217,0.9774774774774775
13915,0,-1,-1.0,1,197,0.8873873873873874
13916,1,219,0.9864864864864865,1,177,0.7972972972972973
13917,1,199,0.8963963963963963,1,157,0.7072072072072072
13918,1,179,0.8063063063063063,1,137,0.6171171171171171
13919,1,159,0.7162162162162162,1,117,0.527027027027027
13920,1,139,0.6261261261261262,1,97,0.4369369369369369
13921,1,119,0.536036036036036,1,77,0.34684684684684686
13922,1,99,0.44594594594594594,1,57,0.25675675675675674
13923,1,79,0.35585585585585583,1,37,0.16666666666666666
13924,1,59,0.26576576576576577,1,17,0.07657657657657657
13925,1,39,0.17567567567567569,1,215,0.9684684684684685
13926,1,48,0.21621621621621623,1,190,0.8558558558558559
13927,1,28,0.12612612612612611,1,170,0.7657657657657657
13928,1,8,0.036036036036036036,1,150,0.6756756756756757
13929,1,155,0.6981981981981982,1,130,0.5855855855855856
13930,1,135,0.6081081081081081,1,110,0.4954954954954955
13931,1,115,0.5180180180180181,1,90,0.40540540540540543
13932,1,95,0.42792792792792794,1,70,0.3153153153153153
13933,1,75,0.33783783783783783,1,50,0.22522522522522523
13934,1,55,0.24774774774774774,1,30,0.13513513513513514
13935,1,35,0.15765765765765766,1,10,0.04504504504504504
13936,1,15,0.06756756756756757,0,-1,-1.0
13937,0,-1,-1.0,1,215,0.9684684684684685
13938,1,220,0.990990990990991,1,195,0.8783783783783784
13939,1,200,0.9009009009009009,1,175,0.7882882882882883
13940,1,180,0.8108108108108109,1,155,0.6981981981981982
13941,1,160,0.7207207207207207,1,135,0.6081081081081081
13942,1,140,0.6306306306306306,1,115,0.5180180180180181
13943,1,120,0.5405405405405406,1,95,0.42792792792792794
13944,1,100,0.45045045045045046,1,75,0.33783783783783783
13945,1,80,0.36036036036036034,1,55,0.24774774774774774
13946,1,60,0.2702702702702703,1,35,0.15765765765765766
13947,1,40,0.18018018018018017,1,15,0.06756756756756757
13948,1,20,0.09009009009009009,0,-1,-1.0
13949,1,0,0.0,0,-1,-1.0
13950,0,-1,-1.0,0,-1,-1.0
13951,0,-1,-1.0,0,-1,-1.0
13952,0,-1,-1.0,1,204,0.918918918918919
13953,1,209,0.9414414414414415,1,184,0.8288288288288288
13954,1,189,0.8513513513513513,1,164,0.7387387387387387
13955,1,169,0.7612612612612613,1,144,0.6486486486486487
13956,1,149,0.6711711711711712,1,124,0.5585585585585585
13957,1,129,0.581081081081081,1,104,0.46846846846846846
13958,1,109,0.49099099099099097,1,84,0.3783783783783784
13959,1,89,0.4009009009009009,1,64,0.2882882882882883
13960,1,69,0.3108108108108108,1,44,0.1981981981981982
13961,1,49,0.22072072072072071,1,24,0.10810810810810811
13962,1,82,0.36936936936936937,0,-1,-1.0
13963,1,62,0.27927927927927926,0,-1,-1.0
13964,1,42,0.1891891891891892,0,-1,-1.0
13965,1,22,0.0990990990990991,1,211,0.9504504504504504
13966,1,2,0.009009009009009009,1,191,0.8603603603603603
13967,1,213,0.9594594594594594,1,171,0.7702702702702703
13968,1,193,0.8693693693693694,1,151,0.6801801801801802
13969,1,173,0.7792792792792793,1,131,0.5900900900900901
13970,1,153,0.6891891891891891,1,111,0.5
13971,1,133,0.5990990990990991,1,91,0.4099099099099099
13972,1,113,0.509009009009009,1,71,0.31981981981981983
13973,1,93,0.4189189189189189,1,51,0.22972972972972974
13974,1,73,0.32882882882882886,1,31,0.13963963963963963
13975,1,53,0.23873873873873874,1,11,0.04954954954954955
13976,1,33,0.14864864864864866,1,209,0.9414414414414415
13977,1,13,0.05855855855855856,1,189,0.8513513513513513
13978,1,211,0.9504504504504504,1,169,0.7612612612612613
13979,1,191,0.8603603603603603,1,149,0.6711711711711712
13980,1,171,0.7702702702702703,1,129,0.581081081081081
13981,1,151,0.6801801801801802,1,109,0.49099099099099097
13982,1,131,0.5900900900900901,1,89,0.4009009009009009
13983,1,111,0.5,1,69,0.3108108108108108
13984,1,91,0.4099099099099099,1,49,0.22072072072072071
13985,1,71,0.31981981981981983,1,29,0.13063063063063063
13986,1,51,0.22972972972972974,1,9,0.04054054054054054
13987,1,31,0.13963963963963963,0,-1,-1.0
13988,1,11,0.04954954954954955,1,216,0.972972972972973
13989,0,-1,-1.0,1,196,0.8828828828828829
13990,1,218,0.9819819819819819,1,176,0.7927927927927928
13991,1,198,0.8918918918918919,1,156,0.7027027027027027
13992,1,178,0.8018018018018018,1,136,0.6126126126126126
13993,1,158,0.7117117117117117,1,116,0.5225225225225225
13994,1,138,0.6216216216216216,1,96,0.43243243243243246
13995,1,118,0.5315315315315315,1,76,0.34234234234234234
13996,1,98,0.44144144144144143,1,56,0.25225225225225223
13997,1,78,0.35135135135135137,1,36,0.16216216216216217
13998,1,58,0.26126126126126126,1,16,0.07207207207207207
13999,1,38,0.17117117117117117,0,-1,-1.0
14000,1,18,0.08108108108108109,0,-1,-1.0
14001,0,-1,-1.0,0,-1,-1.0
14002,0,-1,-1.0,1,212,0.954954954954955
14003,1,40,0.18018018018018017,0,-1,-1.0
14004,1,20,0.09009009009009009,0,-1,-1.0
14005,1,0,0.0,1,222,1.0
14006,0,-1,-1.0,1,202,0.9099099099099099
14007,1,203,0.9144144144144144,1,182,0.8198198198198198
14008,1,183,0.8243243243243243,1,162,0.7297297297297297
14009,1,163,0.7342342342342343,1,142,0.6396396396396397
14010,1,143,0.6441441441441441,1,122,0.5495495495495496
14011,1,123,0.5540540540540541,1,102,0.4594594594594595
14012,1,103,0.46396396396396394,1,82,0.36936936936936937
14013,1,83,0.3738738738738739,1,62,0.27927927927927926
14014,1,63,0.28378378378378377,1,42,0.1891891891891892
14015,1,43,0.19369369369369369,1,22,0.0990990990990991
14016,1,23,0.1036036036036036,1,2,0.009009009009009009
14017,1,3,0.013513513513513514,1,186,0.8378378378378378
14018,1,187,0.8423423423423423,1,166,0.7477477477477478
14019,1,167,0.7522522522522522,1,146,0.6576576576576577
14020,1,147,0.6621621621621622,1,126,0.5675675675675675
14021,1,127,0.5720720720720721,1,106,0.4774774774774775
14022,1,107,0.481981981981982,1,86,0.38738738738738737
14023,1,87,0.3918918918918919,1,66,0.2972972972972973
14024,1,67,0.30180180180180183,1,46,0.2072072072072072
14025,1,76,0.34234234234234234,0,-1,-1.0
14026,1,56,0.25225225225225223,1,222,1.0
14027,1,36,0.16216216216216217,1,202,0.9099099099099099
14028,1,16,0.07207207207207207,1,182,0.8198198198198198
14029,1,201,0.9054054054054054,1,162,0.7297297297297297
14030,1,181,0.8153153153153153,1,142,0.6396396396396397
14031,1,161,0.7252252252252253,1,122,0.5495495495495496
14032,1,141,0.6351351351351351,1,102,0.4594594594594595
14033,1,121,0.545045045045045,1,82,0.36936936936936937
14034,1,101,0.45495495495495497,1,62,0.27927927927927926
14035,1,81,0.36486486486486486,1,42,0.1891891891891892
14036,1,61,0.2747747747747748,1,22,0.0990990990990991
14037,1,41,0.18468468468468469,1,2,0.009009009009009009
14038,1,21,0.0945945945945946,0,-1,-1.0
14039,1,1,0.0045045045045045045,0,-1,-1.0
14040,0,-1,-1.0,0,-1,-1.0
14041,0,-1,-1.0,0,-1,-1.0
14042,0,-1,-1.0,1,208,0.9369369369369369
14043,0,-1,-1.0,1,188,0.8468468468468469
14044,1,207,0.9324324324324325,1,168,0.7567567567567568
14045,1,187,0.8423423423423423,1,148,0.6666666666666666
14046,1,167,0.7522522522522522,1,128,0.5765765765765766
14047,1,147,0.6621621621621622,1,108,0.4864864864864865
14048,1,127,0.5720720720720721,1,88,0.3963963963963964
14049,1,107,0.481981981981982,1,68,0.3063063063063063
14050,1,87,0.3918918918918919,1,48,0.21621621621621623
14051,1,67,0.30180180180180183,1,28,0.12612612612612611
14052,1,47,0.21171171171171171,1,8,0.036036036036036036
14053,1,27,0.12162162162162163,1,215,0.9684684684684685
14054,1,7,0.03153153153153153,1,195,0.8783783783783784
14055,1,214,0.963963963963964,1,175,0.7882882882882883
14056,1,194,0.8738738738738738,1,155,0.6981981981981982
14057,1,174,0.7837837837837838,1,135,0.6081081081081081
14058,1,154,0.6936936936936937,1,115,0.5180180180180181
14059,1,134,0.6036036036036037,1,95,0.42792792792792794
14060,1,114,0.5135135135135135,1,75,0.33783783783783783
14061,1,94,0.42342342342342343,1,55,0.24774774774774774
14062,1,74,0.3333333333333333,1,35,0.15765765765765766
14063,1,54,0.24324324324324326,1,15,0.06756756756756757
14064,1,34,0.15315315315315314,1,196,0.8828828828828829
14065,1,28,0.12612612612612611,0,-1,-1.0
14066,1,8,0.036036036036036036,0,-1,-1.0
14067,0,-1,-1.0,0,-1,-1.0
14068,0,-1,-1.0,0,-1,-1.0
14069,0,-1,-1.0,0,-1,-1.0
14070,0,-1,-1.0,0,-1,-1.0
14071,1,220,0.990990990990991,1,205,0.9234234234234234
14072,1,200,0.9009009009009009,1,185,0.8333333333333334
14073,1,180,0.8108108108108109,1,165,0.7432432432432432
14074,1,160,0.7207207207207207,1,145,0.6531531531531531
14075,1,140,0.6306306306306306,1,125,0.5630630630630631
14076,1,120,0.5405405405405406,1,105,0.47297297297297297
14077,1,100,0.45045045045045046,1,85,0.38288288288288286
14078,1,80,0.36036036036036034,1,65,0.2927927927927928
14079,1,60,0.2702702702702703,1,45,0.20270270270270271
14080,1,40,0.18018018018018017,1,25,0.11261261261261261
14081,1,20,0.09009009009009009,1,5,0.02252252252252252
14082,1,0,0.0,1,178,0.8018018018018018
14083,1,173,0.7792792792792793,1,158,0.7117117117117117
14084,1,153,0.6891891891891891,1,138,0.6216216216216216
14085,1,133,0.5990990990990991,1,118,0.5315315315315315
14086,1,113,0.509009009009009,1,98,0.44144144144144143
14087,1,93,0.4189189189189189,1,78,0.35135135135135137
14088,1,73,0.32882882882882886,1,58,0.26126126126126126
14089,1,53,0.23873873873873874,1,38,0.17117117117117117
14090,1,33,0.14864864864864866,1,18,0.08108108108108109
14091,1,13,0.05855855855855856,1,156,0.7027027027027027
14092,1,151,0.6801801801801802,1,136,0.6126126126126126
14093,1,131,0.5900900900900901,1,116,0.5225225225225225
14094,1,111,0.5,1,96,0.43243243243243246
14095,1,91,0.4099099099099099,1,76,0.34234234234234234
14096,1,71,0.31981981981981983,1,56,0.25225225225225223
14097,1,51,0.22972972972972974,1,36,0.16216216216216217
14098,1,31,0.13963963963963963,1,16,0.07207207207207207
14099,1,11,0.04954954954954955,1,212,0.954954954954955
14100,1,22,0.0990990990990991,0,-1,-1.0
14101,1,2,0.009009009009009009,0,-1,-1.0
14102,0,-1,-1.0,0,-1,-1.0
14103,1,215,0.9684684684684685,1,203,0.9144144144144144
14104,1,195,0.8783783783783784,1,183,0.8243243243243243
14105,1,175,0.7882882882882883,1,163,0.7342342342342343
14106,1,155,0.6981981981981982,1,143,0.6441441441441441
14107,1,135,0.6081081081081081,1,123,0.5540540540540541
14108,1,115,0.5180180180180181,1,103,0.46396396396396394
14109,1,95,0.42792792792792794,1,83,0.3738738738738739
14110,1,75,0.33783783783783783,1,63,0.28378378378378377
14111,1,55,0.24774774774774774,1,43,0.19369369369369369
14112,1,35,0.15765765765765766,1,23,0.1036036036036036
14113,1,15,0.06756756756756757,1,3,0.013513513513513514
14114,0,-1,-1.0,0,-1,-1.0
14115,0,-1,-1.0,1,217,0.9774774774774775
14116,1,209,0.9414414414414415,1,197,0.8873873873873874
14117,1,189,0.8513513513513513,1,177,0.7972972972972973
14118,1,169,0.7612612612612613,1,157,0.7072072072072072
14119,1,149,0.6711711711711712,1,137,0.6171171171171171
14120,1,129,0.581081081081081,1,117,0.527027027027027
14121,1,109,0.49099099099099097,1,97,0.4369369369369369
14122,1,89,0.4009009009009009,1,77,0.34684684684684686
14123,1,69,0.3108108108108108,1,57,0.25675675675675674
14124,1,49,0.22072072072072071,1,37,0.16666666666666666
14125,1,29,0.13063063063063063,1,17,0.07657657657657657
14126,1,9,0.04054054054054054,1,192,0.8648648648648649
14127,1,68,0.3063063063063063,0,-1,-1.0
14128,1,48,0.21621621621621623,0,-1,-1.0
14129,1,28,0.12612612612612611,0,-1,-1.0
14130,1,8,0.036036036036036036,0,-1,-1.0
14131,0,-1,-1.0,1,217,0.9774774774774775
14132,0,-1,-1.0,1,197,0.8873873873873874
14133,1,212,0.954954954954955,1,177,0.7972972972972973
14134,1,192,0.8648648648648649,1,157,0.7072072072072072
14135,1,172,0.7747747747747747,1,137,0.6171171171171171
14136,1,152,0.6846846846846847,1,117,0.527027027027027
14137,1,132,0.5945945945945946,1,97,0.4369369369369369
14138,1,112,0.5045045045045045,1,77,0.34684684684684686
14139,1,92,0.4144144144144144,1,57,0.25675675675675674
14140,1,72,0.32432432432432434,1,37,0.16666666666666666
14141,1,52,0.23423423423423423,1,17,0.07657657657657657
14142,1,32,0.14414414414414414,0,-1,-1.0
14143,1,12,0.05405405405405406,0,-1,-1.0
14144,0,-1,-1.0,0,-1,-1.0
14145,0,-1,-1.0,0,-1,-1.0
14146,0,-1,-1.0,0,-1,-1.0
14147,0,-1,-1.0,0,-1,-1.0
14148,0,-1,-1.0,1,208,0.9369369369369369
14149,0,-1,-1.0,1,188,0.8468468468468469
14150,1,203,0.9144144144144144,1,168,0.7567567567567568
14151,1,183,0.8243243243243243,1,148,0.6666666666666666
14152,1,163,0.7342342342342343,1,128,0.5765765765765766
14153,1,143,0.6441441441441441,1,108,0.4864864864864865
14154,1,123,0.5540540540540541,1,88,0.3963963963963964
14155,1,103,0.46396396396396394,1,68,0.3063063063063063
14156,1,83,0.3738738738738739,1,48,0.21621621621621623
14157,1,63,0.28378378378378377,1,28,0.12612612612612611
14158,1,43,0.19369369369369369,1,8,0.036036036036036036
14159,1,23,0.1036036036036036,0,-1,-1.0
14160,1,3,0.013513513513513514,0,-1,-1.0
14161,0,-1,-1.0,0,-1,-1.0
14162,0,-1,-1.0,1,217,0.9774774774774775
14163,0,-1,-1.0,1,197,0.8873873873873874
14164,1,212,0.954954954954955,1,177,0.7972972972972973
14165,1,192,0.8648648648648649,1,157,0.7072072072072072
14166,1,172,0.7747747747747747,1,137,0.6171171171171171
14167,1,152,0.6846846846846847,1,117,0.527027027027027
14168,1,132,0.5945945945945946,1,97,0.4369369369369369
14169,1,112,0.5045045045045045,1,77,0.34684684684684686
14170,1,92,0.4144144144144144,1,57,0.25675675675675674
14171,1,72,0.32432432432432434,1,37,0.16666666666666666
14172,1,52,0.23423423423423423,1,17,0.07657657657657657
14173,1,68,0.3063063063063063,0,-1,-1.0
14174,1,48,0.21621621621621623,0,-1,-1.0
14175,1,28,0.12612612612612611,0,-1,-1.0
14176,1,8,0.036036036036036036,0,-1,-1.0
14177,0,-1,-1.0,0,-1,-1.0
14178,0,-1,-1.0,0,-1,-1.0
14179,0,-1,-1.0,0,-1,-1.0
14180,0,-1,-1.0,1,208,0.9369369369369369
14181,0,-1,-1.0,1,188,0.8468468468468469
14182,1,203,0.9144144144144144,1,168,0.7567567567567568
14183,1,183,0.8243243243243243,1,148,0.6666666666666666
14184,1,163,0.7342342342342343,1,128,0.5765765765765766
14185,1,143,0.6441441441441441,1,108,0.4864864864864865
14186,1,123,0.5540540540540541,1,88,0.3963963963963964
14187,1,103,0.46396396396396394,1,68,0.3063063063063063
14188,1,83,0.3738738738738739,1,48,0.21621621621621623
14189,1,63,0.28378378378378377,1,28,0.12612612612612611
14190,1,43,0.19369369369369369,1,8,0.036036036036036036
14191,1,23,0.1036036036036036,1,195,0.8783783783783784
14192,1,3,0.013513513513513514,1,175,0.7882882882882883
14193,1,190,0.8558558558558559,1,155,0.6981981981981982
14194,1,170,0.7657657657657657,1,135,0.6081081081081081
14195,1,150,0.6756756756756757,1,115,0.5180180180180181
14196,1,130,0.5855855855855856,1,95,0.42792792792792794
14197,1,110,0.4954954954954955,1,75,0.33783783783783783
14198,1,90,0.40540540540540543,1,55,0.24774774774774774
14199,1,70,0.3153153153153153,1,35,0.15765765765765766
14200,1,50,0.22522522522522523,1,15,0.06756756756756757
14201,1,20,0.09009009009009009,1,207,0.9324324324324325
14202,1,0,0.0,1,187,0.8423423423423423
14203,1,178,0.8018018018018018,1,167,0.7522522522522522
14204,1,158,0.7117117117117117,1,147,0.6621621621621622
14205,1,138,0.6216216216216216,1,127,0.5720720720720721
14206,1,118,0.5315315315315315,1,107,0.481981981981982
14207,1,98,0.44144144144144143,1,87,0.3918918918918919
14208,1,78,0.35135135135135137,1,67,0.30180180180180183
14209,1,58,0.26126126126126126,1,47,0.21171171171171171
14210,1,38,0.17117117117117117,1,27,0.12162162162162163
14211,1,18,0.08108108108108109,1,7,0.03153153153153153
14212,1,149,0.6711711711711712,1,138,0.6216216216216216
14213,1,129,0.581081081081081,1,118,0.5315315315315315
14214,1,109,0.49099099099099097,1,98,0.44144144144144143
14215,1,89,0.4009009009009009,1,78,0.35135135135135137
14216,1,69,0.3108108108108108,1,58,0.26126126126126126
14217,1,49,0.22072072072072071,1,38,0.17117117117117117
14218,1,29,0.13063063063063063,1,18,0.08108108108108109
14219,1,9,0.04054054054054054,0,-1,-1.0
14220,0,-1,-1.0,0,-1,-1.0
14221,1,218,0.9819819819819819,1,207,0.9324324324324325
14222,1,198,0.8918918918918919,1,187,0.8423423423423423
14223,1,178,0.8018018018018018,1,167,0.7522522522522522
14224,1,158,0.7117117117117117,1,147,0.6621621621621622
14225,1,138,0.6216216216216216,1,127,0.5720720720720721
14226,1,118,0.5315315315315315,1,107,0.481981981981982
14227,1,98,0.44144144144144143,1,87,0.3918918918918919
14228,1,78,0.35135135135135137,1,67,0.30180180180180183
14229,1,58,0.26126126126126126,1,47,0.21171171171171171
14230,1,38,0.17117117117117117,1,27,0.12162162162162163
14231,1,18,0.08108108108108109,1,7,0.03153153153153153
14232,0,-1,-1.0,0,-1,-1.0
14233,0,-1,-1.0,0,-1,-1.0
14234,0,-1,-1.0,0,-1,-1.0
14235,0,-1,-1.0,1,203,0.9144144144144144
14236,1,44,0.1981981981981982,0,-1,-1.0
14237,1,24,0.10810810810810811,0,-1,-1.0
14238,1,4,0.018018018018018018,0,-1,-1.0
14239,0,-1,-1.0,1,206,0.9279279279279279
14240,1,209,0.9414414414414415,1,186,0.8378378378378378
14241,1,189,0.8513513513513513,1,166,0.7477477477477478
14242,1,169,0.7612612612612613,1,146,0.6576576576576577
14243,1,149,0.6711711711711712,1,126,0.5675675675675675
14244,1,129,0.581081081081081,1,106,0.4774774774774775
14245,1,109,0.49099099099099097,1,86,0.38738738738738737
14246,1,89,0.4009009009009009,1,66,0.2972972972972973
14247,1,69,0.3108108108108108,1,46,0.2072072072072072
14248,1,49,0.22072072072072071,1,26,0.11711711711711711
14249,1,29,0.13063063063063063,1,6,0.02702702702702703
14250,1,9,0.04054054054054054,0,-1,-1.0
14251,0,-1,-1.0,1,212,0.954954954954955
14252,1,215,0.9684684684684685,1,192,0.8648648648648649
14253,1,195,0.8783783783783784,1,172,0.7747747747747747
14254,1,175,0.7882882882882883,1,152,0.6846846846846847
14255,1,155,0.6981981981981982,1,132,0.5945945945945946
14256,1,135,0.6081081081081081,1,112,0.5045045045045045
14257,1,115,0.5180180180180181,1,92,0.4144144144144144
14258,1,95,0.42792792792792794,1,72,0.32432432432432434
14259,1,75,0.33783783783783783,1,52,0.23423423423423423
14260,1,55,0.24774774774774774,1,32,0.14414414414414414
14261,1,35,0.15765765765765766,1,12,0.05405405405405406
14262,1,15,0.06756756756756757,0,-1,-1.0
14263,0,-1,-1.0,0,-1,-1.0
14264,0,-1,-1.0,0,-1,-1.0
14265,0,-1,-1.0,1,207,0.9324324324324325
14266,1,210,0.9459459459459459,1,187,0.8423423423423423
14267,1,190,0.8558558558558559,1,167,0.7522522522522522
14268,1,170,0.7657657657657657,1,147,0.6621621621621622
14269,1,150,0.6756756756756757,1,127,0.5720720720720721
14270,1,130,0.5855855855855856,1,107,0.481981981981982
14271,1,110,0.4954954954954955,1,87,0.3918918918918919
14272,1,90,0.40540540540540543,1,67,0.30180180180180183
14273,1,70,0.3153153153153153,1,47,0.21171171171171171
14274,1,50,0.22522522522522523,1,27,0.12162162162162163
14275,1,30,0.13513513513513514,1,7,0.03153153153153153
14276,1,10,0.04504504504504504,0,-1,-1.0
14277,0,-1,-1.0,0,-1,-1.0
14278,0,-1,-1.0,1,209,0.9414414414414415
14279,1,76,0.34234234234234234,0,-1,-1.0
14280,1,56,0.25225225225225223,1,216,0.972972972972973
14281,1,36,0.16216216216216217,1,196,0.8828828828828829
14282,1,16,0.07207207207207207,1,176,0.7927927927927928
14283,1,195,0.8783783783783784,1,156,0.7027027027027027
14284,1,175,0.7882882882882883,1,136,0.6126126126126126
14285,1,155,0.6981981981981982,1,116,0.5225225225225225
14286,1,135,0.6081081081081081,1,96,0.43243243243243246
14287,1,115,0.5180180180180181,1,76,0.34234234234234234
14288,1,95,0.42792792792792794,1,56,0.25225225225225223
14289,1,75,0.33783783783783783,1,36,0.16216216216216217
14290,1,55,0.24774774774774774,1,16,0.07207207207207207
14291,1,35,0.15765765765765766,0,-1,-1.0
14292,1,15,0.06756756756756757,0,-1,-1.0
14293,0,-1,-1.0,1,219,0.9864864864864865
14294,0,-1,-1.0,1,199,0.8963963963963963
14295,1,218,0.9819819819819819,1,179,0.8063063063063063
14296,1,198,0.8918918918918919,1,159,0.7162162162162162
14297,1,178,0.8018018018018018,1,139,0.6261261261261262
14298,1,158,0.7117117117117117,1,119,0.536036036036036
14299,1,138,0.6216216216216216,1,99,0.44594594594594594
14300,1,118,0.5315315315315315,1,79,0.35585585585585583
14301,1,98,0.44144144144144143,1,59,0.26576576576576577
14302,1,78,0.35135135135135137,1,39,0.17567567567567569
14303,1,58,0.26126126126126126,1,19,0.08558558558558559
14304,1,38,0.17117117117117117,0,-1,-1.0
14305,1,18,0.08108108108108109,0,-1,-1.0
14306,0,-1,-1.0,1,218,0.9819819819819819
14307,0,-1,-1.0,1,198,0.8918918918918919
14308,1,217,0.9774774774774775,1,178,0.8018018018018018
14309,1,197,0.8873873873873874,1,158,0.7117117117117117
14310,1,177,0.7972972972972973,1,138,0.6216216216216216
14311,1,157,0.7072072072072072,1,118,0.5315315315315315
14312,1,137,0.6171171171171171,1,98,0.44144144144144143
14313,1,117,0.527027027027027,1,78,0.35135135135135137
14314,1,97,0.4369369369369369,1,58,0.26126126126126126
14315,1,77,0.34684684684684686,1,38,0.17117117117117117
14316,1,57,0.25675675675675674,1,18,0.08108108108108109
14317,1,37,0.16666666666666666,0,-1,-1.0
14318,1,17,0.07657657657657657,1,205,0.9234234234234234
14319,0,-1,-1.0,1,185,0.8333333333333334
14320,1,26,0.11711711711711711,1,205,0.9234234234234234
14321,1,6,0.02702702702702703,1,185,0.8333333333333334
14322,1,179,0.8063063063063063,1,165,0.7432432432432432
14323,1,159,0.7162162162162162,1,145,0.6531531531531531
14324,1,139,0.6261261261261262,1,125,0.5630630630630631
14325,1,119,0.536036036036036,1,105,0.47297297297297297
14326,1,99,0.44594594594594594,1,85,0.38288288288288286
14327,1,79,0.35585585585585583,1,65,0.2927927927927928
14328,1,59,0.26576576576576577,1,45,0.20270270270270271
14329,1,39,0.17567567567567569,1,25,0.11261261261261261
14330,1,19,0.08558558558558559,1,5,0.02252252252252252
14331,0,-1,-1.0,0,-1,-1.0
14332,1,220,0.990990990990991,1,206,0.9279279279279279
14333,1,200,0.9009009009009009,1,186,0.8378378378378378
14334,1,180,0.8108108108108109,1,166,0.7477477477477478
14335,1,160,0.7207207207207207,1,146,0.6576576576576577
14336,1,140,0.6306306306306306,1,126,0.5675675675675675
14337,1,120,0.5405405405405406,1,106,0.4774774774774775
14338,1,100,0.45045045045045046,1,86,0.38738738738738737
14339,1,80,0.36036036036036034,1,66,0.2972972972972973
14340,1,60,0.2702702702702703,1,46,0.2072072072072072
14341,1,40,0.18018018018018017,1,26,0.11711711711711711
14342,1,20,0.09009009009009009,1,6,0.02702702702702703
14343,1,58,0.26126126126126126,1,218,0.9819819819819819
14344,1,38,0.17117117117117117,1,198,0.8918918918918919
14345,1,18,0.08108108108108109,1,178,0.8018018018018018
14346,1,188,0.8468468468468469,1,158,0.7117117117117117
14347,1,168,0.7567567567567568,1,138,0.6216216216216216
14348,1,148,0.6666666666666666,1,118,0.5315315315315315
14349,1,128,0.5765765765765766,1,98,0.44144144144144143
14350,1,108,0.4864864864864865,1,78,0.35135135135135137
14351,1,88,0.3963963963963964,1,58,0.26126126126126126
14352,1,68,0.3063063063063063,1,38,0.17117117117117117
14353,1,48,0.21621621621621623,1,18,0.08108108108108109
14354,1,28,0.12612612612612611,0,-1,-1.0
14355,1,8,0.036036036036036036,1,212,0.954954954954955
14356,1,222,1.0,1,192,0.8648648648648649
14357,1,202,0.9099099099099099,1,172,0.7747747747747747
14358,1,182,0.8198198198198198,1,152,0.6846846846846847
14359,1,162,0.7297297297297297,1,132,0.5945945945945946
14360,1,142,0.6396396396396397,1,112,0.5045045045045045
14361,1,122,0.5495495495495496,1,92,0.4144144144144144
14362,1,102,0.4594594594594595,1,72,0.32432432432432434
14363,1,82,0.36936936936936937,1,52,0.23423423423423423
14364,1,62,0.27927927927927926,1,32,0.14414414414414414
14365,1,42,0.1891891891891892,1,12,0.05405405405405406
14366,1,22,0.0990990990990991,1,194,0.8738738738738738
14367,1,2,0.009009009009009009,1,174,0.7837837837837838
14368,1,184,0.8288288288288288,1,154,0.6936936936936937
14369,1,164,0.7387387387387387,1,134,0.6036036036036037
14370,1,144,0.6486486486486487,1,114,0.5135135135135135
14371,1,124,0.5585585585585585,1,94,0.42342342342342343
14372,1,104,0.46846846846846846,1,74,0.3333333333333333
14373,1,84,0.3783783783783784,1,54,0.24324324324324326
14374,1,64,0.2882882882882883,1,34,0.15315315315315314
14375,1,44,0.1981981981981982,1,14,0.06306306306306306
14376,1,24,0.10810810810810811,0,-1,-1.0
14377,1,4,0.018018018018018018,1,212,0.954954954954955
14378,0,-1,-1.0,1,192,0.8648648648648649
14379,1,50,0.22522522522522523,0,-1,-1.0
14380,1,30,0.13513513513513514,0,-1,-1.0
14381,1,10,0.04504504504504504,0,-1,-1.0
14382,0,-1,-1.0,0,-1,-1.0
14383,0,-1,-1.0,0,-1,-1.0
14384,0,-1,-1.0,0,-1,-1.0
14385,0,-1,-1.0,0,-1,-1.0
14386,0,-1,-1.0,1,205,0.9234234234234234
14387,1,211,0.9504504504504504,1,185,0.8333333333333334
14388,1,191,0.8603603603603603,1,165,0.7432432432432432
14389,1,171,0.7702702702702703,1,145,0.6531531531531531
14390,1,151,0.6801801801801802,1,125,0.5630630630630631
14391,1,131,0.5900900900900901,1,105,0.47297297297297297
14392,1,111,0.5,1,85,0.38288288288288286
14393,1,91,0.4099099099099099,1,65,0.2927927927927928
14394,1,71,0.31981981981981983,1,45,0.20270270270270271
14395,1,51,0.22972972972972974,1,25,0.11261261261261261
14396,1,31,0.13963963963963963,1,5,0.02252252252252252
14397,1,11,0.04954954954954955,0,-1,-1.0
14398,0,-1,-1.0,1,219,0.9864864864864865
14399,0,-1,-1.0,1,199,0.8963963963963963
14400,1,205,0.9234234234234234,1,179,0.8063063063063063
14401,1,185,0.8333333333333334,1,159,0.7162162162162162
14402,1,165,0.7432432432432432,1,139,0.6261261261261262
14403,1,145,0.6531531531531531,1,119,0.536036036036036
14404,1,125,0.5630630630630631,1,99,0.44594594594594594
14405,1,105,0.47297297297297297,1,79,0.35585585585585583
14406,1,85,0.38288288288288286,1,59,0.26576576576576577
14407,1,65,0.2927927927927928,1,39,0.17567567567567569
14408,1,45,0.20270270270270271,1,19,0.08558558558558559
14409,1,25,0.11261261261261261,1,212,0.954954954954955
14410,1,26,0.11711711711711711,1,214,0.963963963963964
14411,1,6,0.02702702702702703,1,194,0.8738738738738738
14412,1,188,0.8468468468468469,1,174,0.7837837837837838
14413,1,168,0.7567567567567568,1,154,0.6936936936936937
14414,1,148,0.6666666666666666,1,134,0.6036036036036037
14415,1,128,0.5765765765765766,1,114,0.5135135135135135
14416,1,108,0.4864864864864865,1,94,0.42342342342342343
14417,1,88,0.3963963963963964,1,74,0.3333333333333333
14418,1,68,0.3063063063063063,1,54,0.24324324324324326
14419,1,48,0.21621621621621623,1,34,0.15315315315315314
14420,1,28,0.12612612612612611,1,14,0.06306306306306306
14421,1,8,0.036036036036036036,1,174,0.7837837837837838
14422,1,168,0.7567567567567568,1,154,0.6936936936936937
14423,1,148,0.6666666666666666,1,134,0.6036036036036037
14424,1,128,0.5765765765765766,1,114,0.5135135135135135
14425,1,108,0.4864864864864865,1,94,0.42342342342342343
14426,1,88,0.3963963963963964,1,74,0.3333333333333333
14427,1,68,0.3063063063063063,1,54,0.24324324324324326
14428,1,48,0.21621621621621623,1,34,0.15315315315315314
14429,1,28,0.12612612612612611,1,14,0.06306306306306306
14430,1,8,0.036036036036036036,1,163,0.7342342342342343
14431,1,157,0.7072072072072072,1,143,0.6441441441441441
14432,1,137,0.6171171171171171,1,123,0.5540540540540541
14433,1,117,0.527027027027027,1,103,0.46396396396396394
14434,1,97,0.4369369369369369,1,83,0.3738738738738739
14435,1,77,0.34684684684684686,1,63,0.28378378378378377
14436,1,57,0.25675675675675674,1,43,0.19369369369369369
14437,1,37,0.16666666666666666,1,23,0.1036036036036036
14438,1,17,0.07657657657657657,1,3,0.013513513513513514
14439,1,28,0.12612612612612611,0,-1,-1.0
14440,1,8,0.036036036036036036,1,217,0.9774774774774775
14441,1,212,0.954954954954955,1,197,0.8873873873873874
14442,1,192,0.8648648648648649,1,177,0.7972972972972973
14443,1,172,0.7747747747747747,1,157,0.7072072072072072
14444,1,152,0.6846846846846847,1,137,0.6171171171171171
14445,1,132,0.5945945945945946,1,117,0.527027027027027
14446,1,112,0.5045045045045045,1,97,0.4369369369369369
14447,1,92,0.4144144144144144,1,77,0.34684684684684686
14448,1,72,0.32432432432432434,1,57,0.25675675675675674
14449,1,52,0.23423423423423423,1,37,0.16666666666666666
14450,1,32,0.14414414414414414,1,17,0.07657657657657657
14451,1,12,0.05405405405405406,0,-1,-1.0
14452,0,-1,-1.0,0,-1,-1.0
14453,0,-1,-1.0,1,213,0.9594594594594594
14454,1,208,0.9369369369369369,1,193,0.8693693693693694
14455,1,188,0.8468468468468469,1,173,0.7792792792792793
14456,1,168,0.7567567567567568,1,153,0.6891891891891891
14457,1,148,0.6666666666666666,1,133,0.5990990990990991
14458,1,128,0.5765765765765766,1,113,0.509009009009009
14459,1,108,0.4864864864864865,1,93,0.4189189189189189
14460,1,88,0.3963963963963964,1,73,0.32882882882882886
14461,1,68,0.3063063063063063,1,53,0.23873873873873874
14462,1,48,0.21621621621621623,1,33,0.14864864864864866
14463,1,28,0.12612612612612611,1,13,0.05855855855855856
14464,1,8,0.036036036036036036,0,-1,-1.0
14465,0,-1,-1.0,0,-1,-1.0
14466,0,-1,-1.0,0,-1,-1.0
14467,0,-1,-1.0,1,212,0.954954954954955
14468,1,24,0.10810810810810811,0,-1,-1.0
14469,1,4,0.018018018018018018,1,205,0.9234234234234234
14470,1,198,0.8918918918918919,1,185,0.8333333333333334
14471,1,178,0.8018018018018018,1,165,0.7432432432432432
14472,1,158,0.7117117117117117,1,145,0.6531531531531531
14473,1,138,0.6216216216216216,1,125,0.5630630630630631
14474,1,118,0.5315315315315315,1,105,0.47297297297297297
14475,1,98,0.44144144144144143,1,85,0.38288288288288286
14476,1,78,0.35135135135135137,1,65,0.2927927927927928
14477,1,58,0.26126126126126126,1,45,0.20270270270270271
14478,1,38,0.17117117117117117,1,25,0.11261261261261261
14479,1,18,0.08108108108108109,1,5,0.02252252252252252
14480,1,200,0.9009009009009009,1,187,0.8423423423423423
14481,1,180,0.8108108108108109,1,167,0.7522522522522522
14482,1,160,0.7207207207207207,1,147,0.6621621621621622
14483,1,140,0.6306306306306306,1,127,0.5720720720720721
14484,1,120,0.5405405405405406,1,107,0.481981981981982
14485,1,100,0.45045045045045046,1,87,0.3918918918918919
14486,1,80,0.36036036036036034,1,67,0.30180180180180183
14487,1,60,0.2702702702702703,1,47,0.21171171171171171
14488,1,40,0.18018018018018017,1,27,0.12162162162162163
14489,1,20,0.09009009009009009,1,7,0.03153153153153153
14490,1,0,0.0,1,187,0.8423423423423423
14491,1,180,0.8108108108108109,1,167,0.7522522522522522
14492,1,160,0.7207207207207207,1,147,0.6621621621621622
14493,1,140,0.6306306306306306,1,127,0.5720720720720721
14494,1,120,0.5405405405405406,1,107,0.481981981981982
14495,1,100,0.45045045045045046,1,87,0.3918918918918919
14496,1,80,0.36036036036036034,1,67,0.30180180180180183
14497,1,60,0.2702702702702703,1,47,0.21171171171171171
14498,1,40,0.18018018018018017,1,27,0.12162162162162163
14499,1,20,0.09009009009009009,1,7,0.03153153153153153
14500,1,0,0.0,1,204,0.918918918918919
14501,0,-1,-1.0,1,184,0.8288288288288288
14502,1,74,0.3333333333333333,0,-1,-1.0
14503,1,54,0.24324324324324326,1,222,1.0
14504,1,34,0.15315315315315314,1,202,0.9099099099099099
14505,1,14,0.06306306306306306,1,182,0.8198198198198198
14506,1,200,0.9009009009009009,1,162,0.7297297297297297
14507,1,180,0.8108108108108109,1,142,0.6396396396396397
14508,1,160,0.7207207207207207,1,122,0.5495495495495496
14509,1,140,0.6306306306306306,1,102,0.4594594594594595
14510,1,120,0.5405405405405406,1,82,0.36936936936936937
14511,1,100,0.45045045045045046,1,62,0.27927927927927926
14512,1,80,0.36036036036036034,1,42,0.1891891891891892
14513,1,60,0.2702702702702703,1,22,0.0990990990990991
14514,1,40,0.18018018018018017,1,2,0.009009009009009009
14515,1,20,0.09009009009009009,0,-1,-1.0
14516,1,0,0.0,0,-1,-1.0
14517,0,-1,-1.0,0,-1,-1.0
14518,0,-1,-1.0,1,220,0.990990990990991
14519,0,-1,-1.0,1,200,0.9009009009009009
14520,1,218,0.9819819819819819,1,180,0.8108108108108109
14521,1,198,0.8918918918918919,1,160,0.7207207207207207
14522,1,178,0.8018018018018018,1,140,0.6306306306306306
14523,1,158,0.7117117117117117,1,120,0.5405405405405406
14524,1,138,0.6216216216216216,1,100,0.45045045045045046
14525,1,118,0.5315315315315315,1,80,0.36036036036036034
14526,1,98,0.44144144144144143,1,60,0.2702702702702703
14527,1,78,0.35135135135135137,1,40,0.18018018018018017
14528,1,58,0.26126126126126126,1,20,0.09009009009009009
14529,1,38,0.17117117117117117,1,0,0.0
14530,1,18,0.08108108108108109,0,-1,-1.0
14531,0,-1,-1.0,0,-1,-1.0
14532,0,-1,-1.0,0,-1,-1.0
14533,0,-1,-1.0,1,206,0.9279279279279279
14534,0,-1,-1.0,1,186,0.8378378378378378
14535,1,204,0.918918918918919,1,166,0.7477477477477478
14536,1,184,0.8288288288288288,1,146,0.6576576576576577
14537,1,164,0.7387387387387387,1,126,0.5675675675675675
14538,1,144,0.6486486486486487,1,106,0.4774774774774775
14539,1,124,0.5585585585585585,1,86,0.38738738738738737
14540,1,104,0.46846846846846846,1,66,0.2972972972972973
14541,1,84,0.3783783783783784,1,46,0.2072072072072072
14542,1,64,0.2882882882882883,1,26,0.11711711711711711
14543,1,44,0.1981981981981982,1,6,0.02702702702702703
14544,1,24,0.10810810810810811,0,-1,-1.0
14545,1,4,0.018018018018018018,0,-1,-1.0
14546,0,-1,-1.0,0,-1,-1.0
14547,0,-1,-1.0,0,-1,-1.0
14548,0,-1,-1.0,0,-1,-1.0
14549,0,-1,-1.0,1,208,0.9369369369369369
14550,1,40,0.18018018018018017,1,214,0.963963963963964
14551,1,20,0.09009009009009009,1,194,0.8738738738738738
14552,1,0,0.0,1,174,0.7837837837837838
14553,1,175,0.7882882882882883,1,154,0.6936936936936937
14554,1,155,0.6981981981981982,1,134,0.6036036036036037
14555,1,135,0.6081081081081081,1,114,0.5135135135135135
14556,1,115,0.5180180180180181,1,94,0.42342342342342343
14557,1,95,0.42792792792792794,1,74,0.3333333333333333
14558,1,75,0.33783783783783783,1,54,0.24324324324324326
14559,1,55,0.24774774774774774,1,34,0.15315315315315314
14560,1,35,0.15765765765765766,1,14,0.06306306306306306
14561,1,15,0.06756756756756757,0,-1,-1.0
14562,0,-1,-1.0,1,206,0.9279279279279279
14563,1,207,0.9324324324324325,1,186,0.8378378378378378
14564,1,187,0.8423423423423423,1,166,0.7477477477477478
14565,1,167,0.7522522522522522,1,146,0.6576576576576577
14566,1,147,0.6621621621621622,1,126,0.5675675675675675
14567,1,127,0.5720720720720721,1,106,0.4774774774774775
14568,1,107,0.481981981981982,1,86,0.38738738738738737
14569,1,87,0.3918918918918919,1,66,0.2972972972972973
14570,1,67,0.30180180180180183,1,46,0.2072072072072072
14571,1,47,0.21171171171171171,1,26,0.11711711711711711
14572,1,27,0.12162162162162163,1,6,0.02702702702702703
14573,1,7,0.03153153153153153,0,-1,-1.0
14574,0,-1,-1.0,0,-1,-1.0
14575,0,-1,-1.0,0,-1,-1.0
14576,0,-1,-1.0,1,218,0.9819819819819819
14577,1,219,0.9864864864864865,1,198,0.8918918918918919
14578,1,199,0.8963963963963963,1,178,0.8018018018018018
14579,1,179,0.8063063063063063,1,158,0.7117117117117117
14580,1,159,0.7162162162162162,1,138,0.6216216216216216
14581,1,139,0.6261261261261262,1,118,0.5315315315315315
14582,1,119,0.536036036036036,1,98,0.44144144144144143
14583,1,99,0.44594594594594594,1,78,0.35135135135135137
14584,1,79,0.35585585585585583,1,58,0.26126126126126126
14585,1,59,0.26576576576576577,1,38,0.17117117117117117
14586,1,76,0.34234234234234234,0,-1,-1.0
14587,1,56,0.25225225225225223,0,-1,-1.0
14588,1,36,0.16216216216216217,0,-1,-1.0
14589,1,16,0.07207207207207207,0,-1,-1.0
14590,0,-1,-1.0,0,-1,-1.0
14591,0,-1,-1.0,0,-1,-1.0
14592,0,-1,-1.0,1,216,0.972972972972973
14593,0,-1,-1.0,1,196,0.8828828828828829
14594,1,215,0.9684684684684685,1,176,0.7927927927927928
14595,1,195,0.8783783783783784,1,156,0.7027027027027027
14596,1,175,0.7882882882882883,1,136,0.6126126126126126
14597,1,155,0.6981981981981982,1,116,0.5225225225225225
14598,1,135,0.6081081081081081,1,96,0.43243243243243246
14599,1,115,0.5180180180180181,1,76,0.34234234234234234
14600,1,95,0.42792792792792794,1,56,0.25225225225225223
14601,1,75,0.33783783783783783,1,36,0.16216216216216217
14602,1,55,0.24774774774774774,1,16,0.07207207207207207
14603,1,35,0.15765765765765766,0,-1,-1.0
14604,1,15,0.06756756756756757,0,-1,-1.0
14605,0,-1,-1.0,0,-1,-1.0
14606,0,-1,-1.0,1,206,0.9279279279279279
14607,0,-1,-1.0,1,186,0.8378378378378378
14608,1,205,0.9234234234234234,1,166,0.7477477477477478
14609,1,185,0.8333333333333334,1,146,0.6576576576576577
14610,1,165,0.7432432432432432,1,126,0.5675675675675675
14611,1,145,0.6531531531531531,1,106,0.4774774774774775
14612,1,125,0.5630630630630631,1,86,0.38738738738738737
14613,1,105,0.47297297297297297,1,66,0.2972972972972973
14614,1,85,0.38288288288288286,1,46,0.2072072072072072
14615,1,65,0.2927927927927928,1,26,0.11711711711711711
14616,1,45,0.20270270270270271,1,6,0.02702702702702703
14617,1,25,0.11261261261261261,1,191,0.8603603603603603
14618,1,5,0.02252252252252252,1,171,0.7702702702702703
14619,1,190,0.8558558558558559,1,151,0.6801801801801802
14620,1,170,0.7657657657657657,1,131,0.5900900900900901
14621,1,150,0.6756756756756757,1,111,0.5
14622,1,130,0.5855855855855856,1,91,0.4099099099099099
14623,1,110,0.4954954954954955,1,71,0.31981981981981983
14624,1,90,0.40540540540540543,1,51,0.22972972972972974
14625,1,70,0.3153153153153153,1,31,0.13963963963963963
14626,1,50,0.22522522522522523,1,11,0.04954954954954955
14627,1,30,0.13513513513513514,1,196,0.8828828828828829
14628,1,24,0.10810810810810811,1,185,0.8333333333333334
14629,1,4,0.018018018018018018,1,165,0.7432432432432432
14630,1,158,0.7117117117117117,1,145,0.6531531531531531
14631,1,138,0.6216216216216216,1,125,0.5630630630630631
14632,1,118,0.5315315315315315,1,105,0.47297297297297297
14633,1,98,0.44144144144144143,1,85,0.38288288288288286
14634,1,78,0.35135135135135137,1,65,0.2927927927927928
14635,1,58,0.26126126126126126,1,45,0.20270270270270271
14636,1,38,0.17117117117117117,1,25,0.11261261261261261
14637,1,18,0.08108108108108109,1,5,0.02252252252252252
14638,0,-1,-1.0,0,-1,-1.0
14639,1,220,0.990990990990991,1,207,0.9324324324324325
14640,1,200,0.9009009009009009,1,187,0.8423423423423423
14641,1,180,0.8108108108108109,1,167,0.7522522522522522
14642,1,160,0.7207207207207207,1,147,0.6621621621621622
14643,1,140,0.6306306306306306,1,127,0.5720720720720721
14644,1,120,0.5405405405405406,1,107,0.481981981981982
14645,1,100,0.45045045045045046,1,87,0.3918918918918919
14646,1,80,0.36036036036036034,1,67,0.30180180180180183
14647,1,60,0.2702702702702703,1,47,0.21171171171171171
14648,1,40,0.18018018018018017,1,27,0.12162162162162163
14649,1,20,0.09009009009009009,1,7,0.03153153153153153
14650,1,0,0.0,1,217,0.9774774774774775
14651,1,78,0.35135135135135137,0,-1,-1.0
14652,1,58,0.26126126126126126,0,-1,-1.0
14653,1,38,0.17117117117117117,0,-1,-1.0
14654,1,18,0.08108108108108109,0,-1,-1.0
14655,0,-1,-1.0,0,-1,-1.0
14656,0,-1,-1.0,0,-1,-1.0
14657,0,-1,-1.0,0,-1,-1.0
14658,0,-1,-1.0,0,-1,-1.0
14659,0,-1,-1.0,0,-1,-1.0
14660,0,-1,-1.0,1,205,0.9234234234234234
14661,0,-1,-1.0,1,185,0.8333333333333334
14662,1,205,0.9234234234234234,1,165,0.7432432432432432
14663,1,185,0.8333333333333334,1,145,0.6531531531531531
14664,1,165,0.7432432432432432,1,125,0.5630630630630631
14665,1,145,0.6531531531531531,1,105,0.47297297297297297
14666,1,125,0.5630630630630631,1,85,0.38288288288288286
14667,1,105,0.47297297297297297,1,65,0.2927927927927928
14668,1,85,0.38288288288288286,1,45,0.20270270270270271
14669,1,65,0.2927927927927928,1,25,0.11261261261261261
14670,1,45,0.20270270270270271,1,5,0.02252252252252252
14671,1,25,0.11261261261261261,0,-1,-1.0
14672,1,5,0.02252252252252252,0,-1,-1.0
14673,0,-1,-1.0,0,-1,-1.0
14674,0,-1,-1.0,0,-1,-1.0
14675,0,-1,-1.0,0,-1,-1.0
14676,0,-1,-1.0,1,205,0.9234234234234234
14677,0,-1,-1.0,1,185,0.8333333333333334
14678,1,205,0.9234234234234234,1,165,0.7432432432432432
14679,1,185,0.8333333333333334,1,145,0.6531531531531531
14680,1,165,0.7432432432432432,1,125,0.5630630630630631
14681,1,145,0.6531531531531531,1,105,0.47297297297297297
14682,1,125,0.5630630630630631,1,85,0.38288288288288286
14683,1,105,0.47297297297297297,1,65,0.2927927927927928
14684,1,85,0.38288288288288286,1,45,0.20270270270270271
14685,1,65,0.2927927927927928,1,25,0.11261261261261261
14686,1,45,0.20270270270270271,1,5,0.02252252252252252
14687,1,25,0.11261261261261261,0,-1,-1.0
14688,1,5,0.02252252252252252,0,-1,-1.0
14689,0,-1,-1.0,1,212,0.954954954954955
14690,1,50,0.22522522522522523,1,218,0.9819819819819819
14691,1,30,0.13513513513513514,1,198,0.8918918918918919
14692,1,10,0.04504504504504504,1,178,0.8018018018018018
14693,1,184,0.8288288288288288,1,158,0.7117117117117117
14694,1,164,0.7387387387387387,1,138,0.6216216216216216
14695,1,144,0.6486486486486487,1,118,0.5315315315315315
14696,1,124,0.5585585585585585,1,98,0.44144144144144143
14697,1,104,0.46846846846846846,1,78,0.35135135135135137
14698,1,84,0.3783783783783784,1,58,0.26126126126126126
14699,1,64,0.2882882882882883,1,38,0.17117117117117117
14700,1,44,0.1981981981981982,1,18,0.08108108108108109
14701,1,24,0.10810810810810811,0,-1,-1.0
14702,1,4,0.018018018018018018,1,208,0.9369369369369369
14703,1,214,0.963963963963964,1,188,0.8468468468468469
14704,1,194,0.8738738738738738,1,168,0.7567567567567568
14705,1,174,0.7837837837837838,1,148,0.6666666666666666
14706,1,154,0.6936936936936937,1,128,0.5765765765765766
14707,1,134,0.6036036036036037,1,108,0.4864864864864865
14708,1,114,0.5135135135135135,1,88,0.3963963963963964
14709,1,94,0.42342342342342343,1,68,0.3063063063063063
14710,1,74,0.3333333333333333,1,48,0.21621621621621623
14711,1,54,0.24324324324324326,1,28,0.12612612612612611
14712,1,34,0.15315315315315314,1,8,0.036036036036036036
14713,1,14,0.06306306306306306,0,-1,-1.0
14714,0,-1,-1.0,0,-1,-1.0
14715,0,-1,-1.0,0,-1,-1.0
14716,0,-1,-1.0,0,-1,-1.0
14717,0,-1,-1.0,1,214,0.963963963963964
14718,1,220,0.990990990990991,1,194,0.8738738738738738
14719,1,200,0.9009009009009009,1,174,0.7837837837837838
14720,1,180,0.8108108108108109,1,154,0.6936936936936937
14721,1,160,0.7207207207207207,1,134,0.6036036036036037
14722,1,140,0.6306306306306306,1,114,0.5135135135135135
14723,1,120,0.5405405405405406,1,94,0.42342342342342343
14724,1,100,0.45045045045045046,1,74,0.3333333333333333
14725,1,80,0.36036036036036034,1,54,0.24324324324324326
14726,1,60,0.2702702702702703,1,34,0.15315315315315314
14727,1,40,0.18018018018018017,1,14,0.06306306306306306
14728,1,20,0.09009009009009009,1,209,0.9414414414414415
14729,1,82,0.36936936936936937,0,-1,-1.0
14730,1,62,0.27927927927927926,1,215,0.9684684684684685
14731,1,42,0.1891891891891892,1,195,0.8783783783783784
14732,1,22,0.0990990990990991,1,175,0.7882882882882883
14733,1,2,0.009009009009009009,1,155,0.6981981981981982
14734,1,177,0.7972972972972973,1,135,0.6081081081081081
14735,1,157,0.7072072072072072,1,115,0.5180180180180181
14736,1,137,0.6171171171171171,1,95,0.42792792792792794
14737,1,117,0.527027027027027,1,75,0.33783783783783783
14738,1,97,0.4369369369369369,1,55,0.24774774774774774
14739,1,77,0.34684684684684686,1,35,0.15765765765765766
14740,1,57,0.25675675675675674,1,15,0.06756756756756757
14741,1,37,0.16666666666666666,0,-1,-1.0
14742,1,17,0.07657657657657657,0,-1,-1.0
14743,0,-1,-1.0,0,-1,-1.0
14744,0,-1,-1.0,0,-1,-1.0
14745,0,-1,-1.0,1,222,1.0
14746,0,-1,-1.0,1,202,0.9099099099099099
14747,0,-1,-1.0,1,182,0.8198198198198198
14748,1,204,0.918918918918919,1,162,0.7297297297297297
14749,1,184,0.8288288288288288,1,142,0.6396396396396397
14750,1,164,0.7387387387387387,1,122,0.5495495495495496
14751,1,144,0.6486486486486487,1,102,0.4594594594594595
14752,1,124,0.5585585585585585,1,82,0.36936936936936937
14753,1,104,0.46846846846846846,1,62,0.27927927927927926
14754,1,84,0.3783783783783784,1,42,0.1891891891891892
14755,1,64,0.2882882882882883,1,22,0.0990990990990991
14756,1,44,0.1981981981981982,1,2,0.009009009009009009
14757,1,24,0.10810810810810811,1,211,0.9504504504504504
14758,1,4,0.018018018018018018,1,191,0.8603603603603603
14759,1,213,0.9594594594594594,1,171,0.7702702702702703
14760,1,193,0.8693693693693694,1,151,0.6801801801801802
14761,1,173,0.7792792792792793,1,131,0.5900900900900901
14762,1,153,0.6891891891891891,1,111,0.5
14763,1,133,0.5990990990990991,1,91,0.4099099099099099
14764,1,113,0.509009009009009,1,71,0.31981981981981983
14765,1,93,0.4189189189189189,1,51,0.22972972972972974
14766,1,73,0.32882882882882886,1,31,0.13963963963963963
14767,1,53,0.23873873873873874,1,11,0.04954954954954955
14768,1,33,0.14864864864864866,0,-1,-1.0
14769,1,13,0.05855855855855856,0,-1,-1.0
14770,0,-1,-1.0,0,-1,-1.0
14771,0,-1,-1.0,0,-1,-1.0
14772,0,-1,-1.0,1,213,0.9594594594594594
14773,0,-1,-1.0,1,193,0.8693693693693694
14774,1,52,0.23423423423423423,0,-1,-1.0
14775,1,32,0.14414414414414414,0,-1,-1.0
14776,1,12,0.05405405405405406,0,-1,-1.0
14777,0,-1,-1.0,0,-1,-1.0
14778,0,-1,-1.0,0,-1,-1.0
14779,0,-1,-1.0,1,216,0.972972972972973
14780,0,-1,-1.0,1,196,0.8828828828828829
14781,1,203,0.9144144144144144,1,176,0.7927927927927928
14782,1,183,0.8243243243243243,1,156,0.7027027027027027
14783,1,163,0.7342342342342343,1,136,0.6126126126126126
14784,1,143,0.6441441441441441,1,116,0.5225225225225225
14785,1,123,0.5540540540540541,1,96,0.43243243243243246
14786,1,103,0.46396396396396394,1,76,0.34234234234234234
14787,1,83,0.3738738738738739,1,56,0.25225225225225223
14788,1,63,0.28378378378378377,1,36,0.16216216216216217
14789,1,43,0.19369369369369369,1,16,0.07207207207207207
14790,1,23,0.1036036036036036,0,-1,-1.0
14791,1,3,0.013513513513513514,0,-1,-1.0
14792,0,-1,-1.0,1,222,1.0
14793,0,-1,-1.0,1,202,0.9099099099099099
14794,1,209,0.9414414414414415,1,182,0.8198198198198198
14795,1,189,0.8513513513513513,1,162,0.7297297297297297
14796,1,169,0.7612612612612613,1,142,0.6396396396396397
14797,1,149,0.6711711711711712,1,122,0.5495495495495496
14798,1,129,0.581081081081081,1,102,0.4594594594594595
14799,1,109,0.49099099099099097,1,82,0.36936936936936937
14800,1,89,0.4009009009009009,1,62,0.27927927927927926
14801,1,69,0.3108108108108108,1,42,0.1891891891891892
14802,1,49,0.22072072072072071,1,22,0.0990990990990991
14803,1,29,0.13063063063063063,1,2,0.009009009009009009
14804,1,9,0.04054054054054054,0,-1,-1.0
14805,0,-1,-1.0,0,-1,-1.0
14806,0,-1,-1.0,1,210,0.9459459459459459
14807,1,217,0.9774774774774775,1,190,0.8558558558558559
14808,1,197,0.8873873873873874,1,170,0.7657657657657657
14809,1,177,0.7972972972972973,1,150,0.6756756756756757
14810,1,157,0.7072072072072072,1,130,0.5855855855855856
14811,1,137,0.6171171171171171,1,110,0.4954954954954955
14812,1,117,0.527027027027027,1,90,0.40540540540540543
14813,1,97,0.4369369369369369,1,70,0.3153153153153153
14814,1,77,0.34684684684684686,1,50,0.22522522522522523
14815,1,57,0.25675675675675674,1,30,0.13513513513513514
14816,1,37,0.16666666666666666,1,10,0.04504504504504504
14817,1,22,0.0990990990990991,0,-1,-1.0
14818,1,2,0.009009009009009009,1,220,0.990990990990991
14819,1,212,0.954954954954955,1,200,0.9009009009009009
14820,1,192,0.8648648648648649,1,180,0.8108108108108109
14821,1,172,0.7747747747747747,1,160,0.7207207207207207
14822,1,152,0.6846846846846847,1,140,0.6306306306306306
14823,1,132,0.5945945945945946,1,120,0.5405405405405406
14824,1,112,0.5045045045045045,1,100,0.45045045045045046
14825,1,92,0.4144144144144144,1,80,0.36036036036036034
14826,1,72,0.32432432432432434,1,60,0.2702702702702703
14827,1,52,0.23423423423423423,1,40,0.18018018018018017
14828,1,32,0.14414414414414414,1,20,0.09009009009009009
14829,1,12,0.05405405405405406,1,0,0.0
14830,0,-1,-1.0,1,219,0.9864864864864865
14831,1,211,0.9504504504504504,1,199,0.8963963963963963
14832,1,191,0.8603603603603603,1,179,0.8063063063063063
14833,1,171,0.7702702702702703,1,159,0.7162162162162162
14834,1,151,0.6801801801801802,1,139,0.6261261261261262
14835,1,131,0.5900900900900901,1,119,0.536036036036036
14836,1,111,0.5,1,99,0.44594594594594594
14837,1,91,0.4099099099099099,1,79,0.35585585585585583
14838,1,71,0.31981981981981983,1,59,0.26576576576576577
14839,1,51,0.22972972972972974,1,39,0.17567567567567569
14840,1,31,0.13963963963963963,1,19,0.08558558558558559
14841,1,11,0.04954954954954955,1,173,0.7792792792792793
14842,1,165,0.7432432432432432,1,153,0.6891891891891891
14843,1,145,0.6531531531531531,1,133,0.5990990990990991
14844,1,125,0.5630630630630631,1,113,0.509009009009009
14845,1,105,0.47297297297297297,1,93,0.4189189189189189
14846,1,85,0.38288288288288286,1,73,0.32882882882882886
14847,1,65,0.2927927927927928,1,53,0.23873873873873874
14848,1,45,0.20270270270270271,1,33,0.14864864864864866
14849,1,25,0.11261261261261261,1,13,0.05855855855855856
14850,1,5,0.02252252252252252,0,-1,-1.0
14851,0,-1,-1.0,0,-1,-1.0
14852,0,-1,-1.0,0,-1,-1.0
14853,0,-1,-1.0,1,205,0.9234234234234234
14854,1,48,0.21621621621621623,1,185,0.8333333333333334
14855,1,28,0.12612612612612611,1,165,0.7432432432432432
14856,1,8,0.036036036036036036,1,145,0.6531531531531531
14857,1,150,0.6756756756756757,1,125,0.5630630630630631
14858,1,130,0.5855855855855856,1,105,0.47297297297297297
14859,1,110,0.4954954954954955,1,85,0.38288288288288286
14860,1,90,0.40540540540540543,1,65,0.2927927927927928
14861,1,70,0.3153153153153153,1,45,0.20270270270270271
14862,1,50,0.22522522522522523,1,25,0.11261261261261261
14863,1,30,0.13513513513513514,1,5,0.02252252252252252
14864,1,10,0.04504504504504504,0,-1,-1.0
14865,0,-1,-1.0,0,-1,-1.0
14866,0,-1,-1.0,0,-1,-1.0
14867,0,-1,-1.0,0,-1,-1.0
14868,0,-1,-1.0,0,-1,-1.0
14869,0,-1,-1.0,1,207,0.9324324324324325
14870,1,212,0.954954954954955,1,187,0.8423423423423423
14871,1,192,0.8648648648648649,1,167,0.7522522522522522
14872,1,172,0.7747747747747747,1,147,0.6621621621621622
14873,1,152,0.6846846846846847,1,127,0.5720720720720721
14874,1,132,0.5945945945945946,1,107,0.481981981981982
14875,1,112,0.5045045045045045,1,87,0.3918918918918919
14876,1,92,0.4144144144144144,1,67,0.30180180180180183
14877,1,72,0.32432432432432434,1,47,0.21171171171171171
14878,1,52,0.23423423423423423,1,27,0.12162162162162163
14879,1,32,0.14414414414414414,1,7,0.03153153153153153
14880,1,12,0.05405405405405406,0,-1,-1.0
14881,0,-1,-1.0,0,-1,-1.0
14882,0,-1,-1.0,1,210,0.9459459459459459
14883,1,215,0.9684684684684685,1,190,0.8558558558558559
14884,1,195,0.8783783783783784,1,170,0.7657657657657657
14885,1,175,0.7882882882882883,1,150,0.6756756756756757
14886,1,155,0.6981981981981982,1,130,0.5855855855855856
14887,1,135,0.6081081081081081,1,110,0.4954954954954955
14888,1,115,0.5180180180180181,1,90,0.40540540540540543
14889,1,95,0.42792792792792794,1,70,0.3153153153153153
14890,1,75,0.33783783783783783,1,50,0.22522522522522523
14891,1,55,0.24774774774774774,1,30,0.13513513513513514
14892,1,35,0.15765765765765766,1,10,0.04504504504504504
14893,1,15,0.06756756756756757,0,-1,-1.0
14894,0,-1,-1.0,1,204,0.918918918918919
14895,0,-1,-1.0,1,184,0.8288288288288288
14896,1,72,0.32432432432432434,0,-1,-1.0
14897,1,52,0.23423423423423423,0,-1,-1.0
14898,1,32,0.14414414414414414,1,219,0.9864864864864865
14899,1,12,0.05405405405405406,1,199,0.8963963963963963
14900,1,216,0.972972972972973,1,179,0.8063063063063063
14901,1,196,0.8828828828828829,1,159,0.7162162162162162
14902,1,176,0.7927927927927928,1,139,0.6261261261261262
14903,1,156,0.7027027027027027,1,119,0.536036036036036
14904,1,136,0.6126126126126126,1,99,0.44594594594594594
14905,1,116,0.5225225225225225,1,79,0.35585585585585583
14906,1,96,0.43243243243243246,1,59,0.26576576576576577
14907,1,76,0.34234234234234234,1,39,0.17567567567567569
14908,1,56,0.25225225225225223,1,19,0.08558558558558559
14909,1,36,0.16216216216216217,0,-1,-1.0
14910,1,16,0.07207207207207207,1,213,0.9594594594594594
14911,0,-1,-1.0,1,193,0.8693693693693694
14912,1,210,0.9459459459459459,1,173,0.7792792792792793
14913,1,190,0.8558558558558559,1,153,0.6891891891891891
14914,1,170,0.7657657657657657,1,133,0.5990990990990991
14915,1,150,0.6756756756756757,1,113,0.509009009009009
14916,1,130,0.5855855855855856,1,93,0.4189189189189189
14917,1,110,0.4954954954954955,1,73,0.32882882882882886
14918,1,90,0.40540540540540543,1,53,0.23873873873873874
14919,1,70,0.3153153153153153,1,33,0.14864864864864866
14920,1,50,0.22522522522522523,1,13,0.05855855855855856
14921,1,30,0.13513513513513514,0,-1,-1.0
14922,1,10,0.04504504504504504,1,208,0.9369369369369369
14923,0,-1,-1.0,1,188,0.8468468468468469
14924,1,205,0.9234234234234234,1,168,0.7567567567567568
14925,1,185,0.8333333333333334,1,148,0.6666666666666666
14926,1,165,0.7432432432432432,1,128,0.5765765765765766
14927,1,145,0.6531531531531531,1,108,0.4864864864864865
14928,1,125,0.5630630630630631,1,88,0.3963963963963964
14929,1,105,0.47297297297297297,1,68,0.3063063063063063
14930,1,85,0.38288288288288286,1,48,0.21621621621621623
14931,1,65,0.2927927927927928,1,28,0.12612612612612611
14932,1,45,0.20270270270270271,1,8,0.036036036036036036
14933,1,50,0.22522522522522523,0,-1,-1.0
14934,1,30,0.13513513513513514,1,209,0.9414414414414415
14935,1,10,0.04504504504504504,1,189,0.8513513513513513
14936,1,195,0.8783783783783784,1,169,0.7612612612612613
14937,1,175,0.7882882882882883,1,149,0.6711711711711712
14938,1,155,0.6981981981981982,1,129,0.581081081081081
14939,1,135,0.6081081081081081,1,109,0.49099099099099097
14940,1,115,0.5180180180180181,1,89,0.4009009009009009
14941,1,95,0.42792792792792794,1,69,0.3108108108108108
14942,1,75,0.33783783783783783,1,49,0.22072072072072071
14943,1,55,0.24774774774774774,1,29,0.13063063063063063
14944,1,35,0.15765765765765766,1,9,0.04054054054054054
14945,1,15,0.06756756756756757,0,-1,-1.0
14946,0,-1,-1.0,1,215,0.9684684684684685
14947,1,221,0.9954954954954955,1,195,0.8783783783783784
14948,1,201,0.9054054054054054,1,175,0.7882882882882883
14949,1,181,0.8153153153153153,1,155,0.6981981981981982
14950,1,161,0.7252252252252253,1,135,0.6081081081081081
14951,1,141,0.6351351351351351,1,115,0.5180180180180181
14952,1,121,0.545045045045045,1,95,0.42792792792792794
14953,1,101,0.45495495495495497,1,75,0.33783783783783783
14954,1,81,0.36486486486486486,1,55,0.24774774774774774
14955,1,61,0.2747747747747748,1,35,0.15765765765765766
14956,1,48,0.21621621621621623,0,-1,-1.0
14957,1,28,0.12612612612612611,0,-1,-1.0
14958,1,8,0.036036036036036036,1,204,0.918918918918919
14959,1,209,0.9414414414414415,1,184,0.8288288288288288
14960,1,189,0.8513513513513513,1,164,0.7387387387387387
14961,1,169,0.7612612612612613,1,144,0.6486486486486487
14962,1,149,0.6711711711711712,1,124,0.5585585585585585
14963,1,129,0.581081081081081,1,104,0.46846846846846846
14964,1,109,0.49099099099099097,1,84,0.3783783783783784
14965,1,89,0.4009009009009009,1,64,0.2882882882882883
14966,1,69,0.3108108108108108,1,44,0.1981981981981982
14967,1,49,0.22072072072072071,1,24,0.10810810810810811
14968,1,29,0.13063063063063063,1,4,0.018018018018018018
14969,1,9,0.04054054054054054,0,-1,-1.0
14970,0,-1,-1.0,0,-1,-1.0
14971,0,-1,-1.0,0,-1,-1.0
14972,0,-1,-1.0,1,205,0.9234234234234234
14973,1,210,0.9459459459459459,1,185,0.8333333333333334
14974,1,190,0.8558558558558559,1,165,0.7432432432432432
14975,1,170,0.7657657657657657,1,145,0.6531531531531531
14976,1,150,0.6756756756756757,1,125,0.5630630630630631
14977,1,130,0.5855855855855856,1,105,0.47297297297297297
14978,1,110,0.4954954954954955,1,85,0.38288288288288286
14979,1,90,0.40540540540540543,1,65,0.2927927927927928
14980,1,70,0.3153153153153153,1,45,0.20270270270270271
14981,1,50,0.22522522522522523,1,25,0.11261261261261261
14982,1,30,0.13513513513513514,1,5,0.02252252252252252
14983,1,10,0.04504504504504504,0,-1,-1.0
14984,0,-1,-1.0,1,212,0.954954954954955
14985,1,217,0.9774774774774775,1,192,0.8648648648648649
14986,1,197,0.8873873873873874,1,172,0.7747747747747747
14987,1,177,0.7972972972972973,1,152,0.6846846846846847
14988,1,157,0.7072072072072072,1,132,0.5945945945945946
14989,1,137,0.6171171171171171,1,112,0.5045045045045045
14990,1,117,0.527027027027027,1,92,0.4144144144144144
14991,1,97,0.4369369369369369,1,72,0.32432432432432434
14992,1,77,0.34684684684684686,1,52,0.23423423423423423
14993,1,57,0.25675675675675674,1,32,0.14414414414414414
14994,1,37,0.16666666666666666,1,12,0.05405405405405406
14995,1,17,0.07657657657657657,0,-1,-1.0
14996,0,-1,-1.0,0,-1,-1.0
14997,0,-1,-1.0,0,-1,-1.0
14998,0,-1,-1.0,0,-1,-1.0
14999,0,-1,-1.0,0,-1,-1.0
15000,0,-1,-1.0,1,212,0.954954954954955
15001,1,48,0.21621621621621623,0,-1,-1.0
15002,1,28,0.12612612612612611,0,-1,-1.0
15003,1,8,0.036036036036036036,1,207,0.9324324324324325
15004,1,212,0.954954954954955,1,187,0.8423423423423423
15005,1,192,0.8648648648648649,1,167,0.7522522522522522
15006,1,172,0.7747747747747747,1,147,0.6621621621621622
15007,1,152,0.6846846846846847,1,127,0.5720720720720721
15008,1,132,0.5945945945945946,1,107,0.481981981981982
15009,1,112,0.5045045045045045,1,87,0.3918918918918919
15010,1,92,0.4144144144144144,1,67,0.30180180180180183
15011,1,72,0.32432432432432434,1,47,0.21171171171171171
15012,1,52,0.23423423423423423,1,27,0.12162162162162163
15013,1,32,0.14414414414414414,1,7,0.03153153153153153
15014,1,12,0.05405405405405406,1,171,0.7702702702702703
15015,1,176,0.7927927927927928,1,151,0.6801801801801802
15016,1,156,0.7027027027027027,1,131,0.5900900900900901
15017,1,136,0.6126126126126126,1,111,0.5
15018,1,116,0.5225225225225225,1,91,0.4099099099099099
15019,1,96,0.43243243243243246,1,71,0.31981981981981983
15020,1,76,0.34234234234234234,1,51,0.22972972972972974
15021,1,56,0.25225225225225223,1,31,0.13963963963963963
15022,1,36,0.16216216216216217,1,11,0.04954954954954955
15023,1,16,0.07207207207207207,0,-1,-1.0
15024,0,-1,-1.0,1,210,0.9459459459459459
15025,1,215,0.9684684684684685,1,190,0.8558558558558559
15026,1,195,0.8783783783783784,1,170,0.7657657657657657
15027,1,175,0.7882882882882883,1,150,0.6756756756756757
15028,1,155,0.6981981981981982,1,130,0.5855855855855856
15029,1,135,0.6081081081081081,1,110,0.4954954954954955
15030,1,115,0.5180180180180181,1,90,0.40540540540540543
15031,1,95,0.42792792792792794,1,70,0.3153153153153153
15032,1,75,0.33783783783783783,1,50,0.22522522522522523
15033,1,55,0.24774774774774774,1,30,0.13513513513513514
15034,1,35,0.15765765765765766,1,10,0.04504504504504504
15035,1,44,0.1981981981981982,1,174,0.7837837837837838
15036,1,24,0.10810810810810811,1,154,0.6936936936936937
15037,1,4,0.018018018018018018,1,134,0.6036036036036037
15038,1,137,0.6171171171171171,1,114,0.5135135135135135
15039,1,117,0.527027027027027,1,94,0.42342342342342343
15040,1,97,0.4369369369369369,1,74,0.3333333333333333
15041,1,77,0.34684684684684686,1,54,0.24324324324324326
15042,1,57,0.25675675675675674,1,34,0.15315315315315314
15043,1,37,0.16666666666666666,1,14,0.06306306306306306
15044,1,17,0.07657657657657657,0,-1,-1.0
15045,0,-1,-1.0,0,-1,-1.0
15046,0,-1,-1.0,0,-1,-1.0
15047,0,-1,-1.0,0,-1,-1.0
15048,0,-1,-1.0,0,-1,-1.0
15049,0,-1,-1.0,0,-1,-1.0
15050,0,-1,-1.0,1,204,0.918918918918919
15051,1,207,0.9324324324324325,1,184,0.8288288288288288
15052,1,187,0.8423423423423423,1,164,0.7387387387387387
15053,1,167,0.7522522522522522,1,144,0.6486486486486487
15054,1,147,0.6621621621621622,1,124,0.5585585585585585
15055,1,127,0.5720720720720721,1,104,0.46846846846846846
15056,1,107,0.481981981981982,1,84,0.3783783783783784
15057,1,87,0.3918918918918919,1,64,0.2882882882882883
15058,1,67,0.30180180180180183,1,44,0.1981981981981982
15059,1,47,0.21171171171171171,1,24,0.10810810810810811
15060,1,27,0.12162162162162163,1,4,0.018018018018018018
15061,1,7,0.03153153153153153,0,-1,-1.0
15062,0,-1,-1.0,0,-1,-1.0
15063,0,-1,-1.0,0,-1,-1.0
15064,0,-1,-1.0,1,217,0.9774774774774775
15065,0,-1,-1.0,1,197,0.8873873873873874
15066,1,26,0.11711711711711711,0,-1,-1.0
15067,1,6,0.02702702702702703,0,-1,-1.0
15068,0,-1,-1.0,1,215,0.9684684684684685
15069,1,209,0.9414414414414415,1,195,0.8783783783783784
15070,1,189,0.8513513513513513,1,175,0.7882882882882883
15071,1,169,0.7612612612612613,1,155,0.6981981981981982
15072,1,149,0.6711711711711712,1,135,0.6081081081081081
15073,1,129,0.581081081081081,1,115,0.5180180180180181
15074,1,109,0.49099099099099097,1,95,0.42792792792792794
15075,1,89,0.4009009009009009,1,75,0.33783783783783783
15076,1,69,0.3108108108108108,1,55,0.24774774774774774
15077,1,49,0.22072072072072071,1,35,0.15765765765765766
15078,1,29,0.13063063063063063,1,15,0.06756756756756757
15079,1,9,0.04054054054054054,0,-1,-1.0
15080,0,-1,-1.0,1,209,0.9414414414414415
15081,1,203,0.9144144144144144,1,189,0.8513513513513513
15082,1,183,0.8243243243243243,1,169,0.7612612612612613
15083,1,163,0.7342342342342343,1,149,0.6711711711711712
15084,1,143,0.6441441441441441,1,129,0.581081081081081
15085,1,123,0.5540540540540541,1,109,0.49099099099099097
15086,1,103,0.46396396396396394,1,89,0.4009009009009009
15087,1,83,0.3738738738738739,1,69,0.3108108108108108
15088,1,63,0.28378378378378377,1,49,0.22072072072072071
15089,1,43,0.19369369369369369,1,29,0.13063063063063063
15090,1,23,0.1036036036036036,1,9,0.04054054054054054
15091,1,3,0.013513513513513514,1,156,0.7027027027027027
15092,1,150,0.6756756756756757,1,136,0.6126126126126126
15093,1,130,0.5855855855855856,1,116,0.5225225225225225
15094,1,110,0.4954954954954955,1,96,0.43243243243243246
15095,1,90,0.40540540540540543,1,76,0.34234234234234234
15096,1,70,0.3153153153153153,1,56,0.25225225225225223
15097,1,50,0.22522522522522523,1,36,0.16216216216216217
15098,1,30,0.13513513513513514,1,16,0.07207207207207207
15099,1,52,0.23423423423423423,0,-1,-1.0
15100,1,32,0.14414414414414414,0,-1,-1.0
15101,1,12,0.05405405405405406,0,-1,-1.0
15102,0,-1,-1.0,0,-1,-1.0
15103,0,-1,-1.0,0,-1,-1.0
15104,0,-1,-1.0,0,-1,-1.0
15105,0,-1,-1.0,1,216,0.972972972972973
15106,0,-1,-1.0,1,196,0.8828828828828829
15107,1,203,0.9144144144144144,1,176,0.7927927927927928
15108,1,183,0.8243243243243243,1,156,0.7027027027027027
15109,1,163,0.7342342342342343,1,136,0.6126126126126126
15110,1,143,0.6441441441441441,1,116,0.5225225225225225
15111,1,123,0.5540540540540541,1,96,0.43243243243243246
15112,1,103,0.46396396396396394,1,76,0.34234234234234234
15113,1,83,0.3738738738738739,1,56,0.25225225225225223
15114,1,63,0.28378378378378377,1,36,0.16216216216216217
15115,1,43,0.19369369369369369,1,16,0.07207207207207207
15116,1,23,0.1036036036036036,0,-1,-1.0
15117,1,3,0.013513513513513514,0,-1,-1.0
15118,0,-1,-1.0,0,-1,-1.0
15119,0,-1,-1.0,0,-1,-1.0
15120,0,-1,-1.0,1,203,0.9144144144144144
15121,1,210,0.9459459459459459,1,183,0.8243243243243243
15122,1,190,0.8558558558558559,1,163,0.7342342342342343
15123,1,170,0.7657657657657657,1,143,0.6441441441441441
15124,1,150,0.6756756756756757,1,123,0.5540540540540541
15125,1,130,0.5855855855855856,1,103,0.46396396396396394
15126,1,110,0.4954954954954955,1,83,0.3738738738738739
15127,1,90,0.40540540540540543,1,63,0.28378378378378377
15128,1,70,0.3153153153153153,1,43,0.19369369369369369
15129,1,50,0.22522522522522523,1,23,0.1036036036036036
15130,1,30,0.13513513513513514,1,3,0.013513513513513514
15131,1,10,0.04504504504504504,1,204,0.918918918918919
15132,1,211,0.9504504504504504,1,184,0.8288288288288288
15133,1,191,0.8603603603603603,1,164,0.7387387387387387
15134,1,171,0.7702702702702703,1,144,0.6486486486486487
15135,1,151,0.6801801801801802,1,124,0.5585585585585585
15136,1,131,0.5900900900900901,1,104,0.46846846846846846
15137,1,111,0.5,1,84,0.3783783783783784
15138,1,91,0.4099099099099099,1,64,0.2882882882882883
15139,1,71,0.31981981981981983,1,44,0.1981981981981982
15140,1,51,0.22972972972972974,1,24,0.10810810810810811
15141,1,31,0.13963963963963963,1,4,0.018018018018018018
15142,1,11,0.04954954954954955,0,-1,-1.0
15143,0,-1,-1.0,0,-1,-1.0
15144,0,-1,-1.0,0,-1,-1.0
15145,0,-1,-1.0,1,221,0.9954954954954955
15146,1,68,0.3063063063063063,0,-1,-1.0
15147,1,48,0.21621621621621623,0,-1,-1.0
15148,1,28,0.12612612612612611,0,-1,-1.0
15149,1,8,0.036036036036036036,0,-1,-1.0
15150,0,-1,-1.0,0,-1,-1.0
15151,0,-1,-1.0,1,216,0.972972972972973
15152,0,-1,-1.0,1,196,0.8828828828828829
15153,1,211,0.9504504504504504,1,176,0.7927927927927928
15154,1,191,0.8603603603603603,1,156,0.7027027027027027
15155,1,171,0.7702702702702703,1,136,0.6126126126126126
15156,1,151,0.6801801801801802,1,116,0.5225225225225225
15157,1,131,0.5900900900900901,1,96,0.43243243243243246
15158,1,111,0.5,1,76,0.34234234234234234
15159,1,91,0.4099099099099099,1,56,0.25225225225225223
15160,1,71,0.31981981981981983,1,36,0.16216216216216217
15161,1,51,0.22972972972972974,1,16,0.07207207207207207
15162,1,31,0.13963963963963963,0,-1,-1.0
15163,1,11,0.04954954954954955,0,-1,-1.0
15164,0,-1,-1.0,0,-1,-1.0
15165,0,-1,-1.0,0,-1,-1.0
15166,0,-1,-1.0,1,203,0.9144144144144144
15167,1,218,0.9819819819819819,1,183,0.8243243243243243
15168,1,198,0.8918918918918919,1,163,0.7342342342342343
15169,1,178,0.8018018018018018,1,143,0.6441441441441441
15170,1,158,0.7117117117117117,1,123,0.5540540540540541
15171,1,138,0.6216216216216216,1,103,0.46396396396396394
15172,1,118,0.5315315315315315,1,83,0.3738738738738739
15173,1,98,0.44144144144144143,1,63,0.28378378378378377
15174,1,78,0.35135135135135137,1,43,0.19369369369369369
15175,1,58,0.26126126126126126,1,23,0.1036036036036036
15176,1,38,0.17117117117117117,1,3,0.013513513513513514
15177,1,18,0.08108108108108109,0,-1,-1.0
15178,0,-1,-1.0,0,-1,-1.0
15179,0,-1,-1.0,0,-1,-1.0
15180,0,-1,-1.0,1,222,1.0
15181,0,-1,-1.0,1,202,0.9099099099099099
15182,1,217,0.9774774774774775,1,182,0.8198198198198198
15183,1,197,0.8873873873873874,1,162,0.7297297297297297
15184,1,177,0.7972972972972973,1,142,0.6396396396396397
15185,1,157,0.7072072072072072,1,122,0.5495495495495496
15186,1,137,0.6171171171171171,1,102,0.4594594594594595
15187,1,117,0.527027027027027,1,82,0.36936936936936937
15188,1,97,0.4369369369369369,1,62,0.27927927927927926
15189,1,77,0.34684684684684686,1,42,0.1891891891891892
15190,1,57,0.25675675675675674,1,22,0.0990990990990991
15191,1,37,0.16666666666666666,1,2,0.009009009009009009
15192,1,17,0.07657657657657657,0,-1,-1.0
15193,0,-1,-1.0,0,-1,-1.0
15194,0,-1,-1.0,1,206,0.9279279279279279
15195,0,-1,-1.0,1,186,0.8378378378378378
15196,1,70,0.3153153153153153,0,-1,-1.0
15197,1,50,0.22522522522522523,0,-1,-1.0
15198,1,30,0.13513513513513514,0,-1,-1.0
15199,1,10,0.04504504504504504,0,-1,-1.0
15200,0,-1,-1.0,0,-1,-1.0
15201,0,-1,-1.0,0,-1,-1.0
15202,0,-1,-1.0,1,205,0.9234234234234234
15203,1,221,0.9954954954954955,1,185,0.8333333333333334
15204,1,201,0.9054054054054054,1,165,0.7432432432432432
15205,1,181,0.8153153153153153,1,145,0.6531531531531531
15206,1,161,0.7252252252252253,1,125,0.5630630630630631
15207,1,141,0.6351351351351351,1,105,0.47297297297297297
15208,1,121,0.545045045045045,1,85,0.38288288288288286
15209,1,101,0.45495495495495497,1,65,0.2927927927927928
15210,1,81,0.36486486486486486,1,45,0.20270270270270271
15211,1,61,0.2747747747747748,1,25,0.11261261261261261
15212,1,41,0.18468468468468469,1,5,0.02252252252252252
15213,1,21,0.0945945945945946,1,218,0.9819819819819819
15214,1,1,0.0045045045045045045,1,198,0.8918918918918919
15215,1,214,0.963963963963964,1,178,0.8018018018018018
15216,1,194,0.8738738738738738,1,158,0.7117117117117117
15217,1,174,0.7837837837837838,1,138,0.6216216216216216
15218,1,154,0.6936936936936937,1,118,0.5315315315315315
15219,1,134,0.6036036036036037,1,98,0.44144144144144143
15220,1,114,0.5135135135135135,1,78,0.35135135135135137
15221,1,94,0.42342342342342343,1,58,0.26126126126126126
15222,1,74,0.3333333333333333,1,38,0.17117117117117117
15223,1,54,0.24324324324324326,1,18,0.08108108108108109
15224,1,34,0.15315315315315314,1,214,0.963963963963964
15225,1,68,0.3063063063063063,0,-1,-1.0
15226,1,48,0.21621621621621623,0,-1,-1.0
15227,1,28,0.12612612612612611,0,-1,-1.0
15228,1,8,0.036036036036036036,0,-1,-1.0
15229,0,-1,-1.0,0,-1,-1.0
15230,0,-1,-1.0,0,-1,-1.0
15231,0,-1,-1.0,0,-1,-1.0
15232,0,-1,-1.0,1,208,0.9369369369369369
15233,0,-1,-1.0,1,188,0.8468468468468469
15234,1,203,0.9144144144144144,1,168,0.7567567567567568
15235,1,183,0.8243243243243243,1,148,0.6666666666666666
15236,1,163,0.7342342342342343,1,128,0.5765765765765766
15237,1,143,0.6441441441441441,1,108,0.4864864864864865
15238,1,123,0.5540540540540541,1,88,0.3963963963963964
15239,1,103,0.46396396396396394,1,68,0.3063063063063063
15240,1,83,0.3738738738738739,1,48,0.21621621621621623
15241,1,63,0.28378378378378377,1,28,0.12612612612612611
15242,1,43,0.19369369369369369,1,8,0.036036036036036036
15243,1,23,0.1036036036036036,1,179,0.8063063063063063
15244,1,3,0.013513513513513514,1,159,0.7162162162162162
15245,1,174,0.7837837837837838,1,139,0.6261261261261262
15246,1,154,0.6936936936936937,1,119,0.536036036036036
15247,1,134,0.6036036036036037,1,99,0.44594594594594594
15248,1,114,0.5135135135135135,1,79,0.35585585585585583
15249,1,94,0.42342342342342343,1,59,0.26576576576576577
15250,1,74,0.3333333333333333,1,39,0.17567567567567569
15251,1,54,0.24324324324324326,1,19,0.08558558558558559
15252,1,34,0.15315315315315314,0,-1,-1.0
15253,1,14,0.06306306306306306,1,207,0.9324324324324325
15254,1,68,0.3063063063063063,0,-1,-1.0
15255,1,48,0.21621621621621623,0,-1,-1.0
15256,1,28,0.12612612612612611,0,-1,-1.0
15257,1,8,0.036036036036036036,0,-1,-1.0
15258,0,-1,-1.0,0,-1,-1.0
15259,0,-1,-1.0,0,-1,-1.0
15260,0,-1,-1.0,0,-1,-1.0
15261,0,-1,-1.0,0,-1,-1.0
15262,0,-1,-1.0,0,-1,-1.0
15263,0,-1,-1.0,1,207,0.9324324324324325
15264,1,222,1.0,1,187,0.8423423423423423
15265,1,202,0.9099099099099099,1,167,0.7522522522522522
15266,1,182,0.8198198198198198,1,147,0.6621621621621622
15267,1,162,0.7297297297297297,1,127,0.5720720720720721
15268,1,142,0.6396396396396397,1,107,0.481981981981982
15269,1,122,0.5495495495495496,1,87,0.3918918918918919
15270,1,102,0.4594594594594595,1,67,0.30180180180180183
15271,1,82,0.36936936936936937,1,47,0.21171171171171171
15272,1,62,0.27927927927927926,1,27,0.12162162162162163
15273,1,42,0.1891891891891892,1,7,0.03153153153153153
15274,1,22,0.0990990990990991,1,177,0.7972972972972973
15275,1,2,0.009009009009009009,1,157,0.7072072072072072
15276,1,172,0.7747747747747747,1,137,0.6171171171171171
15277,1,152,0.6846846846846847,1,117,0.527027027027027
15278,1,132,0.5945945945945946,1,97,0.4369369369369369
15279,1,112,0.5045045045045045,1,77,0.34684684684684686
15280,1,92,0.4144144144144144,1,57,0.25675675675675674
15281,1,72,0.32432432432432434,1,37,0.16666666666666666
15282,1,52,0.23423423423423423,1,17,0.07657657657657657
15283,1,32,0.14414414414414414,1,194,0.8738738738738738
15284,1,12,0.05405405405405406,1,174,0.7837837837837838
15285,1,189,0.8513513513513513,1,154,0.6936936936936937
15286,1,169,0.7612612612612613,1,134,0.6036036036036037
15287,1,149,0.6711711711711712,1,114,0.5135135135135135
15288,1,129,0.581081081081081,1,94,0.42342342342342343
15289,1,109,0.49099099099099097,1,74,0.3333333333333333
15290,1,89,0.4009009009009009,1,54,0.24324324324324326
15291,1,69,0.3108108108108108,1,34,0.15315315315315314
15292,1,49,0.22072072072072071,1,14,0.06306306306306306
15293,1,29,0.13063063063063063,0,-1,-1.0
15294,1,9,0.04054054054054054,0,-1,-1.0
15295,0,-1,-1.0,0,-1,-1.0
15296,0,-1,-1.0,1,219,0.9864864864864865
15297,1,66,0.2972972972972973,0,-1,-1.0
15298,1,46,0.2072072072072072,0,-1,-1.0
15299,1,26,0.11711711711711711,0,-1,-1.0
15300,1,6,0.02702702702702703,0,-1,-1.0
15301,0,-1,-1.0,1,208,0.9369369369369369
15302,1,222,1.0,1,188,0.8468468468468469
15303,1,202,0.9099099099099099,1,168,0.7567567567567568
15304,1,182,0.8198198198198198,1,148,0.6666666666666666
15305,1,162,0.7297297297297297,1,128,0.5765765765765766
15306,1,142,0.6396396396396397,1,108,0.4864864864864865
15307,1,122,0.5495495495495496,1,88,0.3963963963963964
15308,1,102,0.4594594594594595,1,68,0.3063063063063063
15309,1,82,0.36936936936936937,1,48,0.21621621621621623
15310,1,62,0.27927927927927926,1,28,0.12612612612612611
15311,1,42,0.1891891891891892,1,8,0.036036036036036036
15312,1,22,0.0990990990990991,1,206,0.9279279279279279
15313,1,2,0.009009009009009009,1,186,0.8378378378378378
15314,1,200,0.9009009009009009,1,166,0.7477477477477478
15315,1,180,0.8108108108108109,1,146,0.6576576576576577
15316,1,160,0.7207207207207207,1,126,0.5675675675675675
15317,1,140,0.6306306306306306,1,106,0.4774774774774775
15318,1,120,0.5405405405405406,1,86,0.38738738738738737
15319,1,100,0.45045045045045046,1,66,0.2972972972972973
15320,1,80,0.36036036036036034,1,46,0.2072072072072072
15321,1,60,0.2702702702702703,1,26,0.11711711711711711
15322,1,40,0.18018018018018017,1,6,0.02702702702702703
15323,1,20,0.09009009009009009,0,-1,-1.0
15324,1,0,0.0,0,-1,-1.0
15325,0,-1,-1.0,1,207,0.9324324324324325
15326,1,221,0.9954954954954955,1,187,0.8423423423423423
15327,1,201,0.9054054054054054,1,167,0.7522522522522522
15328,1,181,0.8153153153153153,1,147,0.6621621621621622
15329,1,161,0.7252252252252253,1,127,0.5720720720720721
15330,1,141,0.6351351351351351,1,107,0.481981981981982
15331,1,121,0.545045045045045,1,87,0.3918918918918919
15332,1,101,0.45495495495495497,1,67,0.30180180180180183
15333,1,81,0.36486486486486486,1,47,0.21171171171171171
15334,1,61,0.2747747747747748,1,27,0.12162162162162163
15335,1,41,0.18468468468468469,1,7,0.03153153153153153
15336,1,21,0.0945945945945946,1,209,0.9414414414414415
15337,1,50,0.22522522522522523,0,-1,-1.0
15338,1,30,0.13513513513513514,0,-1,-1.0
15339,1,10,0.04504504504504504,0,-1,-1.0
15340,0,-1,-1.0,0,-1,-1.0
15341,0,-1,-1.0,1,209,0.9414414414414415
15342,1,215,0.9684684684684685,1,189,0.8513513513513513
15343,1,195,0.8783783783783784,1,169,0.7612612612612613
15344,1,175,0.7882882882882883,1,149,0.6711711711711712
15345,1,155,0.6981981981981982,1,129,0.581081081081081
15346,1,135,0.6081081081081081,1,109,0.49099099099099097
15347,1,115,0.5180180180180181,1,89,0.4009009009009009
15348,1,95,0.42792792792792794,1,69,0.3108108108108108
15349,1,75,0.33783783783783783,1,49,0.22072072072072071
15350,1,55,0.24774774774774774,1,29,0.13063063063063063
15351,1,35,0.15765765765765766,1,9,0.04054054054054054
15352,1,15,0.06756756756756757,1,194,0.8738738738738738
15353,1,200,0.9009009009009009,1,174,0.7837837837837838
15354,1,180,0.8108108108108109,1,154,0.6936936936936937
15355,1,160,0.7207207207207207,1,134,0.6036036036036037
15356,1,140,0.6306306306306306,1,114,0.5135135135135135
15357,1,120,0.5405405405405406,1,94,0.42342342342342343
15358,1,100,0.45045045045045046,1,74,0.3333333333333333
15359,1,80,0.36036036036036034,1,54,0.24324324324324326
15360,1,60,0.2702702702702703,1,34,0.15315315315315314
15361,1,40,0.18018018018018017,1,14,0.06306306306306306
15362,1,74,0.3333333333333333,0,-1,-1.0
15363,1,54,0.24324324324324326,0,-1,-1.0
15364,1,34,0.15315315315315314,1,208,0.9369369369369369
15365,1,14,0.06306306306306306,1,188,0.8468468468468469
15366,1,206,0.9279279279279279,1,168,0.7567567567567568
15367,1,186,0.8378378378378378,1,148,0.6666666666666666
15368,1,166,0.7477477477477478,1,128,0.5765765765765766
15369,1,146,0.6576576576576577,1,108,0.4864864864864865
15370,1,126,0.5675675675675675,1,88,0.3963963963963964
15371,1,106,0.4774774774774775,1,68,0.3063063063063063
15372,1,86,0.38738738738738737,1,48,0.21621621621621623
15373,1,66,0.2972972972972973,1,28,0.12612612612612611
15374,1,46,0.2072072072072072,1,8,0.036036036036036036
15375,1,26,0.11711711711711711,1,188,0.8468468468468469
15376,1,6,0.02702702702702703,1,168,0.7567567567567568
15377,1,186,0.8378378378378378,1,148,0.6666666666666666
15378,1,166,0.7477477477477478,1,128,0.5765765765765766
15379,1,146,0.6576576576576577,1,108,0.4864864864864865
15380,1,126,0.5675675675675675,1,88,0.3963963963963964
15381,1,106,0.4774774774774775,1,68,0.3063063063063063
15382,1,86,0.38738738738738737,1,48,0.21621621621621623
15383,1,66,0.2972972972972973,1,28,0.12612612612612611
15384,1,46,0.2072072072072072,1,8,0.036036036036036036
15385,1,26,0.11711711711711711,0,-1,-1.0
15386,1,6,0.02702702702702703,0,-1,-1.0
15387,0,-1,-1.0,0,-1,-1.0
15388,0,-1,-1.0,0,-1,-1.0
15389,0,-1,-1.0,0,-1,-1.0
15390,0,-1,-1.0,0,-1,-1.0
15391,0,-1,-1.0,0,-1,-1.0
15392,0,-1,-1.0,1,204,0.918918918918919
15393,1,222,1.0,1,184,0.8288288288288288
15394,1,202,0.9099099099099099,1,164,0.7387387387387387
15395,1,182,0.8198198198198198,1,144,0.6486486486486487
15396,1,162,0.7297297297297297,1,124,0.5585585585585585
15397,1,142,0.6396396396396397,1,104,0.46846846846846846
15398,1,122,0.5495495495495496,1,84,0.3783783783783784
15399,1,102,0.4594594594594595,1,64,0.2882882882882883
15400,1,82,0.36936936936936937,1,44,0.1981981981981982
15401,1,62,0.27927927927927926,1,24,0.10810810810810811
15402,1,42,0.1891891891891892,1,4,0.018018018018018018
15403,1,22,0.0990990990990991,0,-1,-1.0
15404,1,2,0.009009009009009009,1,213,0.9594594594594594
15405,1,56,0.25225225225225223,0,-1,-1.0
15406,1,36,0.16216216216216217,0,-1,-1.0
15407,1,16,0.07207207207207207,0,-1,-1.0
15408,0,-1,-1.0,0,-1,-1.0
15409,0,-1,-1.0,0,-1,-1.0
15410,0,-1,-1.0,0,-1,-1.0
15411,0,-1,-1.0,1,220,0.990990990990991
15412,0,-1,-1.0,1,200,0.9009009009009009
15413,1,209,0.9414414414414415,1,180,0.8108108108108109
15414,1,189,0.8513513513513513,1,160,0.7207207207207207
15415,1,169,0.7612612612612613,1,140,0.6306306306306306
15416,1,149,0.6711711711711712,1,120,0.5405405405405406
15417,1,129,0.581081081081081,1,100,0.45045045045045046
15418,1,109,0.49099099099099097,1,80,0.36036036036036034
15419,1,89,0.4009009009009009,1,60,0.2702702702702703
15420,1,69,0.3108108108108108,1,40,0.18018018018018017
15421,1,49,0.22072072072072071,1,20,0.09009009009009009
15422,1,29,0.13063063063063063,1,0,0.0
15423,1,9,0.04054054054054054,1,196,0.8828828828828829
15424,1,205,0.9234234234234234,1,176,0.7927927927927928
15425,1,185,0.8333333333333334,1,156,0.7027027027027027
15426,1,165,0.7432432432432432,1,136,0.6126126126126126
15427,1,145,0.6531531531531531,1,116,0.5225225225225225
15428,1,125,0.5630630630630631,1,96,0.43243243243243246
15429,1,105,0.47297297297297297,1,76,0.34234234234234234
15430,1,85,0.38288288288288286,1,56,0.25225225225225223
15431,1,65,0.2927927927927928,1,36,0.16216216216216217
15432,1,45,0.20270270270270271,1,16,0.07207207207207207
15433,1,25,0.11261261261261261,1,204,0.918918918918919
15434,1,5,0.02252252252252252,1,184,0.8288288288288288
15435,1,193,0.8693693693693694,1,164,0.7387387387387387
15436,1,173,0.7792792792792793,1,144,0.6486486486486487
15437,1,153,0.6891891891891891,1,124,0.5585585585585585
15438,1,133,0.5990990990990991,1,104,0.46846846846846846
15439,1,113,0.509009009009009,1,84,0.3783783783783784
15440,1,93,0.4189189189189189,1,64,0.2882882882882883
15441,1,73,0.32882882882882886,1,44,0.1981981981981982
15442,1,53,0.23873873873873874,1,24,0.10810810810810811
15443,1,33,0.14864864864864866,1,4,0.018018018018018018
15444,1,13,0.05855855855855856,0,-1,-1.0
15445,0,-1,-1.0,0,-1,-1.0
15446,0,-1,-1.0,1,218,0.9819819819819819
15447,0,-1,-1.0,1,198,0.8918918918918919
15448,1,60,0.2702702702702703,0,-1,-1.0
15449,1,40,0.18018018018018017,0,-1,-1.0
15450,1,20,0.09009009009009009,0,-1,-1.0
15451,1,0,0.0,1,209,0.9414414414414415
15452,1,220,0.990990990990991,1,189,0.8513513513513513
15453,1,200,0.9009009009009009,1,169,0.7612612612612613
15454,1,180,0.8108108108108109,1,149,0.6711711711711712
15455,1,160,0.7207207207207207,1,129,0.581081081081081
15456,1,140,0.6306306306306306,1,109,0.49099099099099097
15457,1,120,0.5405405405405406,1,89,0.4009009009009009
15458,1,100,0.45045045045045046,1,69,0.3108108108108108
15459,1,80,0.36036036036036034,1,49,0.22072072072072071
15460,1,60,0.2702702702702703,1,29,0.13063063063063063
15461,1,40,0.18018018018018017,1,9,0.04054054054054054
15462,1,20,0.09009009009009009,0,-1,-1.0
15463,1,0,0.0,0,-1,-1.0
15464,0,-1,-1.0,1,218,0.9819819819819819
15465,0,-1,-1.0,1,198,0.8918918918918919
15466,1,209,0.9414414414414415,1,178,0.8018018018018018
15467,1,189,0.8513513513513513,1,158,0.7117117117117117
15468,1,169,0.7612612612612613,1,138,0.6216216216216216
15469,1,149,0.6711711711711712,1,118,0.5315315315315315
15470,1,129,0.581081081081081,1,98,0.44144144144144143
15471,1,109,0.49099099099099097,1,78,0.35135135135135137
15472,1,89,0.4009009009009009,1,58,0.26126126126126126
15473,1,69,0.3108108108108108,1,38,0.17117117117117117
15474,1,49,0.22072072072072071,1,18,0.08108108108108109
15475,1,29,0.13063063063063063,0,-1,-1.0
15476,1,9,0.04054054054054054,1,213,0.9594594594594594
15477,0,-1,-1.0,1,193,0.8693693693693694
15478,1,82,0.36936936936936937,0,-1,-1.0
15479,1,62,0.27927927927927926,0,-1,-1.0
15480,1,42,0.1891891891891892,1,214,0.963963963963964
15481,1,22,0.0990990990990991,1,194,0.8738738738738738
15482,1,2,0.009009009009009009,1,174,0.7837837837837838
15483,1,196,0.8828828828828829,1,154,0.6936936936936937
15484,1,176,0.7927927927927928,1,134,0.6036036036036037
15485,1,156,0.7027027027027027,1,114,0.5135135135135135
15486,1,136,0.6126126126126126,1,94,0.42342342342342343
15487,1,116,0.5225225225225225,1,74,0.3333333333333333
15488,1,96,0.43243243243243246,1,54,0.24324324324324326
15489,1,76,0.34234234234234234,1,34,0.15315315315315314
15490,1,56,0.25225225225225223,1,14,0.06306306306306306
15491,1,36,0.16216216216216217,0,-1,-1.0
15492,1,16,0.07207207207207207,0,-1,-1.0
15493,0,-1,-1.0,0,-1,-1.0
15494,0,-1,-1.0,1,203,0.9144144144144144
15495,0,-1,-1.0,1,183,0.8243243243243243
15496,1,205,0.9234234234234234,1,163,0.7342342342342343
15497,1,185,0.8333333333333334,1,143,0.6441441441441441
15498,1,165,0.7432432432432432,1,123,0.5540540540540541
15499,1,145,0.6531531531531531,1,103,0.46396396396396394
15500,1,125,0.5630630630630631,1,83,0.3738738738738739
15501,1,105,0.47297297297297297,1,63,0.28378378378378377
15502,1,85,0.38288288288288286,1,43,0.19369369369369369
15503,1,65,0.2927927927927928,1,23,0.1036036036036036
15504,1,45,0.20270270270270271,1,3,0.013513513513513514
15505,1,25,0.11261261261261261,0,-1,-1.0
15506,1,5,0.02252252252252252,0,-1,-1.0
15507,0,-1,-1.0,0,-1,-1.0
15508,0,-1,-1.0,1,207,0.9324324324324325
15509,0,-1,-1.0,1,187,0.8423423423423423
15510,1,209,0.9414414414414415,1,167,0.7522522522522522
15511,1,189,0.8513513513513513,1,147,0.6621621621621622
15512,1,169,0.7612612612612613,1,127,0.5720720720720721
15513,1,149,0.6711711711711712,1,107,0.481981981981982
15514,1,129,0.581081081081081,1,87,0.3918918918918919
15515,1,109,0.49099099099099097,1,67,0.30180180180180183
15516,1,89,0.4009009009009009,1,47,0.21171171171171171
15517,1,69,0.3108108108108108,1,27,0.12162162162162163
15518,1,49,0.22072072072072071,1,7,0.03153153153153153
15519,1,29,0.13063063063063063,0,-1,-1.0
15520,1,9,0.04054054054054054,0,-1,-1.0
15521,0,-1,-1.0,0,-1,-1.0
15522,0,-1,-1.0,0,-1,-1.0
15523,0,-1,-1.0,0,-1,-1.0
15524,1,48,0.21621621621621623,0,-1,-1.0
15525,1,28,0.12612612612612611,0,-1,-1.0
15526,1,8,0.036036036036036036,0,-1,-1.0
15527,0,-1,-1.0,0,-1,-1.0
15528,0,-1,-1.0,0,-1,-1.0
15529,0,-1,-1.0,0,-1,-1.0
15530,0,-1,-1.0,1,219,0.9864864864864865
15531,0,-1,-1.0,1,199,0.8963963963963963
15532,1,204,0.918918918918919,1,179,0.8063063063063063
15533,1,184,0.8288288288288288,1,159,0.7162162162162162
15534,1,164,0.7387387387387387,1,139,0.6261261261261262
15535,1,144,0.6486486486486487,1,119,0.536036036036036
15536,1,124,0.5585585585585585,1,99,0.44594594594594594
15537,1,104,0.46846846846846846,1,79,0.35585585585585583
15538,1,84,0.3783783783783784,1,59,0.26576576576576577
15539,1,64,0.2882882882882883,1,39,0.17567567567567569
15540,1,44,0.1981981981981982,1,19,0.08558558558558559
15541,1,24,0.10810810810810811,1,166,0.7477477477477478
15542,1,4,0.018018018018018018,1,146,0.6576576576576577
15543,1,151,0.6801801801801802,1,126,0.5675675675675675
15544,1,131,0.5900900900900901,1,106,0.4774774774774775
15545,1,111,0.5,1,86,0.38738738738738737
15546,1,91,0.4099099099099099,1,66,0.2972972972972973
15547,1,71,0.31981981981981983,1,46,0.2072072072072072
15548,1,51,0.22972972972972974,1,26,0.11711711711711711
15549,1,31,0.13963963963963963,1,6,0.02702702702702703
15550,1,11,0.04954954954954955,0,-1,-1.0
15551,0,-1,-1.0,1,217,0.9774774774774775
15552,1,222,1.0,1,197,0.8873873873873874
15553,1,202,0.9099099099099099,1,177,0.7972972972972973
15554,1,182,0.8198198198198198,1,157,0.7072072072072072
15555,1,162,0.7297297297297297,1,137,0.6171171171171171
15556,1,142,0.6396396396396397,1,117,0.527027027027027
15557,1,122,0.5495495495495496,1,97,0.4369369369369369
15558,1,102,0.4594594594594595,1,77,0.34684684684684686
15559,1,82,0.36936936936936937,1,57,0.25675675675675674
15560,1,62,0.27927927927927926,1,37,0.16666666666666666
15561,1,40,0.18018018018018017,0,-1,-1.0
15562,1,20,0.09009009009009009,0,-1,-1.0
15563,1,0,0.0,0,-1,-1.0
15564,0,-1,-1.0,0,-1,-1.0
15565,0,-1,-1.0,0,-1,-1.0
15566,0,-1,-1.0,0,-1,-1.0
15567,0,-1,-1.0,0,-1,-1.0
15568,0,-1,-1.0,1,212,0.954954954954955
15569,1,213,0.9594594594594594,1,192,0.8648648648648649
15570,1,193,0.8693693693693694,1,172,0.7747747747747747
15571,1,173,0.7792792792792793,1,152,0.6846846846846847
15572,1,153,0.6891891891891891,1,132,0.5945945945945946
15573,1,133,0.5990990990990991,1,112,0.5045045045045045
15574,1,113,0.509009009009009,1,92,0.4144144144144144
15575,1,93,0.4189189189189189,1,72,0.32432432432432434
15576,1,73,0.32882882882882886,1,52,0.23423423423423423
15577,1,53,0.23873873873873874,1,32,0.14414414414414414
15578,1,33,0.14864864864864866,1,12,0.05405405405405406
15579,1,13,0.05855855855855856,0,-1,-1.0
15580,0,-1,-1.0,0,-1,-1.0
15581,0,-1,-1.0,0,-1,-1.0
15582,0,-1,-1.0,0,-1,-1.0
15583,0,-1,-1.0,1,205,0.9234234234234234
15584,1,206,0.9279279279279279,1,185,0.8333333333333334
15585,1,186,0.8378378378378378,1,165,0.7432432432432432
15586,1,166,0.7477477477477478,1,145,0.6531531531531531
15587,1,146,0.6576576576576577,1,125,0.5630630630630631
15588,1,126,0.5675675675675675,1,105,0.47297297297297297
15589,1,106,0.4774774774774775,1,85,0.38288288288288286
15590,1,86,0.38738738738738737,1,65,0.2927927927927928
15591,1,66,0.2972972972972973,1,45,0.20270270270270271
15592,1,46,0.2072072072072072,1,25,0.11261261261261261
15593,1,74,0.3333333333333333,0,-1,-1.0
15594,1,54,0.24324324324324326,0,-1,-1.0
15595,1,34,0.15315315315315314,0,-1,-1.0
15596,1,14,0.06306306306306306,1,215,0.9684684684684685
15597,0,-1,-1.0,1,195,0.8783783783783784
15598,1,213,0.9594594594594594,1,175,0.7882882882882883
15599,1,193,0.8693693693693694,1,155,0.6981981981981982
15600,1,173,0.7792792792792793,1,135,0.6081081081081081
15601,1,153,0.6891891891891891,1,115,0.5180180180180181
15602,1,133,0.5990990990990991,1,95,0.42792792792792794
15603,1,113,0.509009009009009,1,75,0.33783783783783783
15604,1,93,0.4189189189189189,1,55,0.24774774774774774
15605,1,73,0.32882882882882886,1,35,0.15765765765765766
15606,1,53,0.23873873873873874,1,15,0.06756756756756757
15607,1,33,0.14864864864864866,1,213,0.9594594594594594
15608,1,13,0.05855855855855856,1,193,0.8693693693693694
15609,1,211,0.9504504504504504,1,173,0.7792792792792793
15610,1,191,0.8603603603603603,1,153,0.6891891891891891
15611,1,171,0.7702702702702703,1,133,0.5990990990990991
15612,1,151,0.6801801801801802,1,113,0.509009009009009
15613,1,131,0.5900900900900901,1,93,0.4189189189189189
15614,1,111,0.5,1,73,0.32882882882882886
15615,1,91,0.4099099099099099,1,53,0.23873873873873874
15616,1,71,0.31981981981981983,1,33,0.14864864864864866
15617,1,51,0.22972972972972974,1,13,0.05855855855855856
15618,1,31,0.13963963963963963,1,197,0.8873873873873874
15619,1,72,0.32432432432432434,0,-1,-1.0
15620,1,52,0.23423423423423423,0,-1,-1.0
15621,1,32,0.14414414414414414,1,210,0.9459459459459459
15622,1,12,0.05405405405405406,1,190,0.8558558558558559
15623,1,207,0.9324324324324325,1,170,0.7657657657657657
15624,1,187,0.8423423423423423,1,150,0.6756756756756757
15625,1,167,0.7522522522522522,1,130,0.5855855855855856
15626,1,147,0.6621621621621622,1,110,0.4954954954954955
15627,1,127,0.5720720720720721,1,90,0.40540540540540543
15628,1,107,0.481981981981982,1,70,0.3153153153153153
15629,1,87,0.3918918918918919,1,50,0.22522522522522523
15630,1,67,0.30180180180180183,1,30,0.13513513513513514
15631,1,47,0.21171171171171171,1,10,0.04504504504504504
15632,1,27,0.12162162162162163,0,-1,-1.0
15633,1,7,0.03153153153153153,0,-1,-1.0
15634,0,-1,-1.0,0,-1,-1.0
15635,0,-1,-1.0,0,-1,-1.0
15636,0,-1,-1.0,1,218,0.9819819819819819
15637,0,-1,-1.0,1,198,0.8918918918918919
15638,1,215,0.9684684684684685,1,178,0.8018018018018018
15639,1,195,0.8783783783783784,1,158,0.7117117117117117
15640,1,175,0.7882882882882883,1,138,0.6216216216216216
15641,1,155,0.6981981981981982,1,118,0.5315315315315315
15642,1,135,0.6081081081081081,1,98,0.44144144144144143
15643,1,115,0.5180180180180181,1,78,0.35135135135135137
15644,1,95,0.42792792792792794,1,58,0.26126126126126126
15645,1,75,0.33783783783783783,1,38,0.17117117117117117
15646,1,55,0.24774774774774774,1,18,0.08108108108108109
15647,1,35,0.15765765765765766,0,-1,-1.0
15648,1,15,0.06756756756756757,0,-1,-1.0
15649,0,-1,-1.0,0,-1,-1.0
15650,1,56,0.25225225225225223,1,222,1.0
15651,1,36,0.16216216216216217,1,202,0.9099099099099099
15652,1,16,0.07207207207207207,1,182,0.8198198198198198
15653,1,191,0.8603603603603603,1,162,0.7297297297297297
15654,1,171,0.7702702702702703,1,142,0.6396396396396397
15655,1,151,0.6801801801801802,1,122,0.5495495495495496
15656,1,131,0.5900900900900901,1,102,0.4594594594594595
15657,1,111,0.5,1,82,0.36936936936936937
15658,1,91,0.4099099099099099,1,62,0.27927927927927926
15659,1,71,0.31981981981981983,1,42,0.1891891891891892
15660,1,51,0.22972972972972974,1,22,0.0990990990990991
15661,1,31,0.13963963963963963,1,2,0.009009009009009009
15662,1,11,0.04954954954954955,0,-1,-1.0
15663,0,-1,-1.0,0,-1,-1.0
15664,0,-1,-1.0,0,-1,-1.0
15665,0,-1,-1.0,0,-1,-1.0
15666,0,-1,-1.0,1,206,0.9279279279279279
15667,1,215,0.9684684684684685,1,186,0.8378378378378378
15668,1,195,0.8783783783783784,1,166,0.7477477477477478
15669,1,175,0.7882882882882883,1,146,0.6576576576576577
15670,1,155,0.6981981981981982,1,126,0.5675675675675675
15671,1,135,0.6081081081081081,1,106,0.4774774774774775
15672,1,115,0.5180180180180181,1,86,0.38738738738738737
15673,1,95,0.42792792792792794,1,66,0.2972972972972973
15674,1,75,0.33783783783783783,1,46,0.2072072072072072
15675,1,55,0.24774774774774774,1,26,0.11711711711711711
15676,1,35,0.15765765765765766,1,6,0.02702702702702703
15677,1,15,0.06756756756756757,1,204,0.918918918918919
15678,1,213,0.9594594594594594,1,184,0.8288288288288288
15679,1,193,0.8693693693693694,1,164,0.7387387387387387
15680,1,173,0.7792792792792793,1,144,0.6486486486486487
15681,1,153,0.6891891891891891,1,124,0.5585585585585585
15682,1,133,0.5990990990990991,1,104,0.46846846846846846
15683,1,113,0.509009009009009,1,84,0.3783783783783784
15684,1,93,0.4189189189189189,1,64,0.2882882882882883
15685,1,73,0.32882882882882886,1,44,0.1981981981981982
15686,1,53,0.23873873873873874,1,24,0.10810810810810811
15687,1,33,0.14864864864864866,1,4,0.018018018018018018
15688,1,60,0.2702702702702703,0,-1,-1.0
15689,1,40,0.18018018018018017,0,-1,-1.0
15690,1,20,0.09009009009009009,0,-1,-1.0
15691,1,0,0.0,0,-1,-1.0
15692,0,-1,-1.0,0,-1,-1.0
15693,0,-1,-1.0,1,205,0.9234234234234234
15694,1,216,0.972972972972973,1,185,0.8333333333333334
15695,1,196,0.8828828828828829,1,165,0.7432432432432432
15696,1,176,0.7927927927927928,1,145,0.6531531531531531
15697,1,156,0.7027027027027027,1,125,0.5630630630630631
15698,1,136,0.6126126126126126,1,105,0.47297297297297297
15699,1,116,0.5225225225225225,1,85,0.38288288288288286
15700,1,96,0.43243243243243246,1,65,0.2927927927927928
15701,1,76,0.34234234234234234,1,45,0.20270270270270271
15702,1,56,0.25225225225225223,1,25,0.11261261261261261
15703,1,36,0.16216216216216217,1,5,0.02252252252252252
15704,1,16,0.07207207207207207,1,214,0.963963963963964
15705,0,-1,-1.0,1,194,0.8738738738738738
15706,1,205,0.9234234234234234,1,174,0.7837837837837838
15707,1,185,0.8333333333333334,1,154,0.6936936936936937
15708,1,165,0.7432432432432432,1,134,0.6036036036036037
15709,1,145,0.6531531531531531,1,114,0.5135135135135135
15710,1,125,0.5630630630630631,1,94,0.42342342342342343
15711,1,105,0.47297297297297297,1,74,0.3333333333333333
15712,1,85,0.38288288288288286,1,54,0.24324324324324326
15713,1,65,0.2927927927927928,1,34,0.15315315315315314
15714,1,45,0.20270270270270271,1,14,0.06306306306306306
15715,1,25,0.11261261261261261,0,-1,-1.0
15716,1,5,0.02252252252252252,0,-1,-1.0
15717,0,-1,-1.0,0,-1,-1.0
15718,0,-1,-1.0,1,210,0.9459459459459459
15719,0,-1,-1.0,1,190,0.8558558558558559
15720,1,26,0.11711711711711711,0,-1,-1.0
15721,1,6,0.02702702702702703,0,-1,-1.0
15722,0,-1,-1.0,0,-1,-1.0
15723,0,-1,-1.0,1,213,0.9594594594594594
15724,1,207,0.9324324324324325,1,193,0.8693693693693694
15725,1,187,0.8423423423423423,1,173,0.7792792792792793
15726,1,167,0.7522522522522522,1,153,0.6891891891891891
15727,1,147,0.6621621621621622,1,133,0.5990990990990991
15728,1,127,0.5720720720720721,1,113,0.509009009009009
15729,1,107,0.481981981981982,1,93,0.4189189189189189
15730,1,87,0.3918918918918919,1,73,0.32882882882882886
15731,1,67,0.30180180180180183,1,53,0.23873873873873874
15732,1,47,0.21171171171171171,1,33,0.14864864864864866
15733,1,27,0.12162162162162163,1,13,0.05855855855855856
15734,1,7,0.03153153153153153,0,-1,-1.0
15735,0,-1,-1.0,0,-1,-1.0
15736,0,-1,-1.0,0,-1,-1.0
15737,1,217,0.9774774774774775,1,203,0.9144144144144144
15738,1,197,0.8873873873873874,1,183,0.8243243243243243
15739,1,177,0.7972972972972973,1,163,0.7342342342342343
15740,1,157,0.7072072072072072,1,143,0.6441441441441441
15741,1,137,0.6171171171171171,1,123,0.5540540540540541
15742,1,117,0.527027027027027,1,103,0.46396396396396394
15743,1,97,0.4369369369369369,1,83,0.3738738738738739
15744,1,77,0.34684684684684686,1,63,0.28378378378378377
15745,1,57,0.25675675675675674,1,43,0.19369369369369369
15746,1,37,0.16666666666666666,1,23,0.1036036036036036
15747,1,17,0.07657657657657657,1,3,0.013513513513513514
15748,1,194,0.8738738738738738,1,180,0.8108108108108109
15749,1,174,0.7837837837837838,1,160,0.7207207207207207
15750,1,154,0.6936936936936937,1,140,0.6306306306306306
15751,1,134,0.6036036036036037,1,120,0.5405405405405406
15752,1,114,0.5135135135135135,1,100,0.45045045045045046
15753,1,94,0.42342342342342343,1,80,0.36036036036036034
15754,1,74,0.3333333333333333,1,60,0.2702702702702703
15755,1,54,0.24324324324324326,1,40,0.18018018018018017
15756,1,34,0.15315315315315314,1,20,0.09009009009009009
15757,1,14,0.06306306306306306,1,0,0.0
15758,1,30,0.13513513513513514,0,-1,-1.0
15759,1,10,0.04504504504504504,0,-1,-1.0
15760,0,-1,-1.0,0,-1,-1.0
15761,0,-1,-1.0,0,-1,-1.0
15762,0,-1,-1.0,0,-1,-1.0
15763,0,-1,-1.0,0,-1,-1.0
15764,0,-1,-1.0,0,-1,-1.0
15765,0,-1,-1.0,1,208,0.9369369369369369
15766,1,204,0.918918918918919,1,188,0.8468468468468469
15767,1,184,0.8288288288288288,1,168,0.7567567567567568
15768,1,164,0.7387387387387387,1,148,0.6666666666666666
15769,1,144,0.6486486486486487,1,128,0.5765765765765766
15770,1,124,0.5585585585585585,1,108,0.4864864864864865
15771,1,104,0.46846846846846846,1,88,0.3963963963963964
15772,1,84,0.3783783783783784,1,68,0.3063063063063063
15773,1,64,0.2882882882882883,1,48,0.21621621621621623
15774,1,44,0.1981981981981982,1,28,0.12612612612612611
15775,1,24,0.10810810810810811,1,8,0.036036036036036036
15776,1,4,0.018018018018018018,1,146,0.6576576576576577
15777,1,142,0.6396396396396397,1,126,0.5675675675675675
15778,1,122,0.5495495495495496,1,106,0.4774774774774775
15779,1,102,0.4594594594594595,1,86,0.38738738738738737
15780,1,82,0.36936936936936937,1,66,0.2972972972972973
15781,1,62,0.27927927927927926,1,46,0.2072072072072072
15782,1,42,0.1891891891891892,1,26,0.11711711711711711
15783,1,20,0.09009009009009009,0,-1,-1.0
15784,1,0,0.0,0,-1,-1.0
15785,0,-1,-1.0,0,-1,-1.0
15786,0,-1,-1.0,0,-1,-1.0
15787,1,221,0.9954954954954955,1,210,0.9459459459459459
15788,1,201,0.9054054054054054,1,190,0.8558558558558559
15789,1,181,0.8153153153153153,1,170,0.7657657657657657
15790,1,161,0.7252252252252253,1,150,0.6756756756756757
15791,1,141,0.6351351351351351,1,130,0.5855855855855856
15792,1,121,0.545045045045045,1,110,0.4954954954954955
15793,1,101,0.45495495495495497,1,90,0.40540540540540543
15794,1,81,0.36486486486486486,1,70,0.3153153153153153
15795,1,61,0.2747747747747748,1,50,0.22522522522522523
15796,1,41,0.18468468468468469,1,30,0.13513513513513514
15797,1,21,0.0945945945945946,1,10,0.04504504504504504
15798,1,1,0.0045045045045045045,0,-1,-1.0
15799,0,-1,-1.0,0,-1,-1.0
15800,0,-1,-1.0,0,-1,-1.0
15801,0,-1,-1.0,0,-1,-1.0
15802,0,-1,-1.0,1,216,0.972972972972973
15803,1,207,0.9324324324324325,1,196,0.8828828828828829
15804,1,187,0.8423423423423423,1,176,0.7927927927927928
15805,1,167,0.7522522522522522,1,156,0.7027027027027027
15806,1,147,0.6621621621621622,1,136,0.6126126126126126
15807,1,127,0.5720720720720721,1,116,0.5225225225225225
15808,1,107,0.481981981981982,1,96,0.43243243243243246
15809,1,87,0.3918918918918919,1,76,0.34234234234234234
15810,1,67,0.30180180180180183,1,56,0.25225225225225223
15811,1,47,0.21171171171171171,1,36,0.16216216216216217
15812,1,27,0.12162162162162163,1,16,0.07207207207207207
15813,1,7,0.03153153153153153,1,196,0.8828828828828829
15814,1,76,0.34234234234234234,0,-1,-1.0
15815,1,56,0.25225225225225223,0,-1,-1.0
15816,1,36,0.16216216216216217,0,-1,-1.0
15817,1,16,0.07207207207207207,0,-1,-1.0
15818,0,-1,-1.0,1,221,0.9954954954954955
15819,0,-1,-1.0,1,201,0.9054054054054054
15820,1,220,0.990990990990991,1,181,0.8153153153153153
15821,1,200,0.9009009009009009,1,161,0.7252252252252253
15822,1,180,0.8108108108108109,1,141,0.6351351351351351
15823,1,160,0.7207207207207207,1,121,0.545045045045045
15824,1,140,0.6306306306306306,1,101,0.45495495495495497
15825,1,120,0.5405405405405406,1,81,0.36486486486486486
15826,1,100,0.45045045045045046,1,61,0.2747747747747748
15827,1,80,0.36036036036036034,1,41,0.18468468468468469
15828,1,60,0.2702702702702703,1,21,0.0945945945945946
15829,1,40,0.18018018018018017,1,1,0.0045045045045045045
15830,1,20,0.09009009009009009,1,190,0.8558558558558559
15831,1,0,0.0,1,170,0.7657657657657657
15832,1,189,0.8513513513513513,1,150,0.6756756756756757
15833,1,169,0.7612612612612613,1,130,0.5855855855855856
15834,1,149,0.6711711711711712,1,110,0.4954954954954955
15835,1,129,0.581081081081081,1,90,0.40540540540540543
15836,1,109,0.49099099099099097,1,70,0.3153153153153153
15837,1,89,0.4009009009009009,1,50,0.22522522522522523
15838,1,69,0.3108108108108108,1,30,0.13513513513513514
15839,1,49,0.22072072072072071,1,10,0.04504504504504504
15840,1,29,0.13063063063063063,0,-1,-1.0
15841,1,9,0.04054054054054054,1,220,0.990990990990991
15842,0,-1,-1.0,1,200,0.9009009009009009
15843,1,219,0.9864864864864865,1,180,0.8108108108108109
15844,1,199,0.8963963963963963,1,160,0.7207207207207207
15845,1,179,0.8063063063063063,1,140,0.6306306306306306
15846,1,159,0.7162162162162162,1,120,0.5405405405405406
15847,1,139,0.6261261261261262,1,100,0.45045045045045046
15848,1,119,0.536036036036036,1,80,0.36036036036036034
15849,1,99,0.44594594594594594,1,60,0.2702702702702703
15850,1,79,0.35585585585585583,1,40,0.18018018018018017
15851,1,59,0.26576576576576577,1,20,0.09009009009009009
15852,1,39,0.17567567567567569,1,0,0.0
15853,1,19,0.08558558558558559,0,-1,-1.0
15854,0,-1,-1.0,0,-1,-1.0
15855,0,-1,-1.0,1,209,0.9414414414414415
15856,0,-1,-1.0,1,189,0.8513513513513513
15857,1,72,0.32432432432432434,0,-1,-1.0
15858,1,52,0.23423423423423423,0,-1,-1.0
15859,1,32,0.14414414414414414,1,220,0.990990990990991
15860,1,12,0.05405405405405406,1,200,0.9009009009009009
15861,1,217,0.9774774774774775,1,180,0.8108108108108109
15862,1,197,0.8873873873873874,1,160,0.7207207207207207
15863,1,177,0.7972972972972973,1,140,0.6306306306306306
15864,1,157,0.7072072072072072,1,120,0.5405405405405406
15865,1,137,0.6171171171171171,1,100,0.45045045045045046
15866,1,117,0.527027027027027,1,80,0.36036036036036034
15867,1,97,0.4369369369369369,1,60,0.2702702702702703
15868,1,77,0.34684684684684686,1,40,0.18018018018018017
15869,1,57,0.25675675675675674,1,20,0.09009009009009009
15870,1,37,0.16666666666666666,1,0,0.0
15871,1,17,0.07657657657657657,0,-1,-1.0
15872,0,-1,-1.0,0,-1,-1.0
15873,0,-1,-1.0,1,207,0.9324324324324325
15874,0,-1,-1.0,1,187,0.8423423423423423
15875,1,204,0.918918918918919,1,167,0.7522522522522522
15876,1,184,0.8288288288288288,1,147,0.6621621621621622
15877,1,164,0.7387387387387387,1,127,0.5720720720720721
15878,1,144,0.6486486486486487,1,107,0.481981981981982
15879,1,124,0.5585585585585585,1,87,0.3918918918918919
15880,1,104,0.46846846846846846,1,67,0.30180180180180183
15881,1,84,0.3783783783783784,1,47,0.21171171171171171
15882,1,64,0.2882882882882883,1,27,0.12162162162162163
15883,1,44,0.1981981981981982,1,7,0.03153153153153153
15884,1,24,0.10810810810810811,0,-1,-1.0
15885,1,4,0.018018018018018018,0,-1,-1.0
15886,0,-1,-1.0,1,214,0.963963963963964
15887,0,-1,-1.0,1,194,0.8738738738738738
15888,1,211,0.9504504504504504,1,174,0.7837837837837838
15889,1,191,0.8603603603603603,1,154,0.6936936936936937
15890,1,171,0.7702702702702703,1,134,0.6036036036036037
15891,1,151,0.6801801801801802,1,114,0.5135135135135135
15892,1,131,0.5900900900900901,1,94,0.42342342342342343
15893,1,111,0.5,1,74,0.3333333333333333
15894,1,91,0.4099099099099099,1,54,0.24324324324324326
15895,1,71,0.31981981981981983,1,34,0.15315315315315314
15896,1,51,0.22972972972972974,1,14,0.06306306306306306
15897,1,58,0.26126126126126126,0,-1,-1.0
15898,1,38,0.17117117117117117,0,-1,-1.0
15899,1,18,0.08108108108108109,0,-1,-1.0
15900,0,-1,-1.0,0,-1,-1.0
15901,0,-1,-1.0,1,217,0.9774774774774775
15902,0,-1,-1.0,1,197,0.8873873873873874
15903,1,207,0.9324324324324325,1,177,0.7972972972972973
15904,1,187,0.8423423423423423,1,157,0.7072072072072072
15905,1,167,0.7522522522522522,1,137,0.6171171171171171
15906,1,147,0.6621621621621622,1,117,0.527027027027027
15907,1,127,0.5720720720720721,1,97,0.4369369369369369
15908,1,107,0.481981981981982,1,77,0.34684684684684686
15909,1,87,0.3918918918918919,1,57,0.25675675675675674
15910,1,67,0.30180180180180183,1,37,0.16666666666666666
15911,1,47,0.21171171171171171,1,17,0.07657657657657657
15912,1,27,0.12162162162162163,1,209,0.9414414414414415
15913,1,7,0.03153153153153153,1,189,0.8513513513513513
15914,1,199,0.8963963963963963,1,169,0.7612612612612613
15915,1,179,0.8063063063063063,1,149,0.6711711711711712
15916,1,159,0.7162162162162162,1,129,0.581081081081081
15917,1,139,0.6261261261261262,1,109,0.49099099099099097
15918,1,119,0.536036036036036,1,89,0.4009009009009009
15919,1,99,0.44594594594594594,1,69,0.3108108108108108
15920,1,79,0.35585585585585583,1,49,0.22072072072072071
15921,1,59,0.26576576576576577,1,29,0.13063063063063063
15922,1,39,0.17567567567567569,1,9,0.04054054054054054
15923,1,76,0.34234234234234234,0,-1,-1.0
15924,1,56,0.25225225225225223,0,-1,-1.0
15925,1,36,0.16216216216216217,0,-1,-1.0
15926,1,16,0.07207207207207207,0,-1,-1.0
15927,0,-1,-1.0,0,-1,-1.0
15928,0,-1,-1.0,0,-1,-1.0
15929,0,-1,-1.0,1,220,0.990990990990991
15930,0,-1,-1.0,1,200,0.9009009009009009
15931,1,219,0.9864864864864865,1,180,0.8108108108108109
15932,1,199,0.8963963963963963,1,160,0.7207207207207207
15933,1,179,0.8063063063063063,1,140,0.6306306306306306
15934,1,159,0.7162162162162162,1,120,0.5405405405405406
15935,1,139,0.6261261261261262,1,100,0.45045045045045046
15936,1,119,0.536036036036036,1,80,0.36036036036036034
15937,1,99,0.44594594594594594,1,60,0.2702702702702703
15938,1,79,0.35585585585585583,1,40,0.18018018018018017
15939,1,59,0.26576576576576577,1,20,0.09009009009009009
15940,1,39,0.17567567567567569,1,0,0.0
15941,1,19,0.08558558558558559,1,178,0.8018018018018018
15942,1,197,0.8873873873873874,1,158,0.7117117117117117
15943,1,177,0.7972972972972973,1,138,0.6216216216216216
15944,1,157,0.7072072072072072,1,118,0.5315315315315315
15945,1,137,0.6171171171171171,1,98,0.44144144144144143
15946,1,117,0.527027027027027,1,78,0.35135135135135137
15947,1,97,0.4369369369369369,1,58,0.26126126126126126
15948,1,77,0.34684684684684686,1,38,0.17117117117117117
15949,1,57,0.25675675675675674,1,18,0.08108108108108109
15950,1,66,0.2972972972972973,0,-1,-1.0
15951,1,46,0.2072072072072072,0,-1,-1.0
15952,1,26,0.11711711711711711,1,210,0.9459459459459459
15953,1,6,0.02702702702702703,1,190,0.8558558558558559
15954,1,204,0.918918918918919,1,170,0.7657657657657657
15955,1,184,0.8288288288288288,1,150,0.6756756756756757
15956,1,164,0.7387387387387387,1,130,0.5855855855855856
15957,1,144,0.6486486486486487,1,110,0.4954954954954955
15958,1,124,0.5585585585585585,1,90,0.40540540540540543
15959,1,104,0.46846846846846846,1,70,0.3153153153153153
15960,1,84,0.3783783783783784,1,50,0.22522522522522523
15961,1,64,0.2882882882882883,1,30,0.13513513513513514
15962,1,44,0.1981981981981982,1,10,0.04504504504504504
15963,1,24,0.10810810810810811,0,-1,-1.0
15964,1,4,0.018018018018018018,0,-1,-1.0
15965,0,-1,-1.0,0,-1,-1.0
15966,0,-1,-1.0,0,-1,-1.0
15967,0,-1,-1.0,0,-1,-1.0
15968,0,-1,-1.0,1,208,0.9369369369369369
15969,1,222,1.0,1,188,0.8468468468468469
15970,1,202,0.9099099099099099,1,168,0.7567567567567568
15971,1,182,0.8198198198198198,1,148,0.6666666666666666
15972,1,162,0.7297297297297297,1,128,0.5765765765765766
15973,1,142,0.6396396396396397,1,108,0.4864864864864865
15974,1,122,0.5495495495495496,1,88,0.3963963963963964
15975,1,102,0.4594594594594595,1,68,0.3063063063063063
15976,1,82,0.36936936936936937,1,48,0.21621621621621623
15977,1,62,0.27927927927927926,1,28,0.12612612612612611
15978,1,42,0.1891891891891892,1,8,0.036036036036036036
15979,1,22,0.0990990990990991,1,168,0.7567567567567568
15980,1,2,0.009009009009009009,1,148,0.6666666666666666
15981,1,162,0.7297297297297297,1,128,0.5765765765765766
15982,1,142,0.6396396396396397,1,108,0.4864864864864865
15983,1,122,0.5495495495495496,1,88,0.3963963963963964
15984,1,102,0.4594594594594595,1,68,0.3063063063063063
15985,1,82,0.36936936936936937,1,48,0.21621621621621623
15986,1,62,0.27927927927927926,1,28,0.12612612612612611
15987,1,42,0.1891891891891892,1,8,0.036036036036036036
15988,1,22,0.0990990990990991,0,-1,-1.0
15989,1,2,0.009009009009009009,0,-1,-1.0
15990,1,74,0.3333333333333333,0,-1,-1.0
15991,1,54,0.24324324324324326,0,-1,-1.0
15992,1,34,0.15315315315315314,1,213,0.9594594594594594
15993,1,14,0.06306306306306306,1,193,0.8693693693693694
15994,1,211,0.9504504504504504,1,173,0.7792792792792793
15995,1,191,0.8603603603603603,1,153,0.6891891891891891
15996,1,171,0.7702702702702703,1,133,0.5990990990990991
15997,1,151,0.6801801801801802,1,113,0.509009009009009
15998,1,131,0.5900900900900901,1,93,0.4189189189189189
15999,1,111,0.5,1,73,0.32882882882882886
16000,1,91,0.4099099099099099,1,53,0.23873873873873874
16001,1,71,0.31981981981981983,1,33,0.14864864864864866
16002,1,51,0.22972972972972974,1,13,0.05855855855855856
16003,1,31,0.13963963963963963,0,-1,-1.0
16004,1,11,0.04954954954954955,1,209,0.9414414414414415
16005,0,-1,-1.0,1,189,0.8513513513513513
16006,1,207,0.9324324324324325,1,169,0.7612612612612613
16007,1,187,0.8423423423423423,1,149,0.6711711711711712
16008,1,167,0.7522522522522522,1,129,0.581081081081081
16009,1,147,0.6621621621621622,1,109,0.49099099099099097
16010,1,127,0.5720720720720721,1,89,0.4009009009009009
16011,1,107,0.481981981981982,1,69,0.3108108108108108
16012,1,87,0.3918918918918919,1,49,0.22072072072072071
16013,1,67,0.30180180180180183,1,29,0.13063063063063063
16014,1,47,0.21171171171171171,1,9,0.04054054054054054
16015,1,27,0.12162162162162163,1,209,0.9414414414414415
16016,1,7,0.03153153153153153,1,189,0.8513513513513513
16017,1,207,0.9324324324324325,1,169,0.7612612612612613
16018,1,187,0.8423423423423423,1,149,0.6711711711711712
16019,1,167,0.7522522522522522,1,129,0.581081081081081
16020,1,147,0.6621621621621622,1,109,0.49099099099099097
16021,1,127,0.5720720720720721,1,89,0.4009009009009009
16022,1,107,0.481981981981982,1,69,0.3108108108108108
16023,1,87,0.3918918918918919,1,49,0.22072072072072071
16024,1,67,0.30180180180180183,1,29,0.13063063063063063
16025,1,47,0.21171171171171171,1,9,0.04054054054054054
16026,1,27,0.12162162162162163,0,-1,-1.0
16027,1,7,0.03153153153153153,0,-1,-1.0
16028,0,-1,-1.0,0,-1,-1.0
16029,0,-1,-1.0,0,-1,-1.0
16030,0,-1,-1.0,0,-1,-1.0
16031,0,-1,-1.0,0,-1,-1.0
16032,0,-1,-1.0,0,-1,-1.0
16033,0,-1,-1.0,1,205,0.9234234234234234
16034,1,70,0.3153153153153153,0,-1,-1.0
16035,1,50,0.22522522522522523,0,-1,-1.0
16036,1,30,0.13513513513513514,0,-1,-1.0
16037,1,10,0.04504504504504504,0,-1,-1.0
16038,0,-1,-1.0,0,-1,-1.0
16039,0,-1,-1.0,0,-1,-1.0
16040,0,-1,-1.0,1,203,0.9144144144144144
16041,1,219,0.9864864864864865,1,183,0.8243243243243243
16042,1,199,0.8963963963963963,1,163,0.7342342342342343
16043,1,179,0.8063063063063063,1,143,0.6441441441441441
16044,1,159,0.7162162162162162,1,123,0.5540540540540541
16045,1,139,0.6261261261261262,1,103,0.46396396396396394
16046,1,119,0.536036036036036,1,83,0.3738738738738739
16047,1,99,0.44594594594594594,1,63,0.28378378378378377
16048,1,79,0.35585585585585583,1,43,0.19369369369369369
16049,1,59,0.26576576576576577,1,23,0.1036036036036036
16050,1,39,0.17567567567567569,1,3,0.013513513513513514
16051,1,19,0.08558558558558559,1,203,0.9144144144144144
16052,1,219,0.9864864864864865,1,183,0.8243243243243243
16053,1,199,0.8963963963963963,1,163,0.7342342342342343
16054,1,179,0.8063063063063063,1,143,0.6441441441441441
16055,1,159,0.7162162162162162,1,123,0.5540540540540541
16056,1,139,0.6261261261261262,1,103,0.46396396396396394
16057,1,119,0.536036036036036,1,83,0.3738738738738739
16058,1,99,0.44594594594594594,1,63,0.28378378378378377
16059,1,79,0.35585585585585583,1,43,0.19369369369369369
16060,1,59,0.26576576576576577,1,23,0.1036036036036036
16061,1,39,0.17567567567567569,1,3,0.013513513513513514
16062,1,66,0.2972972972972973,0,-1,-1.0
16063,1,46,0.2072072072072072,0,-1,-1.0
16064,1,26,0.11711711711711711,0,-1,-1.0
16065,1,6,0.02702702702702703,0,-1,-1.0
16066,0,-1,-1.0,0,-1,-1.0
16067,0,-1,-1.0,0,-1,-1.0
16068,0,-1,-1.0,1,216,0.972972972972973
16069,0,-1,-1.0,1,196,0.8828828828828829
16070,1,210,0.9459459459459459,1,176,0.7927927927927928
16071,1,190,0.8558558558558559,1,156,0.7027027027027027
16072,1,170,0.7657657657657657,1,136,0.6126126126126126
16073,1,150,0.6756756756756757,1,116,0.5225225225225225
16074,1,130,0.5855855855855856,1,96,0.43243243243243246
16075,1,110,0.4954954954954955,1,76,0.34234234234234234
16076,1,90,0.40540540540540543,1,56,0.25225225225225223
16077,1,70,0.3153153153153153,1,36,0.16216216216216217
16078,1,50,0.22522522522522523,1,16,0.07207207207207207
16079,1,30,0.13513513513513514,0,-1,-1.0
16080,1,10,0.04504504504504504,1,211,0.9504504504504504
16081,0,-1,-1.0,1,191,0.8603603603603603
16082,1,205,0.9234234234234234,1,171,0.7702702702702703
16083,1,185,0.8333333333333334,1,151,0.6801801801801802
16084,1,165,0.7432432432432432,1,131,0.5900900900900901
16085,1,145,0.6531531531531531,1,111,0.5
16086,1,125,0.5630630630630631,1,91,0.4099099099099099
16087,1,105,0.47297297297297297,1,71,0.31981981981981983
16088,1,85,0.38288288288288286,1,51,0.22972972972972974
16089,1,65,0.2927927927927928,1,31,0.13963963963963963
16090,1,45,0.20270270270270271,1,11,0.04954954954954955
16091,1,25,0.11261261261261261,0,-1,-1.0
16092,1,5,0.02252252252252252,0,-1,-1.0
16093,0,-1,-1.0,0,-1,-1.0
16094,0,-1,-1.0,0,-1,-1.0
16095,0,-1,-1.0,1,209,0.9414414414414415
16096,0,-1,-1.0,1,189,0.8513513513513513
16097,1,203,0.9144144144144144,1,169,0.7612612612612613
16098,1,183,0.8243243243243243,1,149,0.6711711711711712
16099,1,163,0.7342342342342343,1,129,0.581081081081081
16100,1,143,0.6441441441441441,1,109,0.49099099099099097
16101,1,123,0.5540540540540541,1,89,0.4009009009009009
16102,1,103,0.46396396396396394,1,69,0.3108108108108108
16103,1,83,0.3738738738738739,1,49,0.22072072072072071
16104,1,63,0.28378378378378377,1,29,0.13063063063063063
16105,1,43,0.19369369369369369,1,9,0.04054054054054054
16106,1,23,0.1036036036036036,0,-1,-1.0
16107,1,3,0.013513513513513514,0,-1,-1.0
16108,0,-1,-1.0,0,-1,-1.0
16109,0,-1,-1.0,0,-1,-1.0
16110,0,-1,-1.0,1,207,0.9324324324324325
16111,1,24,0.10810810810810811,1,202,0.9099099099099099
16112,1,4,0.018018018018018018,1,182,0.8198198198198198
16113,1,175,0.7882882882882883,1,162,0.7297297297297297
16114,1,155,0.6981981981981982,1,142,0.6396396396396397
16115,1,135,0.6081081081081081,1,122,0.5495495495495496
16116,1,115,0.5180180180180181,1,102,0.4594594594594595
16117,1,95,0.42792792792792794,1,82,0.36936936936936937
16118,1,75,0.33783783783783783,1,62,0.27927927927927926
16119,1,55,0.24774774774774774,1,42,0.1891891891891892
16120,1,35,0.15765765765765766,1,22,0.0990990990990991
16121,1,15,0.06756756756756757,1,2,0.009009009009009009
16122,1,180,0.8108108108108109,1,167,0.7522522522522522
16123,1,160,0.7207207207207207,1,147,0.6621621621621622
16124,1,140,0.6306306306306306,1,127,0.5720720720720721
16125,1,120,0.5405405405405406,1,107,0.481981981981982
16126,1,100,0.45045045045045046,1,87,0.3918918918918919
16127,1,80,0.36036036036036034,1,67,0.30180180180180183
16128,1,60,0.2702702702702703,1,47,0.21171171171171171
16129,1,40,0.18018018018018017,1,27,0.12162162162162163
16130,1,20,0.09009009009009009,1,7,0.03153153153153153
16131,1,0,0.0,0,-1,-1.0
16132,0,-1,-1.0,0,-1,-1.0
16133,0,-1,-1.0,0,-1,-1.0
16134,0,-1,-1.0,1,210,0.9459459459459459
16135,0,-1,-1.0,1,190,0.8558558558558559
16136,1,24,0.10810810810810811,1,203,0.9144144144144144
16137,1,4,0.018018018018018018,1,183,0.8243243243243243
16138,1,176,0.7927927927927928,1,163,0.7342342342342343
16139,1,156,0.7027027027027027,1,143,0.6441441441441441
16140,1,136,0.6126126126126126,1,123,0.5540540540540541
16141,1,116,0.5225225225225225,1,103,0.46396396396396394
16142,1,96,0.43243243243243246,1,83,0.3738738738738739
16143,1,76,0.34234234234234234,1,63,0.28378378378378377
16144,1,56,0.25225225225225223,1,43,0.19369369369369369
16145,1,36,0.16216216216216217,1,23,0.1036036036036036
16146,1,16,0.07207207207207207,1,3,0.013513513513513514
16147,0,-1,-1.0,0,-1,-1.0
16148,0,-1,-1.0,0,-1,-1.0
16149,0,-1,-1.0,0,-1,-1.0
16150,0,-1,-1.0,0,-1,-1.0
16151,0,-1,-1.0,1,216,0.972972972972973
16152,1,209,0.9414414414414415,1,196,0.8828828828828829
16153,1,189,0.8513513513513513,1,176,0.7927927927927928
16154,1,169,0.7612612612612613,1,156,0.7027027027027027
16155,1,149,0.6711711711711712,1,136,0.6126126126126126
16156,1,129,0.581081081081081,1,116,0.5225225225225225
16157,1,109,0.49099099099099097,1,96,0.43243243243243246
16158,1,89,0.4009009009009009,1,76,0.34234234234234234
16159,1,69,0.3108108108108108,1,56,0.25225225225225223
16160,1,49,0.22072072072072071,1,36,0.16216216216216217
16161,1,29,0.13063063063063063,1,16,0.07207207207207207
16162,1,9,0.04054054054054054,0,-1,-1.0
16163,0,-1,-1.0,0,-1,-1.0
16164,0,-1,-1.0,0,-1,-1.0
16165,0,-1,-1.0,0,-1,-1.0
16166,1,222,1.0,1,209,0.9414414414414415
16167,1,202,0.9099099099099099,1,189,0.8513513513513513
16168,1,182,0.8198198198198198,1,169,0.7612612612612613
16169,1,162,0.7297297297297297,1,149,0.6711711711711712
16170,1,142,0.6396396396396397,1,129,0.581081081081081
16171,1,122,0.5495495495495496,1,109,0.49099099099099097
16172,1,102,0.4594594594594595,1,89,0.4009009009009009
16173,1,82,0.36936936936936937,1,69,0.3108108108108108
16174,1,62,0.27927927927927926,1,49,0.22072072072072071
16175,1,42,0.1891891891891892,1,29,0.13063063063063063
16176,1,22,0.0990990990990991,1,9,0.04054054054054054
16177,1,2,0.009009009009009009,1,199,0.8963963963963963
16178,1,40,0.18018018018018017,0,-1,-1.0
16179,1,20,0.09009009009009009,0,-1,-1.0
16180,1,0,0.0,0,-1,-1.0
16181,0,-1,-1.0,0,-1,-1.0
16182,0,-1,-1.0,0,-1,-1.0
16183,0,-1,-1.0,1,220,0.990990990990991
16184,1,221,0.9954954954954955,1,200,0.9009009009009009
16185,1,201,0.9054054054054054,1,180,0.8108108108108109
16186,1,181,0.8153153153153153,1,160,0.7207207207207207
16187,1,161,0.7252252252252253,1,140,0.6306306306306306
16188,1,141,0.6351351351351351,1,120,0.5405405405405406
16189,1,121,0.545045045045045,1,100,0.45045045045045046
16190,1,101,0.45495495495495497,1,80,0.36036036036036034
16191,1,81,0.36486486486486486,1,60,0.2702702702702703
16192,1,61,0.2747747747747748,1,40,0.18018018018018017
16193,1,41,0.18468468468468469,1,20,0.09009009009009009
16194,1,21,0.0945945945945946,1,0,0.0
16195,1,1,0.0045045045045045045,1,154,0.6936936936936937
16196,1,155,0.6981981981981982,1,134,0.6036036036036037
16197,1,135,0.6081081081081081,1,114,0.5135135135135135
16198,1,115,0.5180180180180181,1,94,0.42342342342342343
16199,1,95,0.42792792792792794,1,74,0.3333333333333333
16200,1,75,0.33783783783783783,1,54,0.24324324324324326
16201,1,55,0.24774774774774774,1,34,0.15315315315315314
16202,1,35,0.15765765765765766,1,14,0.06306306306306306
16203,1,15,0.06756756756756757,1,191,0.8603603603603603
16204,1,192,0.8648648648648649,1,171,0.7702702702702703
16205,1,172,0.7747747747747747,1,151,0.6801801801801802
16206,1,152,0.6846846846846847,1,131,0.5900900900900901
16207,1,132,0.5945945945945946,1,111,0.5
16208,1,112,0.5045045045045045,1,91,0.4099099099099099
16209,1,92,0.4144144144144144,1,71,0.31981981981981983
16210,1,72,0.32432432432432434,1,51,0.22972972972972974
16211,1,52,0.23423423423423423,1,31,0.13963963963963963
16212,1,32,0.14414414414414414,1,11,0.04954954954954955
16213,1,12,0.05405405405405406,0,-1,-1.0
16214,0,-1,-1.0,1,219,0.9864864864864865
16215,0,-1,-1.0,1,199,0.8963963963963963
16216,1,80,0.36036036036036034,0,-1,-1.0
16217,1,60,0.2702702702702703,0,-1,-1.0
16218,1,40,0.18018018018018017,1,221,0.9954954954954955
16219,1,20,0.09009009009009009,1,201,0.9054054054054054
16220,1,0,0.0,1,181,0.8153153153153153
16221,1,202,0.9099099099099099,1,161,0.7252252252252253
16222,1,182,0.8198198198198198,1,141,0.6351351351351351
16223,1,162,0.7297297297297297,1,121,0.545045045045045
16224,1,142,0.6396396396396397,1,101,0.45495495495495497
16225,1,122,0.5495495495495496,1,81,0.36486486486486486
16226,1,102,0.4594594594594595,1,61,0.2747747747747748
16227,1,82,0.36936936936936937,1,41,0.18468468468468469
16228,1,62,0.27927927927927926,1,21,0.0945945945945946
16229,1,42,0.1891891891891892,1,1,0.0045045045045045045
16230,1,22,0.0990990990990991,1,172,0.7747747747747747
16231,1,2,0.009009009009009009,1,152,0.6846846846846847
16232,1,173,0.7792792792792793,1,132,0.5945945945945946
16233,1,153,0.6891891891891891,1,112,0.5045045045045045
16234,1,133,0.5990990990990991,1,92,0.4144144144144144
16235,1,113,0.509009009009009,1,72,0.32432432432432434
16236,1,93,0.4189189189189189,1,52,0.23423423423423423
16237,1,73,0.32882882882882886,1,32,0.14414414414414414
16238,1,53,0.23873873873873874,1,12,0.05405405405405406
16239,1,33,0.14864864864864866,0,-1,-1.0
16240,1,13,0.05855855855855856,0,-1,-1.0
16241,0,-1,-1.0,0,-1,-1.0
16242,1,76,0.34234234234234234,0,-1,-1.0
16243,1,56,0.25225225225225223,0,-1,-1.0
16244,1,36,0.16216216216216217,0,-1,-1.0
16245,1,16,0.07207207207207207,1,205,0.9234234234234234
16246,0,-1,-1.0,1,185,0.8333333333333334
16247,1,204,0.918918918918919,1,165,0.7432432432432432
16248,1,184,0.8288288288288288,1,145,0.6531531531531531
16249,1,164,0.7387387387387387,1,125,0.5630630630630631
16250,1,144,0.6486486486486487,1,105,0.47297297297297297
16251,1,124,0.5585585585585585,1,85,0.38288288288288286
16252,1,104,0.46846846846846846,1,65,0.2927927927927928
16253,1,84,0.3783783783783784,1,45,0.20270270270270271
16254,1,64,0.2882882882882883,1,25,0.11261261261261261
16255,1,44,0.1981981981981982,1,5,0.02252252252252252
16256,1,24,0.10810810810810811,0,-1,-1.0
16257,1,4,0.018018018018018018,0,-1,-1.0
16258,0,-1,-1.0,1,214,0.963963963963964
16259,0,-1,-1.0,1,194,0.8738738738738738
16260,1,213,0.9594594594594594,1,174,0.7837837837837838
16261,1,193,0.8693693693693694,1,154,0.6936936936936937
16262,1,173,0.7792792792792793,1,134,0.6036036036036037
16263,1,153,0.6891891891891891,1,114,0.5135135135135135
16264,1,133,0.5990990990990991,1,94,0.42342342342342343
16265,1,113,0.509009009009009,1,74,0.3333333333333333
16266,1,93,0.4189189189189189,1,54,0.24324324324324326
16267,1,73,0.32882882882882886,1,34,0.15315315315315314
16268,1,53,0.23873873873873874,1,14,0.06306306306306306
16269,1,33,0.14864864864864866,0,-1,-1.0
16270,1,13,0.05855855855855856,0,-1,-1.0
16271,0,-1,-1.0,0,-1,-1.0
16272,0,-1,-1.0,1,203,0.9144144144144144
16273,1,74,0.3333333333333333,0,-1,-1.0
16274,1,54,0.24324324324324326,0,-1,-1.0
16275,1,34,0.15315315315315314,0,-1,-1.0
16276,1,14,0.06306306306306306,0,-1,-1.0
16277,0,-1,-1.0,0,-1,-1.0
16278,0,-1,-1.0,1,204,0.918918918918919
16279,1,222,1.0,1,184,0.8288288288288288
16280,1,202,0.9099099099099099,1,164,0.7387387387387387
16281,1,182,0.8198198198198198,1,144,0.6486486486486487
16282,1,162,0.7297297297297297,1,124,0.5585585585585585
16283,1,142,0.6396396396396397,1,104,0.46846846846846846
16284,1,122,0.5495495495495496,1,84,0.3783783783783784
16285,1,102,0.4594594594594595,1,64,0.2882882882882883
16286,1,82,0.36936936936936937,1,44,0.1981981981981982
16287,1,62,0.27927927927927926,1,24,0.10810810810810811
16288,1,42,0.1891891891891892,1,4,0.018018018018018018
16289,1,22,0.0990990990990991,1,173,0.7792792792792793
16290,1,2,0.009009009009009009,1,153,0.6891891891891891
16291,1,171,0.7702702702702703,1,133,0.5990990990990991
16292,1,151,0.6801801801801802,1,113,0.509009009009009
16293,1,131,0.5900900900900901,1,93,0.4189189189189189
16294,1,111,0.5,1,73,0.32882882882882886
16295,1,91,0.4099099099099099,1,53,0.23873873873873874
16296,1,71,0.31981981981981983,1,33,0.14864864864864866
16297,1,51,0.22972972972972974,1,13,0.05855855855855856
16298,1,31,0.13963963963963963,1,191,0.8603603603603603
16299,1,22,0.0990990990990991,1,196,0.8828828828828829
16300,1,2,0.009009009009009009,1,176,0.7927927927927928
16301,1,168,0.7567567567567568,1,156,0.7027027027027027
16302,1,148,0.6666666666666666,1,136,0.6126126126126126
16303,1,128,0.5765765765765766,1,116,0.5225225225225225
16304,1,108,0.4864864864864865,1,96,0.43243243243243246
16305,1,88,0.3963963963963964,1,76,0.34234234234234234
16306,1,68,0.3063063063063063,1,56,0.25225225225225223
16307,1,48,0.21621621621621623,1,36,0.16216216216216217
16308,1,28,0.12612612612612611,1,16,0.07207207207207207
16309,1,8,0.036036036036036036,0,-1,-1.0
16310,1,218,0.9819819819819819,1,206,0.9279279279279279
16311,1,198,0.8918918918918919,1,186,0.8378378378378378
16312,1,178,0.8018018018018018,1,166,0.7477477477477478
16313,1,158,0.7117117117117117,1,146,0.6576576576576577
16314,1,138,0.6216216216216216,1,126,0.5675675675675675
16315,1,118,0.5315315315315315,1,106,0.4774774774774775
16316,1,98,0.44144144144144143,1,86,0.38738738738738737
16317,1,78,0.35135135135135137,1,66,0.2972972972972973
16318,1,58,0.26126126126126126,1,46,0.2072072072072072
16319,1,38,0.17117117117117117,1,26,0.11711711711711711
16320,1,18,0.08108108108108109,1,6,0.02702702702702703
16321,0,-1,-1.0,0,-1,-1.0
16322,0,-1,-1.0,1,216,0.972972972972973
16323,1,208,0.9369369369369369,1,196,0.8828828828828829
16324,1,188,0.8468468468468469,1,176,0.7927927927927928
16325,1,168,0.7567567567567568,1,156,0.7027027027027027
16326,1,148,0.6666666666666666,1,136,0.6126126126126126
16327,1,128,0.5765765765765766,1,116,0.5225225225225225
16328,1,108,0.4864864864864865,1,96,0.43243243243243246
16329,1,88,0.3963963963963964,1,76,0.34234234234234234
16330,1,68,0.3063063063063063,1,56,0.25225225225225223
16331,1,22,0.0990990990990991,0,-1,-1.0
16332,1,2,0.009009009009009009,1,210,0.9459459459459459
16333,1,202,0.9099099099099099,1,190,0.8558558558558559
16334,1,182,0.8198198198198198,1,170,0.7657657657657657
16335,1,162,0.7297297297297297,1,150,0.6756756756756757
16336,1,142,0.6396396396396397,1,130,0.5855855855855856
16337,1,122,0.5495495495495496,1,110,0.4954954954954955
16338,1,102,0.4594594594594595,1,90,0.40540540540540543
16339,1,82,0.36936936936936937,1,70,0.3153153153153153
16340,1,62,0.27927927927927926,1,50,0.22522522522522523
16341,1,42,0.1891891891891892,1,30,0.13513513513513514
16342,1,22,0.0990990990990991,1,10,0.04504504504504504
16343,1,2,0.009009009009009009,1,211,0.9504504504504504
16344,1,203,0.9144144144144144,1,191,0.8603603603603603
16345,1,183,0.8243243243243243,1,171,0.7702702702702703
16346,1,163,0.7342342342342343,1,151,0.6801801801801802
16347,1,143,0.6441441441441441,1,131,0.5900900900900901
16348,1,123,0.5540540540540541,1,111,0.5
16349,1,103,0.46396396396396394,1,91,0.4099099099099099
16350,1,83,0.3738738738738739,1,71,0.31981981981981983
16351,1,63,0.28378378378378377,1,51,0.22972972972972974
16352,1,43,0.19369369369369369,1,31,0.13963963963963963
16353,1,23,0.1036036036036036,1,11,0.04954954954954955
16354,1,3,0.013513513513513514,0,-1,-1.0
16355,1,44,0.1981981981981982,1,205,0.9234234234234234
16356,1,24,0.10810810810810811,1,185,0.8333333333333334
16357,1,4,0.018018018018018018,1,165,0.7432432432432432
16358,1,168,0.7567567567567568,1,145,0.6531531531531531
16359,1,148,0.6666666666666666,1,125,0.5630630630630631
16360,1,128,0.5765765765765766,1,105,0.47297297297297297
16361,1,108,0.4864864864864865,1,85,0.38288288288288286
16362,1,88,0.3963963963963964,1,65,0.2927927927927928
16363,1,68,0.3063063063063063,1,45,0.20270270270270271
16364,1,48,0.21621621621621623,1,25,0.11261261261261261
16365,1,28,0.12612612612612611,1,5,0.02252252252252252
16366,1,8,0.036036036036036036,0,-1,-1.0
16367,0,-1,-1.0,0,-1,-1.0
16368,0,-1,-1.0,0,-1,-1.0
16369,0,-1,-1.0,1,203,0.9144144144144144
16370,1,206,0.9279279279279279,1,183,0.8243243243243243
16371,1,186,0.8378378378378378,1,163,0.7342342342342343
16372,1,166,0.7477477477477478,1,143,0.6441441441441441
16373,1,146,0.6576576576576577,1,123,0.5540540540540541
16374,1,126,0.5675675675675675,1,103,0.46396396396396394
16375,1,106,0.4774774774774775,1,83,0.3738738738738739
16376,1,86,0.38738738738738737,1,63,0.28378378378378377
16377,1,66,0.2972972972972973,1,43,0.19369369369369369
16378,1,46,0.2072072072072072,1,23,0.1036036036036036
16379,1,26,0.11711711711711711,1,3,0.013513513513513514
16380,1,6,0.02702702702702703,0,-1,-1.0
16381,0,-1,-1.0,1,216,0.972972972972973
16382,1,74,0.3333333333333333,0,-1,-1.0
16383,1,54,0.24324324324324326,0,-1,-1.0
16384,1,34,0.15315315315315314,0,-1,-1.0
16385,1,14,0.06306306306306306,0,-1,-1.0
16386,0,-1,-1.0,0,-1,-1.0
16387,0,-1,-1.0,0,-1,-1.0
16388,0,-1,-1.0,1,208,0.9369369369369369
16389,0,-1,-1.0,1,188,0.8468468468468469
16390,1,206,0.9279279279279279,1,168,0.7567567567567568
16391,1,186,0.8378378378378378,1,148,0.6666666666666666
16392,1,166,0.7477477477477478,1,128,0.5765765765765766
16393,1,146,0.6576576576576577,1,108,0.4864864864864865
16394,1,126,0.5675675675675675,1,88,0.3963963963963964
16395,1,106,0.4774774774774775,1,68,0.3063063063063063
16396,1,86,0.38738738738738737,1,48,0.21621621621621623
16397,1,66,0.2972972972972973,1,28,0.12612612612612611
16398,1,46,0.2072072072072072,1,8,0.036036036036036036
16399,1,26,0.11711711711711711,0,-1,-1.0
16400,1,6,0.02702702702702703,0,-1,-1.0
16401,0,-1,-1.0,0,-1,-1.0
16402,0,-1,-1.0,0,-1,-1.0
16403,0,-1,-1.0,0,-1,-1.0
16404,0,-1,-1.0,1,215,0.9684684684684685
16405,0,-1,-1.0,1,195,0.8783783783783784
16406,1,213,0.9594594594594594,1,175,0.7882882882882883
16407,1,193,0.8693693693693694,1,155,0.6981981981981982
16408,1,173,0.7792792792792793,1,135,0.6081081081081081
16409,1,153,0.6891891891891891,1,115,0.5180180180180181
16410,1,133,0.5990990990990991,1,95,0.42792792792792794
16411,1,113,0.509009009009009,1,75,0.33783783783783783
16412,1,93,0.4189189189189189,1,55,0.24774774774774774
16413,1,73,0.32882882882882886,1,35,0.15765765765765766
16414,1,53,0.23873873873873874,1,15,0.06756756756756757
16415,1,33,0.14864864864864866,0,-1,-1.0
16416,1,13,0.05855855855855856,0,-1,-1.0
16417,0,-1,-1.0,1,216,0.972972972972973
16418,0,-1,-1.0,1,196,0.8828828828828829
16419,1,214,0.963963963963964,1,176,0.7927927927927928
16420,1,194,0.8738738738738738,1,156,0.7027027027027027
16421,1,174,0.7837837837837838,1,136,0.6126126126126126
16422,1,154,0.6936936936936937,1,116,0.5225225225225225
16423,1,134,0.6036036036036037,1,96,0.43243243243243246
16424,1,114,0.5135135135135135,1,76,0.34234234234234234
16425,1,94,0.42342342342342343,1,56,0.25225225225225223
16426,1,74,0.3333333333333333,1,36,0.16216216216216217
16427,1,54,0.24324324324324326,1,16,0.07207207207207207
16428,1,34,0.15315315315315314,0,-1,-1.0
16429,1,14,0.06306306306306306,0,-1,-1.0
16430,0,-1,-1.0,1,216,0.972972972972973
16431,0,-1,-1.0,1,196,0.8828828828828829
16432,1,74,0.3333333333333333,0,-1,-1.0
16433,1,54,0.24324324324324326,0,-1,-1.0
16434,1,34,0.15315315315315314,0,-1,-1.0
16435,1,14,0.06306306306306306,0,-1,-1.0
16436,0,-1,-1.0,1,217,0.9774774774774775
16437,0,-1,-1.0,1,197,0.8873873873873874
16438,1,215,0.9684684684684685,1,177,0.7972972972972973
16439,1,195,0.8783783783783784,1,157,0.7072072072072072
16440,1,175,0.7882882882882883,1,137,0.6171171171171171
16441,1,155,0.6981981981981982,1,117,0.527027027027027
16442,1,135,0.6081081081081081,1,97,0.4369369369369369
16443,1,115,0.5180180180180181,1,77,0.34684684684684686
16444,1,95,0.42792792792792794,1,57,0.25675675675675674
16445,1,75,0.33783783783783783,1,37,0.16666666666666666
16446,1,55,0.24774774774774774,1,17,0.07657657657657657
16447,1,35,0.15765765765765766,0,-1,-1.0
16448,1,15,0.06756756756756757,1,208,0.9369369369369369
16449,0,-1,-1.0,1,188,0.8468468468468469
16450,1,206,0.9279279279279279,1,168,0.7567567567567568
16451,1,186,0.8378378378378378,1,148,0.6666666666666666
16452,1,166,0.7477477477477478,1,128,0.5765765765765766
16453,1,146,0.6576576576576577,1,108,0.4864864864864865
16454,1,126,0.5675675675675675,1,88,0.3963963963963964
16455,1,106,0.4774774774774775,1,68,0.3063063063063063
16456,1,86,0.38738738738738737,1,48,0.21621621621621623
16457,1,66,0.2972972972972973,1,28,0.12612612612612611
16458,1,46,0.2072072072072072,1,8,0.036036036036036036
16459,1,26,0.11711711711711711,0,-1,-1.0
16460,1,6,0.02702702702702703,1,210,0.9459459459459459
16461,0,-1,-1.0,1,190,0.8558558558558559
16462,1,46,0.2072072072072072,0,-1,-1.0
16463,1,26,0.11711711711711711,1,214,0.963963963963964
16464,1,6,0.02702702702702703,1,194,0.8738738738738738
16465,1,198,0.8918918918918919,1,174,0.7837837837837838
16466,1,178,0.8018018018018018,1,154,0.6936936936936937
16467,1,158,0.7117117117117117,1,134,0.6036036036036037
16468,1,138,0.6216216216216216,1,114,0.5135135135135135
16469,1,118,0.5315315315315315,1,94,0.42342342342342343
16470,1,98,0.44144144144144143,1,74,0.3333333333333333
16471,1,78,0.35135135135135137,1,54,0.24324324324324326
16472,1,58,0.26126126126126126,1,34,0.15315315315315314
16473,1,38,0.17117117117117117,1,14,0.06306306306306306
16474,1,18,0.08108108108108109,1,186,0.8378378378378378
16475,1,190,0.8558558558558559,1,166,0.7477477477477478
16476,1,170,0.7657657657657657,1,146,0.6576576576576577
16477,1,150,0.6756756756756757,1,126,0.5675675675675675
16478,1,130,0.5855855855855856,1,106,0.4774774774774775
16479,1,110,0.4954954954954955,1,86,0.38738738738738737
16480,1,90,0.40540540540540543,1,66,0.2972972972972973
16481,1,70,0.3153153153153153,1,46,0.2072072072072072
16482,1,50,0.22522522522522523,1,26,0.11711711711711711
16483,1,30,0.13513513513513514,1,6,0.02702702702702703
16484,1,10,0.04504504504504504,1,205,0.9234234234234234
16485,1,209,0.9414414414414415,1,185,0.8333333333333334
16486,1,189,0.8513513513513513,1,165,0.7432432432432432
16487,1,169,0.7612612612612613,1,145,0.6531531531531531
16488,1,149,0.6711711711711712,1,125,0.5630630630630631
16489,1,129,0.581081081081081,1,105,0.47297297297297297
16490,1,109,0.49099099099099097,1,85,0.38288288288288286
16491,1,89,0.4009009009009009,1,65,0.2927927927927928
16492,1,69,0.3108108108108108,1,45,0.20270270270270271
16493,1,49,0.22072072072072071,1,25,0.11261261261261261
16494,1,29,0.13063063063063063,1,5,0.02252252252252252
16495,1,9,0.04054054054054054,0,-1,-1.0
16496,0,-1,-1.0,0,-1,-1.0
16497,0,-1,-1.0,1,211,0.9504504504504504
16498,1,62,0.27927927927927926,0,-1,-1.0
16499,1,42,0.1891891891891892,1,210,0.9459459459459459
16500,1,22,0.0990990990990991,1,190,0.8558558558558559
16501,1,2,0.009009009009009009,1,170,0.7657657657657657
16502,1,182,0.8198198198198198,1,150,0.6756756756756757
16503,1,162,0.7297297297297297,1,130,0.5855855855855856
16504,1,142,0.6396396396396397,1,110,0.4954954954954955
16505,1,122,0.5495495495495496,1,90,0.40540540540540543
16506,1,102,0.4594594594594595,1,70,0.3153153153153153
16507,1,82,0.36936936936936937,1,50,0.22522522522522523
16508,1,62,0.27927927927927926,1,30,0.13513513513513514
16509,1,42,0.1891891891891892,1,10,0.04504504504504504
16510,1,22,0.0990990990990991,1,215,0.9684684684684685
16511,1,2,0.009009009009009009,1,195,0.8783783783783784
16512,1,207,0.9324324324324325,1,175,0.7882882882882883
16513,1,187,0.8423423423423423,1,155,0.6981981981981982
16514,1,167,0.7522522522522522,1,135,0.6081081081081081
16515,1,147,0.6621621621621622,1,115,0.5180180180180181
16516,1,127,0.5720720720720721,1,95,0.42792792792792794
16517,1,107,0.481981981981982,1,75,0.33783783783783783
16518,1,87,0.3918918918918919,1,55,0.24774774774774774
16519,1,67,0.30180180180180183,1,35,0.15765765765765766
16520,1,47,0.21171171171171171,1,15,0.06756756756756757
16521,1,27,0.12162162162162163,0,-1,-1.0
16522,1,7,0.03153153153153153,1,214,0.963963963963964
16523,1,22,0.0990990990990991,0,-1,-1.0
16524,1,2,0.009009009009009009,0,-1,-1.0
16525,0,-1,-1.0,0,-1,-1.0
16526,1,216,0.972972972972973,1,204,0.918918918918919
16527,1,196,0.8828828828828829,1,184,0.8288288288288288
16528,1,176,0.7927927927927928,1,164,0.7387387387387387
16529,1,156,0.7027027027027027,1,144,0.6486486486486487
16530,1,136,0.6126126126126126,1,124,0.5585585585585585
16531,1,116,0.5225225225225225,1,104,0.46846846846846846
16532,1,96,0.43243243243243246,1,84,0.3783783783783784
16533,1,76,0.34234234234234234,1,64,0.2882882882882883
16534,1,56,0.25225225225225223,1,44,0.1981981981981982
16535,1,36,0.16216216216216217,1,24,0.10810810810810811
16536,1,16,0.07207207207207207,1,4,0.018018018018018018
16537,1,143,0.6441441441441441,1,131,0.5900900900900901
16538,1,123,0.5540540540540541,1,111,0.5
16539,1,103,0.46396396396396394,1,91,0.4099099099099099
16540,1,83,0.3738738738738739,1,71,0.31981981981981983
16541,1,63,0.28378378378378377,1,51,0.22972972972972974
16542,1,43,0.19369369369369369,1,31,0.13963963963963963
16543,1,23,0.1036036036036036,1,11,0.04954954954954955
16544,1,3,0.013513513513513514,0,-1,-1.0
16545,0,-1,-1.0,1,216,0.972972972972973
16546,1,24,0.10810810810810811,0,-1,-1.0
16547,1,4,0.018018018018018018,0,-1,-1.0
16548,0,-1,-1.0,1,215,0.9684684684684685
16549,1,208,0.9369369369369369,1,195,0.8783783783783784
16550,1,188,0.8468468468468469,1,175,0.7882882882882883
16551,1,168,0.7567567567567568,1,155,0.6981981981981982
16552,1,148,0.6666666666666666,1,135,0.6081081081081081
16553,1,128,0.5765765765765766,1,115,0.5180180180180181
16554,1,108,0.4864864864864865,1,95,0.42792792792792794
16555,1,88,0.3963963963963964,1,75,0.33783783783783783
16556,1,68,0.3063063063063063,1,55,0.24774774774774774
16557,1,48,0.21621621621621623,1,35,0.15765765765765766
16558,1,28,0.12612612612612611,1,15,0.06756756756756757
16559,1,8,0.036036036036036036,0,-1,-1.0
16560,0,-1,-1.0,0,-1,-1.0
16561,0,-1,-1.0,1,216,0.972972972972973
16562,1,209,0.9414414414414415,1,196,0.8828828828828829
16563,1,189,0.8513513513513513,1,176,0.7927927927927928
16564,1,169,0.7612612612612613,1,156,0.7027027027027027
16565,1,149,0.6711711711711712,1,136,0.6126126126126126
16566,1,129,0.581081081081081,1,116,0.5225225225225225
16567,1,109,0.49099099099099097,1,96,0.43243243243243246
16568,1,89,0.4009009009009009,1,76,0.34234234234234234
16569,1,69,0.3108108108108108,1,56,0.25225225225225223
16570,1,49,0.22072072072072071,1,36,0.16216216216216217
16571,1,29,0.13063063063063063,1,16,0.07207207207207207
16572,1,9,0.04054054054054054,1,185,0.8333333333333334
16573,1,70,0.3153153153153153,0,-1,-1.0
16574,1,50,0.22522522522522523,0,-1,-1.0
16575,1,30,0.13513513513513514,0,-1,-1.0
16576,1,10,0.04504504504504504,0,-1,-1.0
16577,0,-1,-1.0,0,-1,-1.0
16578,0,-1,-1.0,1,217,0.9774774774774775
16579,0,-1,-1.0,1,197,0.8873873873873874
16580,1,213,0.9594594594594594,1,177,0.7972972972972973
16581,1,193,0.8693693693693694,1,157,0.7072072072072072
16582,1,173,0.7792792792792793,1,137,0.6171171171171171
16583,1,153,0.6891891891891891,1,117,0.527027027027027
16584,1,133,0.5990990990990991,1,97,0.4369369369369369
16585,1,113,0.509009009009009,1,77,0.34684684684684686
16586,1,93,0.4189189189189189,1,57,0.25675675675675674
16587,1,73,0.32882882882882886,1,37,0.16666666666666666
16588,1,53,0.23873873873873874,1,17,0.07657657657657657
16589,1,33,0.14864864864864866,1,222,1.0
16590,1,13,0.05855855855855856,1,202,0.9099099099099099
16591,1,218,0.9819819819819819,1,182,0.8198198198198198
16592,1,198,0.8918918918918919,1,162,0.7297297297297297
16593,1,178,0.8018018018018018,1,142,0.6396396396396397
16594,1,158,0.7117117117117117,1,122,0.5495495495495496
16595,1,138,0.6216216216216216,1,102,0.4594594594594595
16596,1,118,0.5315315315315315,1,82,0.36936936936936937
16597,1,98,0.44144144144144143,1,62,0.27927927927927926
16598,1,78,0.35135135135135137,1,42,0.1891891891891892
16599,1,58,0.26126126126126126,1,22,0.0990990990990991
16600,1,38,0.17117117117117117,1,2,0.009009009009009009
16601,1,18,0.08108108108108109,1,216,0.972972972972973
16602,1,48,0.21621621621621623,1,222,1.0
16603,1,28,0.12612612612612611,1,202,0.9099099099099099
16604,1,8,0.036036036036036036,1,182,0.8198198198198198
16605,1,187,0.8423423423423423,1,162,0.7297297297297297
16606,1,167,0.7522522522522522,1,142,0.6396396396396397
16607,1,147,0.6621621621621622,1,122,0.5495495495495496
16608,1,127,0.5720720720720721,1,102,0.4594594594594595
16609,1,107,0.481981981981982,1,82,0.36936936936936937
16610,1,87,0.3918918918918919,1,62,0.27927927927927926
16611,1,67,0.30180180180180183,1,42,0.1891891891891892
16612,1,47,0.21171171171171171,1,22,0.0990990990990991
16613,1,27,0.12162162162162163,1,2,0.009009009009009009
16614,1,7,0.03153153153153153,0,-1,-1.0
16615,0,-1,-1.0,1,217,0.9774774774774775
16616,1,222,1.0,1,197,0.8873873873873874
16617,1,202,0.9099099099099099,1,177,0.7972972972972973
16618,1,182,0.8198198198198198,1,157,0.7072072072072072
16619,1,162,0.7297297297297297,1,137,0.6171171171171171
16620,1,142,0.6396396396396397,1,117,0.527027027027027
16621,1,122,0.5495495495495496,1,97,0.4369369369369369
16622,1,102,0.4594594594594595,1,77,0.34684684684684686
16623,1,82,0.36936936936936937,1,57,0.25675675675675674
16624,1,62,0.27927927927927926,1,37,0.16666666666666666
16625,1,28,0.12612612612612611,0,-1,-1.0
16626,1,8,0.036036036036036036,0,-1,-1.0
16627,0,-1,-1.0,1,222,1.0
16628,1,217,0.9774774774774775,1,202,0.9099099099099099
16629,1,197,0.8873873873873874,1,182,0.8198198198198198
16630,1,177,0.7972972972972973,1,162,0.7297297297297297
16631,1,157,0.7072072072072072,1,142,0.6396396396396397
16632,1,137,0.6171171171171171,1,122,0.5495495495495496
16633,1,117,0.527027027027027,1,102,0.4594594594594595
16634,1,97,0.4369369369369369,1,82,0.36936936936936937
16635,1,77,0.34684684684684686,1,62,0.27927927927927926
16636,1,57,0.25675675675675674,1,42,0.1891891891891892
16637,1,37,0.16666666666666666,1,22,0.0990990990990991
16638,1,17,0.07657657657657657,1,2,0.009009009009009009
16639,1,193,0.8693693693693694,1,178,0.8018018018018018
16640,1,173,0.7792792792792793,1,158,0.7117117117117117
16641,1,153,0.6891891891891891,1,138,0.6216216216216216
16642,1,133,0.5990990990990991,1,118,0.5315315315315315
16643,1,113,0.509009009009009,1,98,0.44144144144144143
16644,1,93,0.4189189189189189,1,78,0.35135135135135137
16645,1,73,0.32882882882882886,1,58,0.26126126126126126
16646,1,53,0.23873873873873874,1,38,0.17117117117117117
16647,1,33,0.14864864864864866,1,18,0.08108108108108109
16648,1,13,0.05855855855855856,1,185,0.8333333333333334
16649,1,180,0.8108108108108109,1,165,0.7432432432432432
16650,1,160,0.7207207207207207,1,145,0.6531531531531531
16651,1,140,0.6306306306306306,1,125,0.5630630630630631
16652,1,120,0.5405405405405406,1,105,0.47297297297297297
16653,1,100,0.45045045045045046,1,85,0.38288288288288286
16654,1,80,0.36036036036036034,1,65,0.2927927927927928
16655,1,60,0.2702702702702703,1,45,0.20270270270270271
16656,1,40,0.18018018018018017,1,25,0.11261261261261261
16657,1,20,0.09009009009009009,1,5,0.02252252252252252
16658,1,0,0.0,0,-1,-1.0
16659,0,-1,-1.0,0,-1,-1.0
16660,0,-1,-1.0,1,213,0.9594594594594594
16661,1,70,0.3153153153153153,0,-1,-1.0
16662,1,50,0.22522522522522523,0,-1,-1.0
16663,1,30,0.13513513513513514,0,-1,-1.0
16664,1,10,0.04504504504504504,0,-1,-1.0
16665,0,-1,-1.0,1,208,0.9369369369369369
16666,0,-1,-1.0,1,188,0.8468468468468469
16667,1,204,0.918918918918919,1,168,0.7567567567567568
16668,1,184,0.8288288288288288,1,148,0.6666666666666666
16669,1,164,0.7387387387387387,1,128,0.5765765765765766
16670,1,144,0.6486486486486487,1,108,0.4864864864864865
16671,1,124,0.5585585585585585,1,88,0.3963963963963964
16672,1,104,0.46846846846846846,1,68,0.3063063063063063
16673,1,84,0.3783783783783784,1,48,0.21621621621621623
16674,1,64,0.2882882882882883,1,28,0.12612612612612611
16675,1,44,0.1981981981981982,1,8,0.036036036036036036
16676,1,24,0.10810810810810811,1,221,0.9954954954954955
16677,1,4,0.018018018018018018,1,201,0.9054054054054054
16678,1,217,0.9774774774774775,1,181,0.8153153153153153
16679,1,197,0.8873873873873874,1,161,0.7252252252252253
16680,1,177,0.7972972972972973,1,141,0.6351351351351351
16681,1,157,0.7072072072072072,1,121,0.545045045045045
16682,1,137,0.6171171171171171,1,101,0.45495495495495497
16683,1,117,0.527027027027027,1,81,0.36486486486486486
16684,1,97,0.4369369369369369,1,61,0.2747747747747748
16685,1,77,0.34684684684684686,1,41,0.18468468468468469
16686,1,57,0.25675675675675674,1,21,0.0945945945945946
16687,1,37,0.16666666666666666,1,1,0.0045045045045045045
16688,1,17,0.07657657657657657,1,193,0.8693693693693694
16689,1,209,0.9414414414414415,1,173,0.7792792792792793
16690,1,189,0.8513513513513513,1,153,0.6891891891891891
16691,1,169,0.7612612612612613,1,133,0.5990990990990991
16692,1,149,0.6711711711711712,1,113,0.509009009009009
16693,1,129,0.581081081081081,1,93,0.4189189189189189
16694,1,109,0.49099099099099097,1,73,0.32882882882882886
16695,1,89,0.4009009009009009,1,53,0.23873873873873874
16696,1,69,0.3108108108108108,1,33,0.14864864864864866
16697,1,49,0.22072072072072071,1,13,0.05855855855855856
16698,1,29,0.13063063063063063,0,-1,-1.0
16699,1,9,0.04054054054054054,0,-1,-1.0
16700,1,64,0.2882882882882883,0,-1,-1.0
16701,1,44,0.1981981981981982,1,204,0.918918918918919
16702,1,24,0.10810810810810811,1,184,0.8288288288288288
16703,1,4,0.018018018018018018,1,164,0.7387387387387387
16704,1,177,0.7972972972972973,1,144,0.6486486486486487
16705,1,157,0.7072072072072072,1,124,0.5585585585585585
16706,1,137,0.6171171171171171,1,104,0.46846846846846846
16707,1,117,0.527027027027027,1,84,0.3783783783783784
16708,1,97,0.4369369369369369,1,64,0.2882882882882883
16709,1,77,0.34684684684684686,1,44,0.1981981981981982
16710,1,57,0.25675675675675674,1,24,0.10810810810810811
16711,1,37,0.16666666666666666,1,4,0.018018018018018018
16712,1,17,0.07657657657657657,0,-1,-1.0
16713,0,-1,-1.0,0,-1,-1.0
16714,0,-1,-1.0,0,-1,-1.0
16715,0,-1,-1.0,0,-1,-1.0
16716,0,-1,-1.0,0,-1,-1.0
16717,0,-1,-1.0,1,213,0.9594594594594594
16718,0,-1,-1.0,1,193,0.8693693693693694
16719,1,206,0.9279279279279279,1,173,0.7792792792792793
16720,1,186,0.8378378378378378,1,153,0.6891891891891891
16721,1,166,0.7477477477477478,1,133,0.5990990990990991
16722,1,146,0.6576576576576577,1,113,0.509009009009009
16723,1,126,0.5675675675675675,1,93,0.4189189189189189
16724,1,106,0.4774774774774775,1,73,0.32882882882882886
16725,1,86,0.38738738738738737,1,53,0.23873873873873874
16726,1,66,0.2972972972972973,1,33,0.14864864864864866
16727,1,46,0.2072072072072072,1,13,0.05855855855855856
16728,1,26,0.11711711711711711,0,-1,-1.0
16729,1,6,0.02702702702702703,0,-1,-1.0
16730,0,-1,-1.0,1,213,0.9594594594594594
16731,0,-1,-1.0,1,193,0.8693693693693694
16732,1,206,0.9279279279279279,1,173,0.7792792792792793
16733,1,186,0.8378378378378378,1,153,0.6891891891891891
16734,1,166,0.7477477477477478,1,133,0.5990990990990991
16735,1,146,0.6576576576576577,1,113,0.509009009009009
16736,1,126,0.5675675675675675,1,93,0.4189189189189189
16737,1,106,0.4774774774774775,1,73,0.32882882882882886
16738,1,86,0.38738738738738737,1,53,0.23873873873873874
16739,1,66,0.2972972972972973,1,33,0.14864864864864866
16740,1,46,0.2072072072072072,1,13,0.05855855855855856
16741,1,26,0.11711711711711711,0,-1,-1.0
16742,1,6,0.02702702702702703,0,-1,-1.0
16743,0,-1,-1.0,0,-1,-1.0
16744,0,-1,-1.0,0,-1,-1.0
16745,0,-1,-1.0,0,-1,-1.0
16746,0,-1,-1.0,1,217,0.9774774774774775
16747,0,-1,-1.0,1,197,0.8873873873873874
16748,1,74,0.3333333333333333,1,220,0.990990990990991
16749,1,54,0.24324324324324326,1,200,0.9009009009009009
16750,1,34,0.15315315315315314,1,180,0.8108108108108109
16751,1,14,0.06306306306306306,1,160,0.7207207207207207
16752,1,178,0.8018018018018018,1,140,0.6306306306306306
16753,1,158,0.7117117117117117,1,120,0.5405405405405406
16754,1,138,0.6216216216216216,1,100,0.45045045045045046
16755,1,118,0.5315315315315315,1,80,0.36036036036036034
16756,1,98,0.44144144144144143,1,60,0.2702702702702703
16757,1,78,0.35135135135135137,1,40,0.18018018018018017
16758,1,58,0.26126126126126126,1,20,0.09009009009009009
16759,1,38,0.17117117117117117,1,0,0.0
16760,1,18,0.08108108108108109,1,200,0.9009009009009009
16761,1,218,0.9819819819819819,1,180,0.8108108108108109
16762,1,198,0.8918918918918919,1,160,0.7207207207207207
16763,1,178,0.8018018018018018,1,140,0.6306306306306306
16764,1,158,0.7117117117117117,1,120,0.5405405405405406
16765,1,138,0.6216216216216216,1,100,0.45045045045045046
16766,1,118,0.5315315315315315,1,80,0.36036036036036034
16767,1,98,0.44144144144144143,1,60,0.2702702702702703
16768,1,78,0.35135135135135137,1,40,0.18018018018018017
16769,1,58,0.26126126126126126,1,20,0.09009009009009009
16770,1,38,0.17117117117117117,1,0,0.0
16771,1,18,0.08108108108108109,1,198,0.8918918918918919
16772,1,82,0.36936936936936937,0,-1,-1.0
16773,1,62,0.27927927927927926,0,-1,-1.0
16774,1,42,0.1891891891891892,0,-1,-1.0
16775,1,22,0.0990990990990991,0,-1,-1.0
16776,1,2,0.009009009009009009,1,210,0.9459459459459459
16777,0,-1,-1.0,1,190,0.8558558558558559
16778,1,212,0.954954954954955,1,170,0.7657657657657657
16779,1,192,0.8648648648648649,1,150,0.6756756756756757
16780,1,172,0.7747747747747747,1,130,0.5855855855855856
16781,1,152,0.6846846846846847,1,110,0.4954954954954955
16782,1,132,0.5945945945945946,1,90,0.40540540540540543
16783,1,112,0.5045045045045045,1,70,0.3153153153153153
16784,1,92,0.4144144144144144,1,50,0.22522522522522523
16785,1,72,0.32432432432432434,1,30,0.13513513513513514
16786,1,52,0.23423423423423423,1,10,0.04504504504504504
16787,1,32,0.14414414414414414,1,222,1.0
16788,1,12,0.05405405405405406,1,202,0.9099099099099099
16789,0,-1,-1.0,1,182,0.8198198198198198
16790,1,204,0.918918918918919,1,162,0.7297297297297297
16791,1,184,0.8288288288288288,1,142,0.6396396396396397
16792,1,164,0.7387387387387387,1,122,0.5495495495495496
16793,1,144,0.6486486486486487,1,102,0.4594594594594595
16794,1,124,0.5585585585585585,1,82,0.36936936936936937
16795,1,104,0.46846846846846846,1,62,0.27927927927927926
16796,1,84,0.3783783783783784,1,42,0.1891891891891892
16797,1,64,0.2882882882882883,1,22,0.0990990990990991
16798,1,44,0.1981981981981982,1,2,0.009009009009009009
16799,1,24,0.10810810810810811,0,-1,-1.0
16800,1,4,0.018018018018018018,0,-1,-1.0
16801,0,-1,-1.0,1,215,0.9684684684684685
16802,1,26,0.11711711711711711,0,-1,-1.0
16803,1,6,0.02702702702702703,0,-1,-1.0
16804,0,-1,-1.0,0,-1,-1.0
16805,0,-1,-1.0,0,-1,-1.0
16806,0,-1,-1.0,0,-1,-1.0
16807,1,221,0.9954954954954955,1,207,0.9324324324324325
16808,1,201,0.9054054054054054,1,187,0.8423423423423423
16809,1,181,0.8153153153153153,1,167,0.7522522522522522
16810,1,161,0.7252252252252253,1,147,0.6621621621621622
16811,1,141,0.6351351351351351,1,127,0.5720720720720721
16812,1,121,0.545045045045045,1,107,0.481981981981982
16813,1,101,0.45495495495495497,1,87,0.3918918918918919
16814,1,81,0.36486486486486486,1,67,0.30180180180180183
16815,1,61,0.2747747747747748,1,47,0.21171171171171171
16816,1,41,0.18468468468468469,1,27,0.12162162162162163
16817,1,21,0.0945945945945946,1,7,0.03153153153153153
16818,1,1,0.0045045045045045045,0,-1,-1.0
16819,1,220,0.990990990990991,1,206,0.9279279279279279
16820,1,200,0.9009009009009009,1,186,0.8378378378378378
16821,1,180,0.8108108108108109,1,166,0.7477477477477478
16822,1,160,0.7207207207207207,1,146,0.6576576576576577
16823,1,140,0.6306306306306306,1,126,0.5675675675675675
16824,1,120,0.5405405405405406,1,106,0.4774774774774775
16825,1,100,0.45045045045045046,1,86,0.38738738738738737
16826,1,80,0.36036036036036034,1,66,0.2972972972972973
16827,1,60,0.2702702702702703,1,46,0.2072072072072072
16828,1,40,0.18018018018018017,1,26,0.11711711711711711
16829,1,20,0.09009009009009009,1,6,0.02702702702702703
16830,1,74,0.3333333333333333,0,-1,-1.0
16831,1,54,0.24324324324324326,0,-1,-1.0
16832,1,34,0.15315315315315314,0,-1,-1.0
16833,1,14,0.06306306306306306,0,-1,-1.0
16834,0,-1,-1.0,0,-1,-1.0
16835,0,-1,-1.0,1,204,0.918918918918919
16836,1,222,1.0,1,184,0.8288288288288288
16837,1,202,0.9099099099099099,1,164,0.7387387387387387
16838,1,182,0.8198198198198198,1,144,0.6486486486486487
16839,1,162,0.7297297297297297,1,124,0.5585585585585585
16840,1,142,0.6396396396396397,1,104,0.46846846846846846
16841,1,122,0.5495495495495496,1,84,0.3783783783783784
16842,1,102,0.4594594594594595,1,64,0.2882882882882883
16843,1,82,0.36936936936936937,1,44,0.1981981981981982
16844,1,62,0.27927927927927926,1,24,0.10810810810810811
16845,1,42,0.1891891891891892,1,4,0.018018018018018018
16846,1,22,0.0990990990990991,0,-1,-1.0
16847,1,2,0.009009009009009009,0,-1,-1.0
16848,0,-1,-1.0,0,-1,-1.0
16849,0,-1,-1.0,0,-1,-1.0
16850,0,-1,-1.0,1,217,0.9774774774774775
16851,0,-1,-1.0,1,197,0.8873873873873874
16852,1,215,0.9684684684684685,1,177,0.7972972972972973
16853,1,195,0.8783783783783784,1,157,0.7072072072072072
16854,1,175,0.7882882882882883,1,137,0.6171171171171171
16855,1,155,0.6981981981981982,1,117,0.527027027027027
16856,1,135,0.6081081081081081,1,97,0.4369369369369369
16857,1,115,0.5180180180180181,1,77,0.34684684684684686
16858,1,95,0.42792792792792794,1,57,0.25675675675675674
16859,1,75,0.33783783783783783,1,37,0.16666666666666666
16860,1,55,0.24774774774774774,1,17,0.07657657657657657
16861,1,35,0.15765765765765766,0,-1,-1.0
16862,1,15,0.06756756756756757,1,205,0.9234234234234234
16863,0,-1,-1.0,1,185,0.8333333333333334
16864,1,203,0.9144144144144144,1,165,0.7432432432432432
16865,1,183,0.8243243243243243,1,145,0.6531531531531531
16866,1,163,0.7342342342342343,1,125,0.5630630630630631
16867,1,143,0.6441441441441441,1,105,0.47297297297297297
16868,1,123,0.5540540540540541,1,85,0.38288288288288286
16869,1,103,0.46396396396396394,1,65,0.2927927927927928
16870,1,83,0.3738738738738739,1,45,0.20270270270270271
16871,1,26,0.11711711711711711,1,181,0.8153153153153153
16872,1,6,0.02702702702702703,1,161,0.7252252252252253
16873,1,155,0.6981981981981982,1,141,0.6351351351351351
16874,1,135,0.6081081081081081,1,121,0.545045045045045
16875,1,115,0.5180180180180181,1,101,0.45495495495495497
16876,1,95,0.42792792792792794,1,81,0.36486486486486486
16877,1,75,0.33783783783783783,1,61,0.2747747747747748
16878,1,55,0.24774774774774774,1,41,0.18468468468468469
16879,1,35,0.15765765765765766,1,21,0.0945945945945946
16880,1,15,0.06756756756756757,1,1,0.0045045045045045045
16881,0,-1,-1.0,1,221,0.9954954954954955
16882,1,215,0.9684684684684685,1,201,0.9054054054054054
16883,1,195,0.8783783783783784,1,181,0.8153153153153153
16884,1,175,0.7882882882882883,1,161,0.7252252252252253
16885,1,155,0.6981981981981982,1,141,0.6351351351351351
16886,1,135,0.6081081081081081,1,121,0.545045045045045
16887,1,115,0.5180180180180181,1,101,0.45495495495495497
16888,1,95,0.42792792792792794,1,81,0.36486486486486486
16889,1,75,0.33783783783783783,1,61,0.2747747747747748
16890,1,55,0.24774774774774774,1,41,0.18468468468468469
16891,1,84,0.3783783783783784,0,-1,-1.0
16892,1,64,0.2882882882882883,1,204,0.918918918918919
16893,1,44,0.1981981981981982,1,184,0.8288288288288288
16894,1,24,0.10810810810810811,1,164,0.7387387387387387
16895,1,4,0.018018018018018018,1,144,0.6486486486486487
16896,1,167,0.7522522522522522,1,124,0.5585585585585585
16897,1,147,0.6621621621621622,1,104,0.46846846846846846
16898,1,127,0.5720720720720721,1,84,0.3783783783783784
16899,1,107,0.481981981981982,1,64,0.2882882882882883
16900,1,87,0.3918918918918919,1,44,0.1981981981981982
16901,1,67,0.30180180180180183,1,24,0.10810810810810811
16902,1,47,0.21171171171171171,1,4,0.018018018018018018
16903,1,27,0.12162162162162163,0,-1,-1.0
16904,1,7,0.03153153153153153,0,-1,-1.0
16905,0,-1,-1.0,0,-1,-1.0
16906,0,-1,-1.0,0,-1,-1.0
16907,0,-1,-1.0,0,-1,-1.0
16908,0,-1,-1.0,1,207,0.9324324324324325
16909,0,-1,-1.0,1,187,0.8423423423423423
16910,1,210,0.9459459459459459,1,167,0.7522522522522522
16911,1,190,0.8558558558558559,1,147,0.6621621621621622
16912,1,170,0.7657657657657657,1,127,0.5720720720720721
16913,1,150,0.6756756756756757,1,107,0.481981981981982
16914,1,130,0.5855855855855856,1,87,0.3918918918918919
16915,1,110,0.4954954954954955,1,67,0.30180180180180183
16916,1,90,0.40540540540540543,1,47,0.21171171171171171
16917,1,70,0.3153153153153153,1,27,0.12162162162162163
16918,1,50,0.22522522522522523,1,7,0.03153153153153153
16919,1,30,0.13513513513513514,1,200,0.9009009009009009
16920,1,68,0.3063063063063063,0,-1,-1.0
16921,1,48,0.21621621621621623,0,-1,-1.0
16922,1,28,0.12612612612612611,0,-1,-1.0
16923,1,8,0.036036036036036036,0,-1,-1.0
16924,0,-1,-1.0,1,211,0.9504504504504504
16925,0,-1,-1.0,1,191,0.8603603603603603
16926,1,206,0.9279279279279279,1,171,0.7702702702702703
16927,1,186,0.8378378378378378,1,151,0.6801801801801802
16928,1,166,0.7477477477477478,1,131,0.5900900900900901
16929,1,146,0.6576576576576577,1,111,0.5
16930,1,126,0.5675675675675675,1,91,0.4099099099099099
16931,1,106,0.4774774774774775,1,71,0.31981981981981983
16932,1,86,0.38738738738738737,1,51,0.22972972972972974
16933,1,66,0.2972972972972973,1,31,0.13963963963963963
16934,1,46,0.2072072072072072,1,11,0.04954954954954955
16935,1,26,0.11711711711711711,0,-1,-1.0
16936,1,6,0.02702702702702703,0,-1,-1.0
16937,0,-1,-1.0,0,-1,-1.0
16938,0,-1,-1.0,0,-1,-1.0
16939,0,-1,-1.0,0,-1,-1.0
16940,0,-1,-1.0,1,206,0.9279279279279279
16941,1,221,0.9954954954954955,1,186,0.8378378378378378
16942,1,201,0.9054054054054054,1,166,0.7477477477477478
16943,1,181,0.8153153153153153,1,146,0.6576576576576577
16944,1,161,0.7252252252252253,1,126,0.5675675675675675
16945,1,141,0.6351351351351351,1,106,0.4774774774774775
16946,1,121,0.545045045045045,1,86,0.38738738738738737
16947,1,101,0.45495495495495497,1,66,0.2972972972972973
16948,1,81,0.36486486486486486,1,46,0.2072072072072072
16949,1,61,0.2747747747747748,1,26,0.11711711711711711
16950,1,41,0.18468468468468469,1,6,0.02702702702702703
16951,1,21,0.0945945945945946,0,-1,-1.0
16952,1,1,0.0045045045045045045,0,-1,-1.0
16953,0,-1,-1.0,0,-1,-1.0
16954,0,-1,-1.0,0,-1,-1.0
16955,0,-1,-1.0,0,-1,-1.0
16956,0,-1,-1.0,1,205,0.9234234234234234
16957,1,80,0.36036036036036034,0,-1,-1.0
16958,1,60,0.2702702702702703,0,-1,-1.0
16959,1,40,0.18018018018018017,0,-1,-1.0
16960,1,20,0.09009009009009009,0,-1,-1.0
16961,1,0,0.0,0,-1,-1.0
16962,0,-1,-1.0,0,-1,-1.0
16963,0,-1,-1.0,1,211,0.9504504504504504
16964,0,-1,-1.0,1,191,0.8603603603603603
16965,1,212,0.954954954954955,1,171,0.7702702702702703
16966,1,192,0.8648648648648649,1,151,0.6801801801801802
16967,1,172,0.7747747747747747,1,131,0.5900900900900901
16968,1,152,0.6846846846846847,1,111,0.5
16969,1,132,0.5945945945945946,1,91,0.4099099099099099
16970,1,112,0.5045045045045045,1,71,0.31981981981981983
16971,1,92,0.4144144144144144,1,51,0.22972972972972974
16972,1,72,0.32432432432432434,1,31,0.13963963963963963
16973,1,52,0.23423423423423423,1,11,0.04954954954954955
16974,1,32,0.14414414414414414,0,-1,-1.0
16975,1,12,0.05405405405405406,0,-1,-1.0
16976,0,-1,-1.0,0,-1,-1.0
16977,0,-1,-1.0,0,-1,-1.0
16978,0,-1,-1.0,1,216,0.972972972972973
16979,0,-1,-1.0,1,196,0.8828828828828829
16980,1,217,0.9774774774774775,1,176,0.7927927927927928
16981,1,197,0.8873873873873874,1,156,0.7027027027027027
16982,1,177,0.7972972972972973,1,136,0.6126126126126126
16983,1,157,0.7072072072072072,1,116,0.5225225225225225
16984,1,137,0.6171171171171171,1,96,0.43243243243243246
16985,1,117,0.527027027027027,1,76,0.34234234234234234
16986,1,97,0.4369369369369369,1,56,0.25225225225225223
16987,1,77,0.34684684684684686,1,36,0.16216216216216217
16988,1,57,0.25675675675675674,1,16,0.07207207207207207
16989,1,37,0.16666666666666666,0,-1,-1.0
16990,1,17,0.07657657657657657,0,-1,-1.0
16991,0,-1,-1.0,0,-1,-1.0
16992,0,-1,-1.0,0,-1,-1.0
16993,0,-1,-1.0,0,-1,-1.0
16994,0,-1,-1.0,0,-1,-1.0
16995,0,-1,-1.0,1,208,0.9369369369369369
16996,0,-1,-1.0,1,188,0.8468468468468469
16997,1,209,0.9414414414414415,1,168,0.7567567567567568
16998,1,189,0.8513513513513513,1,148,0.6666666666666666
16999,1,169,0.7612612612612613,1,128,0.5765765765765766
17000,1,149,0.6711711711711712,1,108,0.4864864864864865
17001,1,129,0.581081081081081,1,88,0.3963963963963964
17002,1,109,0.49099099099099097,1,68,0.3063063063063063
17003,1,89,0.4009009009009009,1,48,0.21621621621621623
17004,1,69,0.3108108108108108,1,28,0.12612612612612611
17005,1,49,0.22072072072072071,1,8,0.036036036036036036
17006,1,29,0.13063063063063063,0,-1,-1.0
17007,1,24,0.10810810810810811,0,-1,-1.0
17008,1,4,0.018018018018018018,1,216,0.972972972972973
17009,1,209,0.9414414414414415,1,196,0.8828828828828829
17010,1,189,0.8513513513513513,1,176,0.7927927927927928
17011,1,169,0.7612612612612613,1,156,0.7027027027027027
17012,1,149,0.6711711711711712,1,136,0.6126126126126126
17013,1,129,0.581081081081081,1,116,0.5225225225225225
17014,1,109,0.49099099099099097,1,96,0.43243243243243246
17015,1,89,0.4009009009009009,1,76,0.34234234234234234
17016,1,69,0.3108108108108108,1,56,0.25225225225225223
17017,1,49,0.22072072072072071,1,36,0.16216216216216217
17018,1,29,0.13063063063063063,1,16,0.07207207207207207
17019,1,9,0.04054054054054054,1,207,0.9324324324324325
17020,1,200,0.9009009009009009,1,187,0.8423423423423423
17021,1,180,0.8108108108108109,1,167,0.7522522522522522
17022,1,160,0.7207207207207207,1,147,0.6621621621621622
17023,1,140,0.6306306306306306,1,127,0.5720720720720721
17024,1,120,0.5405405405405406,1,107,0.481981981981982
17025,1,100,0.45045045045045046,1,87,0.3918918918918919
17026,1,80,0.36036036036036034,1,67,0.30180180180180183
17027,1,60,0.2702702702702703,1,47,0.21171171171171171
17028,1,40,0.18018018018018017,1,27,0.12162162162162163
17029,1,20,0.09009009009009009,1,7,0.03153153153153153
17030,1,0,0.0,0,-1,-1.0
17031,0,-1,-1.0,0,-1,-1.0
17032,0,-1,-1.0,0,-1,-1.0
17033,0,-1,-1.0,1,215,0.9684684684684685
17034,0,-1,-1.0,1,195,0.8783783783783784
17035,1,68,0.3063063063063063,0,-1,-1.0
17036,1,48,0.21621621621621623,0,-1,-1.0
17037,1,28,0.12612612612612611,0,-1,-1.0
17038,1,8,0.036036036036036036,0,-1,-1.0
17039,0,-1,-1.0,0,-1,-1.0
17040,0,-1,-1.0,1,221,0.9954954954954955
17041,0,-1,-1.0,1,201,0.9054054054054054
17042,1,216,0.972972972972973,1,181,0.8153153153153153
17043,1,196,0.8828828828828829,1,161,0.7252252252252253
17044,1,176,0.7927927927927928,1,141,0.6351351351351351
17045,1,156,0.7027027027027027,1,121,0.545045045045045
17046,1,136,0.6126126126126126,1,101,0.45495495495495497
17047,1,116,0.5225225225225225,1,81,0.36486486486486486
17048,1,96,0.43243243243243246,1,61,0.2747747747747748
17049,1,76,0.34234234234234234,1,41,0.18468468468468469
17050,1,56,0.25225225225225223,1,21,0.0945945945945946
17051,1,36,0.16216216216216217,1,1,0.0045045045045045045
17052,1,16,0.07207207207207207,1,220,0.990990990990991
17053,0,-1,-1.0,1,200,0.9009009009009009
17054,1,215,0.9684684684684685,1,180,0.8108108108108109
17055,1,195,0.8783783783783784,1,160,0.7207207207207207
17056,1,175,0.7882882882882883,1,140,0.6306306306306306
17057,1,155,0.6981981981981982,1,120,0.5405405405405406
17058,1,135,0.6081081081081081,1,100,0.45045045045045046
17059,1,115,0.5180180180180181,1,80,0.36036036036036034
17060,1,95,0.42792792792792794,1,60,0.2702702702702703
17061,1,75,0.33783783783783783,1,40,0.18018018018018017
17062,1,55,0.24774774774774774,1,20,0.09009009009009009
17063,1,35,0.15765765765765766,1,0,0.0
17064,1,15,0.06756756756756757,1,195,0.8783783783783784
17065,1,210,0.9459459459459459,1,175,0.7882882882882883
17066,1,190,0.8558558558558559,1,155,0.6981981981981982
17067,1,170,0.7657657657657657,1,135,0.6081081081081081
17068,1,150,0.6756756756756757,1,115,0.5180180180180181
17069,1,130,0.5855855855855856,1,95,0.42792792792792794
17070,1,110,0.4954954954954955,1,75,0.33783783783783783
17071,1,90,0.40540540540540543,1,55,0.24774774774774774
17072,1,70,0.3153153153153153,1,35,0.15765765765765766
17073,1,50,0.22522522522522523,1,15,0.06756756756756757
17074,1,30,0.13513513513513514,0,-1,-1.0
17075,1,10,0.04504504504504504,1,215,0.9684684684684685
17076,1,66,0.2972972972972973,0,-1,-1.0
17077,1,46,0.2072072072072072,0,-1,-1.0
17078,1,26,0.11711711711711711,1,208,0.9369369369369369
17079,1,6,0.02702702702702703,1,188,0.8468468468468469
17080,1,202,0.9099099099099099,1,168,0.7567567567567568
17081,1,182,0.8198198198198198,1,148,0.6666666666666666
17082,1,162,0.7297297297297297,1,128,0.5765765765765766
17083,1,142,0.6396396396396397,1,108,0.4864864864864865
17084,1,122,0.5495495495495496,1,88,0.3963963963963964
17085,1,102,0.4594594594594595,1,68,0.3063063063063063
17086,1,82,0.36936936936936937,1,48,0.21621621621621623
17087,1,62,0.27927927927927926,1,28,0.12612612612612611
17088,1,42,0.1891891891891892,1,8,0.036036036036036036
17089,1,22,0.0990990990990991,1,184,0.8288288288288288
17090,1,2,0.009009009009009009,1,164,0.7387387387387387
17091,1,178,0.8018018018018018,1,144,0.6486486486486487
17092,1,158,0.7117117117117117,1,124,0.5585585585585585
17093,1,138,0.6216216216216216,1,104,0.46846846846846846
17094,1,118,0.5315315315315315,1,84,0.3783783783783784
17095,1,98,0.44144144144144143,1,64,0.2882882882882883
17096,1,78,0.35135135135135137,1,44,0.1981981981981982
17097,1,58,0.26126126126126126,1,24,0.10810810810810811
17098,1,38,0.17117117117117117,1,4,0.018018018018018018
17099,1,52,0.23423423423423423,0,-1,-1.0
17100,1,32,0.14414414414414414,0,-1,-1.0
17101,1,12,0.05405405405405406,0,-1,-1.0
17102,0,-1,-1.0,0,-1,-1.0
17103,0,-1,-1.0,0,-1,-1.0
17104,0,-1,-1.0,1,210,0.9459459459459459
17105,1,217,0.9774774774774775,1,190,0.8558558558558559
17106,1,197,0.8873873873873874,1,170,0.7657657657657657
17107,1,177,0.7972972972972973,1,150,0.6756756756756757
17108,1,157,0.7072072072072072,1,130,0.5855855855855856
17109,1,137,0.6171171171171171,1,110,0.4954954954954955
17110,1,117,0.527027027027027,1,90,0.40540540540540543
17111,1,97,0.4369369369369369,1,70,0.3153153153153153
17112,1,77,0.34684684684684686,1,50,0.22522522522522523
17113,1,57,0.25675675675675674,1,30,0.13513513513513514
17114,1,37,0.16666666666666666,1,10,0.04504504504504504
17115,1,17,0.07657657657657657,0,-1,-1.0
17116,0,-1,-1.0,0,-1,-1.0
17117,0,-1,-1.0,1,220,0.990990990990991
17118,0,-1,-1.0,1,200,0.9009009009009009
17119,1,207,0.9324324324324325,1,180,0.8108108108108109
17120,1,187,0.8423423423423423,1,160,0.7207207207207207
17121,1,167,0.7522522522522522,1,140,0.6306306306306306
17122,1,147,0.6621621621621622,1,120,0.5405405405405406
17123,1,127,0.5720720720720721,1,100,0.45045045045045046
17124,1,107,0.481981981981982,1,80,0.36036036036036034
17125,1,87,0.3918918918918919,1,60,0.2702702702702703
17126,1,67,0.30180180180180183,1,40,0.18018018018018017
17127,1,47,0.21171171171171171,1,20,0.09009009009009009
17128,1,50,0.22522522522522523,0,-1,-1.0
17129,1,30,0.13513513513513514,0,-1,-1.0
17130,1,10,0.04504504504504504,0,-1,-1.0
17131,0,-1,-1.0,1,219,0.9864864864864865
17132,0,-1,-1.0,1,199,0.8963963963963963
17133,1,205,0.9234234234234234,1,179,0.8063063063063063
17134,1,185,0.8333333333333334,1,159,0.7162162162162162
17135,1,165,0.7432432432432432,1,139,0.6261261261261262
17136,1,145,0.6531531531531531,1,119,0.536036036036036
17137,1,125,0.5630630630630631,1,99,0.44594594594594594
17138,1,105,0.47297297297297297,1,79,0.35585585585585583
17139,1,85,0.38288288288288286,1,59,0.26576576576576577
17140,1,65,0.2927927927927928,1,39,0.17567567567567569
17141,1,45,0.20270270270270271,1,19,0.08558558558558559
17142,1,25,0.11261261261261261,1,191,0.8603603603603603
17143,1,5,0.02252252252252252,1,171,0.7702702702702703
17144,1,177,0.7972972972972973,1,151,0.6801801801801802
17145,1,157,0.7072072072072072,1,131,0.5900900900900901
17146,1,137,0.6171171171171171,1,111,0.5
17147,1,117,0.527027027027027,1,91,0.4099099099099099
17148,1,97,0.4369369369369369,1,71,0.31981981981981983
17149,1,77,0.34684684684684686,1,51,0.22972972972972974
17150,1,57,0.25675675675675674,1,31,0.13963963963963963
17151,1,37,0.16666666666666666,1,11,0.04954954954954955
17152,1,17,0.07657657657657657,0,-1,-1.0
17153,0,-1,-1.0,0,-1,-1.0
17154,0,-1,-1.0,0,-1,-1.0
17155,0,-1,-1.0,0,-1,-1.0
17156,0,-1,-1.0,0,-1,-1.0
17157,1,48,0.21621621621621623,0,-1,-1.0
17158,1,28,0.12612612612612611,0,-1,-1.0
17159,1,8,0.036036036036036036,1,217,0.9774774774774775
17160,1,222,1.0,1,197,0.8873873873873874
17161,1,202,0.9099099099099099,1,177,0.7972972972972973
17162,1,182,0.8198198198198198,1,157,0.7072072072072072
17163,1,162,0.7297297297297297,1,137,0.6171171171171171
17164,1,142,0.6396396396396397,1,117,0.527027027027027
17165,1,122,0.5495495495495496,1,97,0.4369369369369369
17166,1,102,0.4594594594594595,1,77,0.34684684684684686
17167,1,82,0.36936936936936937,1,57,0.25675675675675674
17168,1,62,0.27927927927927926,1,37,0.16666666666666666
17169,1,42,0.1891891891891892,1,17,0.07657657657657657
17170,1,22,0.0990990990990991,1,202,0.9099099099099099
17171,1,2,0.009009009009009009,1,182,0.8198198198198198
17172,1,187,0.8423423423423423,1,162,0.7297297297297297
17173,1,167,0.7522522522522522,1,142,0.6396396396396397
17174,1,147,0.6621621621621622,1,122,0.5495495495495496
17175,1,127,0.5720720720720721,1,102,0.4594594594594595
17176,1,107,0.481981981981982,1,82,0.36936936936936937
17177,1,87,0.3918918918918919,1,62,0.27927927927927926
17178,1,67,0.30180180180180183,1,42,0.1891891891891892
17179,1,47,0.21171171171171171,1,22,0.0990990990990991
17180,1,27,0.12162162162162163,1,2,0.009009009009009009
17181,1,7,0.03153153153153153,1,166,0.7477477477477478
17182,1,171,0.7702702702702703,1,146,0.6576576576576577
17183,1,151,0.6801801801801802,1,126,0.5675675675675675
17184,1,131,0.5900900900900901,1,106,0.4774774774774775
17185,1,111,0.5,1,86,0.38738738738738737
17186,1,91,0.4099099099099099,1,66,0.2972972972972973
17187,1,71,0.31981981981981983,1,46,0.2072072072072072
17188,1,51,0.22972972972972974,1,26,0.11711711711711711
17189,1,31,0.13963963963963963,1,6,0.02702702702702703
17190,1,44,0.1981981981981982,0,-1,-1.0
17191,1,24,0.10810810810810811,1,219,0.9864864864864865
17192,1,4,0.018018018018018018,1,199,0.8963963963963963
17193,1,202,0.9099099099099099,1,179,0.8063063063063063
17194,1,182,0.8198198198198198,1,159,0.7162162162162162
17195,1,162,0.7297297297297297,1,139,0.6261261261261262
17196,1,142,0.6396396396396397,1,119,0.536036036036036
17197,1,122,0.5495495495495496,1,99,0.44594594594594594
17198,1,102,0.4594594594594595,1,79,0.35585585585585583
17199,1,82,0.36936936936936937,1,59,0.26576576576576577
17200,1,62,0.27927927927927926,1,39,0.17567567567567569
17201,1,42,0.1891891891891892,1,19,0.08558558558558559
17202,1,22,0.0990990990990991,0,-1,-1.0
17203,1,2,0.009009009009009009,0,-1,-1.0
17204,0,-1,-1.0,0,-1,-1.0
17205,0,-1,-1.0,0,-1,-1.0
17206,0,-1,-1.0,1,207,0.9324324324324325
17207,1,210,0.9459459459459459,1,187,0.8423423423423423
17208,1,190,0.8558558558558559,1,167,0.7522522522522522
17209,1,170,0.7657657657657657,1,147,0.6621621621621622
17210,1,150,0.6756756756756757,1,127,0.5720720720720721
17211,1,130,0.5855855855855856,1,107,0.481981981981982
17212,1,110,0.4954954954954955,1,87,0.3918918918918919
17213,1,90,0.40540540540540543,1,67,0.30180180180180183
17214,1,70,0.3153153153153153,1,47,0.21171171171171171
17215,1,50,0.22522522522522523,1,27,0.12162162162162163
17216,1,30,0.13513513513513514,1,7,0.03153153153153153
17217,1,10,0.04504504504504504,1,161,0.7252252252252253
17218,1,164,0.7387387387387387,1,141,0.6351351351351351
17219,1,144,0.6486486486486487,1,121,0.545045045045045
17220,1,124,0.5585585585585585,1,101,0.45495495495495497
17221,1,104,0.46846846846846846,1,81,0.36486486486486486
17222,1,84,0.3783783783783784,1,61,0.2747747747747748
17223,1,64,0.2882882882882883,1,41,0.18468468468468469
17224,1,44,0.1981981981981982,1,21,0.0945945945945946
17225,1,24,0.10810810810810811,1,1,0.0045045045045045045
17226,1,4,0.018018018018018018,0,-1,-1.0
17227,0,-1,-1.0,0,-1,-1.0
17228,0,-1,-1.0,0,-1,-1.0
17229,0,-1,-1.0,1,213,0.9594594594594594
17230,1,22,0.0990990990990991,1,202,0.9099099099099099
17231,1,2,0.009009009009009009,1,182,0.8198198198198198
17232,1,174,0.7837837837837838,1,162,0.7297297297297297
17233,1,154,0.6936936936936937,1,142,0.6396396396396397
17234,1,134,0.6036036036036037,1,122,0.5495495495495496
17235,1,114,0.5135135135135135,1,102,0.4594594594594595
17236,1,94,0.42342342342342343,1,82,0.36936936936936937
17237,1,74,0.3333333333333333,1,62,0.27927927927927926
17238,1,54,0.24324324324324326,1,42,0.1891891891891892
17239,1,34,0.15315315315315314,1,22,0.0990990990990991
17240,1,14,0.06306306306306306,1,2,0.009009009009009009
17241,0,-1,-1.0,0,-1,-1.0
17242,0,-1,-1.0,0,-1,-1.0
17243,0,-1,-1.0,0,-1,-1.0
17244,1,215,0.9684684684684685,1,203,0.9144144144144144
17245,1,195,0.8783783783783784,1,183,0.8243243243243243
17246,1,175,0.7882882882882883,1,163,0.7342342342342343
17247,1,155,0.6981981981981982,1,143,0.6441441441441441
17248,1,135,0.6081081081081081,1,123,0.5540540540540541
17249,1,115,0.5180180180180181,1,103,0.46396396396396394
17250,1,95,0.42792792792792794,1,83,0.3738738738738739
17251,1,75,0.33783783783783783,1,63,0.28378378378378377
17252,1,55,0.24774774774774774,1,43,0.19369369369369369
17253,1,35,0.15765765765765766,1,23,0.1036036036036036
17254,1,15,0.06756756756756757,1,3,0.013513513513513514
17255,0,-1,-1.0,0,-1,-1.0
17256,0,-1,-1.0,0,-1,-1.0
17257,0,-1,-1.0,0,-1,-1.0
17258,0,-1,-1.0,0,-1,-1.0
17259,0,-1,-1.0,0,-1,-1.0
17260,0,-1,-1.0,1,207,0.9324324324324325
17261,0,-1,-1.0,1,187,0.8423423423423423
17262,1,22,0.0990990990990991,0,-1,-1.0
17263,1,2,0.009009009009009009,0,-1,-1.0
17264,0,-1,-1.0,0,-1,-1.0
17265,1,219,0.9864864864864865,1,207,0.9324324324324325
17266,1,199,0.8963963963963963,1,187,0.8423423423423423
17267,1,179,0.8063063063063063,1,167,0.7522522522522522
17268,1,159,0.7162162162162162,1,147,0.6621621621621622
17269,1,139,0.6261261261261262,1,127,0.5720720720720721
17270,1,119,0.536036036036036,1,107,0.481981981981982
17271,1,99,0.44594594594594594,1,87,0.3918918918918919
17272,1,79,0.35585585585585583,1,67,0.30180180180180183
17273,1,59,0.26576576576576577,1,47,0.21171171171171171
17274,1,39,0.17567567567567569,1,27,0.12162162162162163
17275,1,19,0.08558558558558559,1,7,0.03153153153153153
17276,1,210,0.9459459459459459,1,198,0.8918918918918919
17277,1,190,0.8558558558558559,1,178,0.8018018018018018
17278,1,170,0.7657657657657657,1,158,0.7117117117117117
17279,1,150,0.6756756756756757,1,138,0.6216216216216216
17280,1,130,0.5855855855855856,1,118,0.5315315315315315
17281,1,110,0.4954954954954955,1,98,0.44144144144144143
17282,1,90,0.40540540540540543,1,78,0.35135135135135137
17283,1,70,0.3153153153153153,1,58,0.26126126126126126
17284,1,50,0.22522522522522523,1,38,0.17117117117117117
17285,1,30,0.13513513513513514,1,18,0.08108108108108109
17286,1,10,0.04504504504504504,1,214,0.963963963963964
17287,1,70,0.3153153153153153,0,-1,-1.0
17288,1,50,0.22522522522522523,0,-1,-1.0
17289,1,30,0.13513513513513514,1,204,0.918918918918919
17290,1,10,0.04504504504504504,1,184,0.8288288288288288
17291,1,200,0.9009009009009009,1,164,0.7387387387387387
17292,1,180,0.8108108108108109,1,144,0.6486486486486487
17293,1,160,0.7207207207207207,1,124,0.5585585585585585
17294,1,140,0.6306306306306306,1,104,0.46846846846846846
17295,1,120,0.5405405405405406,1,84,0.3783783783783784
17296,1,100,0.45045045045045046,1,64,0.2882882882882883
17297,1,80,0.36036036036036034,1,44,0.1981981981981982
17298,1,60,0.2702702702702703,1,24,0.10810810810810811
17299,1,40,0.18018018018018017,1,4,0.018018018018018018
17300,1,20,0.09009009009009009,0,-1,-1.0
17301,1,0,0.0,0,-1,-1.0
17302,0,-1,-1.0,0,-1,-1.0
17303,0,-1,-1.0,1,216,0.972972972972973
17304,0,-1,-1.0,1,196,0.8828828828828829
17305,1,212,0.954954954954955,1,176,0.7927927927927928
17306,1,192,0.8648648648648649,1,156,0.7027027027027027
17307,1,172,0.7747747747747747,1,136,0.6126126126126126
17308,1,152,0.6846846846846847,1,116,0.5225225225225225
17309,1,132,0.5945945945945946,1,96,0.43243243243243246
17310,1,112,0.5045045045045045,1,76,0.34234234234234234
17311,1,92,0.4144144144144144,1,56,0.25225225225225223
17312,1,72,0.32432432432432434,1,36,0.16216216216216217
17313,1,52,0.23423423423423423,1,16,0.07207207207207207
17314,1,32,0.14414414414414414,1,183,0.8243243243243243
17315,1,12,0.05405405405405406,1,163,0.7342342342342343
17316,1,179,0.8063063063063063,1,143,0.6441441441441441
17317,1,159,0.7162162162162162,1,123,0.5540540540540541
17318,1,139,0.6261261261261262,1,103,0.46396396396396394
17319,1,119,0.536036036036036,1,83,0.3738738738738739
17320,1,99,0.44594594594594594,1,63,0.28378378378378377
17321,1,79,0.35585585585585583,1,43,0.19369369369369369
17322,1,59,0.26576576576576577,1,23,0.1036036036036036
17323,1,39,0.17567567567567569,1,3,0.013513513513513514
17324,1,19,0.08558558558558559,0,-1,-1.0
17325,0,-1,-1.0,0,-1,-1.0
17326,0,-1,-1.0,0,-1,-1.0
17327,0,-1,-1.0,1,213,0.9594594594594594
17328,0,-1,-1.0,1,193,0.8693693693693694
